ID Donatur,recency,frequency,monetary,last_date,last_nominal,program,cara_bayar,monetary_log,cluster,churn,segmen,prob_churn,prediksi
DAD-00001,1460,2,200000.0,2022-01-01,100000.0,Becare Food,Transfer,12.206077645517674,2,0,Tidak Churn,2.7357921e-06,0
DAD-00002,1279,6,600000.0,2022-07-01,100000.0,Becare Food,Transfer,13.304686600863562,2,0,Tidak Churn,1.1742188e-06,0
DAD-00003,1460,2,100000.0,2022-01-01,50000.0,Becare Food,Transfer,11.51293546492023,2,0,Tidak Churn,6.2826784e-06,0
DAD-00004,1279,16,1800000.0,2022-07-01,200000.0,Becare Food,Transfer,14.403297778421795,2,0,Tidak Churn,2.0745604e-06,0
DAD-00005,1309,11,500000.0,2022-06-01,100000.0,Becare Food,Transfer,13.122365377402328,2,0,Tidak Churn,1.1497352e-06,0
DAD-00006,1460,2,40000.0,2022-01-01,20000.0,Becare Food,Transfer,10.596659732783579,2,0,Tidak Churn,0.00051167863,0
DAD-00007,1460,2,200000.0,2022-01-01,100000.0,Becare Food,Transfer,12.206077645517674,2,0,Tidak Churn,2.7357921e-06,0
DAD-00008,1370,6,124000.0,2022-04-01,20000.0,Becare Food,Transfer,11.728044909070785,2,0,Tidak Churn,3.5984158e-06,0
DAD-00009,1279,20,720000.0,2022-07-01,40000.0,Becare Food,Transfer,13.487007879880162,2,0,Tidak Churn,1.4230081e-06,0
DAD-00010,1279,6,500000.0,2022-07-01,50000.0,Becare Food,Transfer,13.122365377402328,2,0,Tidak Churn,1.2235693e-06,0
DAD-00011,1370,4,300000.0,2022-04-01,100000.0,Becare Food,Transfer,12.611541086966115,2,0,Tidak Churn,1.6987844e-06,0
DAD-00012,1401,4,160084.0,2022-03-01,50000.0,Becare Food,Transfer,11.98346020315264,2,0,Tidak Churn,2.0426837e-06,0
DAD-00013,453,14,887834.0,2024-10-04,50000.0,Becare Food,Transfer,13.696541193898529,1,1,Berpotensi Churn,0.9998172,1
DAD-00014,1460,2,40000.0,2022-01-01,20000.0,Becare Food,Transfer,10.596659732783579,2,0,Tidak Churn,0.00051167863,0
DAD-00015,124,46,3110350.0,2025-08-29,50000.0,Pulihkan Duka Negeri Palestina,Transfer,14.950246139523344,0,0,Tidak Churn,0.00036074527,0
DAD-00016,1279,10,510000.0,2022-07-01,70000.0,Becare Food,Transfer,13.1421679654829,2,0,Tidak Churn,1.1033627e-06,0
DAD-00017,1460,2,100000.0,2022-01-01,50000.0,Wakaf Qur'an,Transfer,11.51293546492023,2,0,Tidak Churn,6.2826784e-06,0
DAD-00018,1460,2,200000.0,2022-01-01,100000.0,Wakaf Qur'an,Transfer,12.206077645517674,2,0,Tidak Churn,2.7357921e-06,0
DAD-00019,306,13,1000000.0,2025-02-28,150000.0,Wakaf Qur'an,Transfer,13.815511557963774,1,1,Berpotensi Churn,0.9999442,1
DAD-00020,1460,2,100000.0,2022-01-01,50000.0,Wakaf Qur'an,Transfer,11.51293546492023,2,0,Tidak Churn,6.2826784e-06,0
DAD-00021,1279,4,320000.0,2022-07-01,60000.0,Becare Food,Transfer,12.676079399771027,2,0,Tidak Churn,1.6987844e-06,0
DAD-00023,1460,2,200000.0,2022-01-01,100000.0,Wakaf Qur'an,Transfer,12.206077645517674,2,0,Tidak Churn,2.7357921e-06,0
DAD-00024,1370,2,500000.0,2022-04-01,250000.0,Wakaf Qur'an,Transfer,13.122365377402328,2,0,Tidak Churn,1.8350465e-06,0
DAD-00025,563,3,500000.0,2024-06-16,100000.0,Wakaf Qur'an,Transfer,13.122365377402328,1,1,Berpotensi Churn,0.9999831,1
DAD-00026,1460,2,100000.0,2022-01-01,50000.0,Wakaf Qur'an,Transfer,11.51293546492023,2,0,Tidak Churn,6.2826784e-06,0
DAD-00027,1460,2,200000.0,2022-01-01,100000.0,Wakaf Qur'an,Transfer,12.206077645517674,2,0,Tidak Churn,2.7357921e-06,0
DAD-00028,1460,2,100000.0,2022-01-01,50000.0,Wakaf Qur'an,Transfer,11.51293546492023,2,0,Tidak Churn,6.2826784e-06,0
DAD-00029,1401,6,1000000.0,2022-03-01,200000.0,Becare Food,Transfer,13.815511557963774,2,0,Tidak Churn,1.9828908e-06,0
DAD-00030,1279,4,80000.0,2022-07-01,20000.0,Becare Food,Transfer,11.289794413577894,2,0,Tidak Churn,5.3908343e-06,0
DAD-00031,870,3,800000.0,2023-08-14,200000.0,Becare Food,Transfer,13.592368256649284,2,0,Tidak Churn,1.9225529e-06,0
DAD-00032,1429,2,80000.0,2022-02-01,40000.0,Becare Food,Transfer,11.289794413577894,2,0,Tidak Churn,7.2823996e-06,0
DAD-00033,1429,2,200000.0,2022-02-01,100000.0,Becare Food,Transfer,12.206077645517674,2,0,Tidak Churn,2.7357921e-06,0
DAD-00034,1429,2,200000.0,2022-02-01,100000.0,Becare Food,Transfer,12.206077645517674,2,0,Tidak Churn,2.7357921e-06,0
DAD-00035,1279,6,600000.0,2022-07-01,100000.0,Becare Food,Transfer,13.304686600863562,2,0,Tidak Churn,1.1742188e-06,0
DAD-00036,1279,4,300000.0,2022-07-01,50000.0,Becare Food,Transfer,12.611541086966115,2,0,Tidak Churn,1.6987844e-06,0
DAD-00037,1370,4,200000.0,2022-04-01,50000.0,Becare Food,Transfer,12.206077645517674,2,0,Tidak Churn,2.025184e-06,0
DAD-00038,26,34,2220000.0,2025-12-05,100000.0,Becare Food,Transfer,14.613018204298811,0,0,Tidak Churn,0.00045144922,0
DAD-00039,1370,4,520000.0,2022-04-01,100000.0,Becare Food,Transfer,13.161586013632684,2,0,Tidak Churn,1.3036134e-06,0
DAD-00040,348,3,250000.0,2025-01-17,50000.0,Becare Food,Transfer,12.429220196836383,1,1,Berpotensi Churn,0.99999654,1
DAD-00041,1429,2,80000.0,2022-02-01,40000.0,Becare Food,Transfer,11.289794413577894,2,0,Tidak Churn,7.2823996e-06,0
DAD-00042,1429,2,200000.0,2022-02-01,100000.0,Becare Food,Transfer,12.206077645517674,2,0,Tidak Churn,2.7357921e-06,0
DAD-00043,1429,2,200000.0,2022-02-01,100000.0,Becare Food,Transfer,12.206077645517674,2,0,Tidak Churn,2.7357921e-06,0
DAD-00044,999,9,950002.0,2023-04-07,150000.0,Becare Food,Transfer,13.764220421466474,2,0,Tidak Churn,1.9828908e-06,0
DAD-00045,516,14,2395000.0,2024-08-02,300000.0,Becare Food,Transfer,14.6888942063636,1,1,Berpotensi Churn,0.95726895,1
DAD-00046,1279,10,380000.0,2022-07-01,20000.0,Becare Food,Transfer,12.847929163278053,2,0,Tidak Churn,1.3646307e-06,0
DAD-00047,1309,8,840000.0,2022-06-01,100000.0,Becare Food,Transfer,13.641158361294979,2,0,Tidak Churn,1.6761821e-06,0
DAD-00048,1083,5,160000.0,2023-01-13,10000.0,Becare Food,Transfer,11.982935344196433,2,0,Tidak Churn,1.9537208e-06,0
DAD-00049,1029,11,842500.0,2023-03-08,62500.0,Becare Food,Transfer,13.64413012815157,2,0,Tidak Churn,1.575036e-06,0
DAD-00050,1429,2,200000.0,2022-02-01,100000.0,Becare Food,Transfer,12.206077645517674,2,0,Tidak Churn,2.7357921e-06,0
DAD-00051,1279,4,800000.0,2022-07-01,150000.0,Becare Food,Transfer,13.592368256649284,2,0,Tidak Churn,1.8608912e-06,0
DAD-00052,1429,2,100000.0,2022-02-01,50000.0,Becare Food,Transfer,11.51293546492023,2,0,Tidak Churn,6.2826784e-06,0
DAD-00053,1279,10,480000.0,2022-07-01,50000.0,Becare Food,Transfer,13.081543466215237,2,0,Tidak Churn,1.1497352e-06,0
DAD-00054,1370,6,1200000.0,2022-04-01,200000.0,Becare Food,Transfer,13.997832948091215,2,0,Tidak Churn,2.1020796e-06,0
DAD-00055,1429,2,40000.0,2022-02-01,20000.0,Becare Food,Transfer,10.596659732783579,2,0,Tidak Churn,0.00051167863,0
DAD-00056,1429,2,200000.0,2022-02-01,100000.0,Wakaf Qur'an,Transfer,12.206077645517674,2,0,Tidak Churn,2.7357921e-06,0
DAD-00057,1309,8,600000.0,2022-06-01,50000.0,Wakaf Qur'an,Transfer,13.304686600863562,2,0,Tidak Churn,1.1742188e-06,0
DAD-00058,1091,9,680000.0,2023-01-05,100000.0,Wakaf Qur'an,Transfer,13.429849547739444,2,0,Tidak Churn,1.3307226e-06,0
DAD-00059,1429,2,200000.0,2022-02-01,100000.0,Wakaf Qur'an,Transfer,12.206077645517674,2,0,Tidak Churn,2.7357921e-06,0
DAD-00060,1429,2,100000.0,2022-02-01,50000.0,Wakaf Qur'an,Transfer,11.51293546492023,2,0,Tidak Churn,6.2826784e-06,0
DAD-00061,1429,2,200000.0,2022-02-01,100000.0,Wakaf Qur'an,Transfer,12.206077645517674,2,0,Tidak Churn,2.7357921e-06,0
DAD-00062,1429,2,120000.0,2022-02-01,60000.0,Wakaf Qur'an,Transfer,11.695255355062795,2,0,Tidak Churn,5.3967187e-06,0
DAD-00063,1370,2,200000.0,2022-04-01,100000.0,Wakaf Qur'an,Transfer,12.206077645517674,2,0,Tidak Churn,2.7357921e-06,0
DAD-00064,1429,2,200000.0,2022-02-01,100000.0,Wakaf Qur'an,Transfer,12.206077645517674,2,0,Tidak Churn,2.7357921e-06,0
DAD-00065,1097,10,697512.0,2022-12-30,57512.0,Wakaf Qur'an,Transfer,13.455276430496804,2,0,Tidak Churn,1.575036e-06,0
DAD-00066,1429,2,100000.0,2022-02-01,50000.0,Wakaf Qur'an,Transfer,11.51293546492023,2,0,Tidak Churn,6.2826784e-06,0
DAD-00067,1429,2,300000.0,2022-02-01,150000.0,Wakaf Qur'an,Transfer,12.611541086966115,2,0,Tidak Churn,2.294864e-06,0
DAD-00068,803,3,400000.0,2023-10-20,200000.0,Wakaf Qur'an,Transfer,12.899222326086994,2,0,Tidak Churn,1.6657236e-06,0
DAD-00069,1429,2,100000.0,2022-02-01,50000.0,Wakaf Qur'an,Transfer,11.51293546492023,2,0,Tidak Churn,6.2826784e-06,0
DAD-00070,1429,2,100000.0,2022-02-01,50000.0,Wakaf Qur'an,Transfer,11.51293546492023,2,0,Tidak Churn,6.2826784e-06,0
DAD-00071,148,39,3200000.0,2025-08-05,100000.0,Syiar Qur'an Indonesia,Transfer,14.978661680269907,0,0,Tidak Churn,0.0006733692,0
DAD-00072,1401,4,240000.0,2022-03-01,60000.0,Wakaf Qur'an,Transfer,12.388398368982115,2,0,Tidak Churn,1.9113281e-06,0
DAD-00073,1429,2,100000.0,2022-02-01,50000.0,Wakaf Qur'an,Transfer,11.51293546492023,2,0,Tidak Churn,6.2826784e-06,0
DAD-00074,24,5,425000.0,2025-12-07,25000.0,Wakaf Qur'an,Transfer,12.959846800844963,1,1,Berpotensi Churn,0.99989414,1
DAD-00075,1309,6,600000.0,2022-06-01,100000.0,Becare Food,Transfer,13.304686600863562,2,0,Tidak Churn,1.1742188e-06,0
DAD-00076,1429,2,100000.0,2022-02-01,50000.0,Wakaf Qur'an,Transfer,11.51293546492023,2,0,Tidak Churn,6.2826784e-06,0
DAD-00077,1429,2,200000.0,2022-02-01,100000.0,Wakaf Qur'an,Transfer,12.206077645517674,2,0,Tidak Churn,2.7357921e-06,0
DAD-00078,1429,2,200000.0,2022-02-01,100000.0,Wakaf Qur'an,Transfer,12.206077645517674,2,0,Tidak Churn,2.7357921e-06,0
DAD-00079,155,68,7538500.0,2025-07-29,242000.0,Zakat Movement,Transfer,15.835533913853485,0,0,Tidak Churn,0.0006733692,0
DAD-00080,812,5,800000.0,2023-10-11,200000.0,Wakaf Qur'an,Transfer,13.592368256649284,2,0,Tidak Churn,1.7798455e-06,0
DAD-00081,235,17,3700000.0,2025-05-10,300000.0,Pulihkan Duka Negeri Palestina,Transfer,15.123843647884687,0,0,Tidak Churn,0.062442966,0
DAD-00082,1340,4,180000.0,2022-05-01,40000.0,Becare Food,Transfer,12.100717685412471,2,0,Tidak Churn,2.025184e-06,0
DAD-00083,1340,4,700000.0,2022-05-01,200000.0,Wakaf Qur'an,Transfer,13.45883704259595,2,0,Tidak Churn,1.8608912e-06,0
DAD-00085,1429,2,100000.0,2022-02-01,50000.0,Wakaf Qur'an,Transfer,11.51293546492023,2,0,Tidak Churn,6.2826784e-06,0
DAD-00086,1279,4,220000.0,2022-07-01,60000.0,Becare Food,Transfer,12.301387370778713,2,0,Tidak Churn,1.9113281e-06,0
DAD-00087,698,12,2138600.0,2024-02-02,225000.0,Becare Food,Transfer,14.575662434900208,2,0,Tidak Churn,1.6031847e-05,0
DAD-00088,1429,2,500000.0,2022-02-01,250000.0,Wakaf Qur'an,Transfer,13.122365377402328,2,0,Tidak Churn,1.8350465e-06,0
DAD-00089,542,6,320000.0,2024-07-07,70000.0,Becare Food,Transfer,12.676079399771027,1,1,Berpotensi Churn,0.9999926,1
DAD-00090,1370,4,240000.0,2022-04-01,20000.0,Wakaf Qur'an,Transfer,12.388398368982115,2,0,Tidak Churn,1.9113281e-06,0
DAD-00091,1429,2,100000.0,2022-02-01,50000.0,Wakaf Qur'an,Transfer,11.51293546492023,2,0,Tidak Churn,6.2826784e-06,0
DAD-00092,1429,2,100000.0,2022-02-01,50000.0,Wakaf Qur'an,Transfer,11.51293546492023,2,0,Tidak Churn,6.2826784e-06,0
DAD-00093,1429,2,100000.0,2022-02-01,50000.0,Wakaf Qur'an,Transfer,11.51293546492023,2,0,Tidak Churn,6.2826784e-06,0
DAD-00094,754,17,785000.0,2023-12-08,25000.0,Wakaf Qur'an,Transfer,13.573440270649085,2,0,Tidak Churn,2.610285e-06,0
DAD-00095,824,13,1260000.0,2023-09-29,100000.0,Becare Food,Transfer,14.04662307257814,2,0,Tidak Churn,1.9752335e-06,0
DAD-00096,390,7,380000.0,2024-12-06,100000.0,Wali Asuh Santri,Transfer,12.847929163278053,1,1,Berpotensi Churn,0.9999871,1
DAD-00097,1309,6,1100000.0,2022-06-01,200000.0,Wakaf Qur'an,Transfer,13.910821646859095,2,0,Tidak Churn,2.3463183e-06,0
DAD-00098,761,16,495000.0,2023-12-01,25000.0,Pulihkan Duka Negeri Palestina,Transfer,13.112315061750808,2,0,Tidak Churn,2.1443368e-06,0
DAD-00099,1429,2,200000.0,2022-02-01,100000.0,Wakaf Qur'an,Transfer,12.206077645517674,2,0,Tidak Churn,2.7357921e-06,0
DAD-00100,564,3,250000.0,2024-06-15,50000.0,Wakaf Qur'an,Transfer,12.429220196836383,1,1,Berpotensi Churn,0.99999726,1
DAD-00101,1429,2,100000.0,2022-02-01,50000.0,Wakaf Qur'an,Transfer,11.51293546492023,2,0,Tidak Churn,6.2826784e-06,0
DAD-00102,1429,2,100000.0,2022-02-01,50000.0,Wakaf Qur'an,Transfer,11.51293546492023,2,0,Tidak Churn,6.2826784e-06,0
DAD-00103,1429,2,200000.0,2022-02-01,100000.0,Wakaf Qur'an,Transfer,12.206077645517674,2,0,Tidak Churn,2.7357921e-06,0
DAD-00104,1429,2,200000.0,2022-02-01,100000.0,Wakaf Qur'an,Transfer,12.206077645517674,2,0,Tidak Churn,2.7357921e-06,0
DAD-00105,1429,2,100000.0,2022-02-01,50000.0,Wakaf Qur'an,Transfer,11.51293546492023,2,0,Tidak Churn,6.2826784e-06,0
DAD-00106,1429,2,100000.0,2022-02-01,50000.0,Wakaf Qur'an,Transfer,11.51293546492023,2,0,Tidak Churn,6.2826784e-06,0
DAD-00107,1429,2,100000.0,2022-02-01,50000.0,Wakaf Qur'an,Transfer,11.51293546492023,2,0,Tidak Churn,6.2826784e-06,0
DAD-00108,600,3,200000.0,2024-05-10,100000.0,Wakaf Qur'an,Transfer,12.206077645517674,1,1,Berpotensi Churn,0.99998,1
DAD-00109,1429,2,100000.0,2022-02-01,50000.0,Wakaf Qur'an,Transfer,11.51293546492023,2,0,Tidak Churn,6.2826784e-06,0
DAD-00110,1429,2,100000.0,2022-02-01,50000.0,Wakaf Qur'an,Transfer,11.51293546492023,2,0,Tidak Churn,6.2826784e-06,0
DAD-00111,782,3,150000.0,2023-11-10,50000.0,Wakaf Qur'an,Transfer,11.918397239722838,2,0,Tidak Churn,5.365584e-06,0
DAD-00112,1279,4,300000.0,2022-07-01,100000.0,Becare Food,Transfer,12.611541086966115,2,0,Tidak Churn,1.6987844e-06,0
DAD-00113,1429,2,200000.0,2022-02-01,100000.0,Wakaf Qur'an,Transfer,12.206077645517674,2,0,Tidak Churn,2.7357921e-06,0
DAD-00114,1429,2,100000.0,2022-02-01,50000.0,Wakaf Qur'an,Transfer,11.51293546492023,2,0,Tidak Churn,6.2826784e-06,0
DAD-00115,1429,2,200000.0,2022-02-01,100000.0,Wakaf Qur'an,Transfer,12.206077645517674,2,0,Tidak Churn,2.7357921e-06,0
DAD-00116,1279,6,900000.0,2022-07-01,100000.0,Becare Food,Transfer,13.710151153416941,2,0,Tidak Churn,1.6761821e-06,0
DAD-00117,1429,2,100000.0,2022-02-01,50000.0,Wakaf Qur'an,Transfer,11.51293546492023,2,0,Tidak Churn,6.2826784e-06,0
DAD-00118,516,13,2287000.0,2024-08-02,300000.0,Wakaf Qur'an,Transfer,14.642751910258868,1,1,Berpotensi Churn,0.98886734,1
DAD-00119,1429,2,100000.0,2022-02-01,50000.0,Wakaf Qur'an,Transfer,11.51293546492023,2,0,Tidak Churn,6.2826784e-06,0
DAD-00120,1429,2,100000.0,2022-02-01,50000.0,Wakaf Qur'an,Transfer,11.51293546492023,2,0,Tidak Churn,6.2826784e-06,0
DAD-00121,1429,2,100000.0,2022-02-01,50000.0,Wakaf Qur'an,Transfer,11.51293546492023,2,0,Tidak Churn,6.2826784e-06,0
DAD-00122,1401,4,240000.0,2022-03-01,70000.0,Wakaf Qur'an,Transfer,12.388398368982115,2,0,Tidak Churn,1.9113281e-06,0
DAD-00123,1429,2,200000.0,2022-02-01,100000.0,Sedekah Panti,Transfer,12.206077645517674,2,0,Tidak Churn,2.7357921e-06,0
DAD-00124,1429,2,200000.0,2022-02-01,100000.0,Sedekah Panti,Transfer,12.206077645517674,2,0,Tidak Churn,2.7357921e-06,0
DAD-00125,1429,2,100000.0,2022-02-01,50000.0,Sedekah Panti,Transfer,11.51293546492023,2,0,Tidak Churn,6.2826784e-06,0
DAD-00126,1429,2,200000.0,2022-02-01,100000.0,Sedekah Panti,Transfer,12.206077645517674,2,0,Tidak Churn,2.7357921e-06,0
DAD-00127,1429,2,100000.0,2022-02-01,50000.0,Sedekah Panti,Transfer,11.51293546492023,2,0,Tidak Churn,6.2826784e-06,0
DAD-00128,1429,2,400000.0,2022-02-01,200000.0,Sedekah Panti,Transfer,12.899222326086994,2,0,Tidak Churn,2.1780324e-06,0
DAD-00129,1279,6,600000.0,2022-07-01,50000.0,Bantuan Alkes,Transfer,13.304686600863562,2,0,Tidak Churn,1.1742188e-06,0
DAD-00130,1429,2,100000.0,2022-02-01,50000.0,Wakaf Qur'an,Transfer,11.51293546492023,2,0,Tidak Churn,6.2826784e-06,0
DAD-00131,1401,2,200000.0,2022-03-01,100000.0,Becare Food,Transfer,12.206077645517674,2,0,Tidak Churn,2.7357921e-06,0
DAD-00132,1401,2,100000.0,2022-03-01,50000.0,Becare Food,Transfer,11.51293546492023,2,0,Tidak Churn,6.2826784e-06,0
DAD-00133,32,57,3600000.0,2025-11-29,150000.0,Pulihkan Duka Negeri Palestina,Transfer,15.096444681204078,0,0,Tidak Churn,0.0002543312,0
DAD-00134,16,14,1200000.0,2025-12-15,50000.0,Wakaf Movement,Transfer,13.997832948091215,1,1,Berpotensi Churn,0.99875546,1
DAD-00135,1370,6,100000.0,2022-04-01,10000.0,Becare Food,Transfer,11.51293546492023,2,0,Tidak Churn,4.1891562e-06,0
DAD-00136,1055,12,750000.0,2023-02-10,100000.0,Becare Food,Transfer,13.527829818844937,2,0,Tidak Churn,1.575036e-06,0
DAD-00137,1279,4,240000.0,2022-07-01,70000.0,Becare Food,Transfer,12.388398368982115,2,0,Tidak Churn,1.9113281e-06,0
DAD-00138,1401,2,200000.0,2022-03-01,100000.0,Becare Food,Transfer,12.206077645517674,2,0,Tidak Churn,2.7357921e-06,0
DAD-00139,1401,2,200000.0,2022-03-01,100000.0,Becare Food,Transfer,12.206077645517674,2,0,Tidak Churn,2.7357921e-06,0
DAD-00140,1401,2,600000.0,2022-03-01,300000.0,Becare Food,Transfer,13.304686600863562,2,0,Tidak Churn,1.7610333e-06,0
DAD-00141,593,9,1350000.0,2024-05-17,100000.0,Becare Food,Transfer,14.115615891155079,2,0,Tidak Churn,0.016065205,0
DAD-00142,1049,5,750000.0,2023-02-16,150000.0,Becare Food,Transfer,13.527829818844937,2,0,Tidak Churn,1.7798455e-06,0
DAD-00143,26,56,10925002.0,2025-12-05,150000.0,Zakat Movement,Transfer,16.206564573545432,0,0,Tidak Churn,0.0002543312,0
DAD-00144,1340,6,300000.0,2022-05-01,50000.0,Becare Food,Transfer,12.611541086966115,2,0,Tidak Churn,1.5301658e-06,0
DAD-00145,1279,4,140000.0,2022-07-01,20000.0,Becare Food,Transfer,11.849404844423074,2,0,Tidak Churn,2.8927207e-06,0
DAD-00146,1370,4,400000.0,2022-04-01,100000.0,Becare Food,Transfer,12.899222326086994,2,0,Tidak Churn,1.6122992e-06,0
DAD-00147,299,7,140000.0,2025-03-07,20000.0,Becare Food,Transfer,11.849404844423074,1,1,Berpotensi Churn,0.9999931,1
DAD-00148,1370,4,140000.0,2022-04-01,20000.0,Becare Food,Transfer,11.849404844423074,2,0,Tidak Churn,2.8927207e-06,0
DAD-00149,467,10,1070000.0,2024-09-20,200000.0,Becare Food,Transfer,13.883170141017091,1,1,Berpotensi Churn,0.9999567,1
DAD-00150,26,6,260000.0,2025-12-05,50000.0,Becare Food,Transfer,12.468440756144114,1,1,Berpotensi Churn,0.99993765,1
DAD-00151,1401,2,40000.0,2022-03-01,20000.0,Becare Food,Transfer,10.596659732783579,2,0,Tidak Churn,0.00051167863,0
DAD-00152,1401,2,600000.0,2022-03-01,300000.0,Becare Food,Transfer,13.304686600863562,2,0,Tidak Churn,1.7610333e-06,0
DAD-00153,1279,4,400000.0,2022-07-01,100000.0,Becare Food,Transfer,12.899222326086994,2,0,Tidak Churn,1.6122992e-06,0
DAD-00154,813,4,550000.0,2023-10-10,200000.0,Becare Food,Transfer,13.217675375388819,2,0,Tidak Churn,1.3036134e-06,0
DAD-00156,1401,2,400000.0,2022-03-01,200000.0,Becare Food,Transfer,12.899222326086994,2,0,Tidak Churn,2.1780324e-06,0
DAD-00157,964,3,270000.0,2023-05-12,150000.0,Becare Food,Transfer,12.506180941677357,2,0,Tidak Churn,1.5409865e-06,0
DAD-00158,1401,4,120000.0,2022-03-01,20000.0,Becare Food,Transfer,11.695255355062795,2,0,Tidak Churn,3.9949473e-06,0
DAD-00159,1401,2,200000.0,2022-03-01,100000.0,Becare Food,Transfer,12.206077645517674,2,0,Tidak Churn,2.7357921e-06,0
DAD-00160,1401,2,200000.0,2022-03-01,100000.0,Becare Food,Transfer,12.206077645517674,2,0,Tidak Churn,2.7357921e-06,0
DAD-00161,1309,4,400000.0,2022-06-01,100000.0,Becare Food,Transfer,12.899222326086994,2,0,Tidak Churn,1.6122992e-06,0
DAD-00162,1370,4,400000.0,2022-04-01,100000.0,Becare Food,Transfer,12.899222326086994,2,0,Tidak Churn,1.6122992e-06,0
DAD-00163,1401,2,200000.0,2022-03-01,100000.0,Becare Food,Transfer,12.206077645517674,2,0,Tidak Churn,2.7357921e-06,0
DAD-00164,1401,2,200000.0,2022-03-01,100000.0,Becare Food,Transfer,12.206077645517674,2,0,Tidak Churn,2.7357921e-06,0
DAD-00165,138,3,250000.0,2025-08-15,50000.0,Becare Food,Transfer,12.429220196836383,1,1,Berpotensi Churn,0.9999932,1
DAD-00166,1401,2,120000.0,2022-03-01,60000.0,Becare Food,Transfer,11.695255355062795,2,0,Tidak Churn,5.3967187e-06,0
DAD-00167,1069,17,465000.0,2023-01-27,25000.0,Becare Food,Transfer,13.049794835104816,2,0,Tidak Churn,1.1003837e-06,0
DAD-00168,1401,2,80000.0,2022-03-01,40000.0,Becare Food,Transfer,11.289794413577894,2,0,Tidak Churn,7.2823996e-06,0
DAD-00169,1370,4,200000.0,2022-04-01,50000.0,Becare Food,Transfer,12.206077645517674,2,0,Tidak Churn,2.025184e-06,0
DAD-00170,31,112,3536000.0,2025-11-30,20000.0,Pulihkan Duka Negeri Palestina,Transfer,15.078506985545062,0,0,Tidak Churn,0.0002543312,0
DAD-00171,1279,6,800000.0,2022-07-01,100000.0,Becare Food,Transfer,13.592368256649284,2,0,Tidak Churn,1.6761821e-06,0
DAD-00172,1279,4,400000.0,2022-07-01,100000.0,Becare Food,Transfer,12.899222326086994,2,0,Tidak Churn,1.6122992e-06,0
DAD-00173,1370,4,80000.0,2022-04-01,20000.0,Becare Food,Transfer,11.289794413577894,2,0,Tidak Churn,5.3908343e-06,0
DAD-00174,1401,2,200000.0,2022-03-01,100000.0,Becare Food,Transfer,12.206077645517674,2,0,Tidak Churn,2.7357921e-06,0
DAD-00175,1401,2,40000.0,2022-03-01,20000.0,Becare Food,Transfer,10.596659732783579,2,0,Tidak Churn,0.00051167863,0
DAD-00176,1401,2,300000.0,2022-03-01,150000.0,Wakaf Qur'an,Transfer,12.611541086966115,2,0,Tidak Churn,2.294864e-06,0
DAD-00177,1401,2,200000.0,2022-03-01,100000.0,Wakaf Qur'an,Transfer,12.206077645517674,2,0,Tidak Churn,2.7357921e-06,0
DAD-00178,1114,11,640000.0,2022-12-13,100000.0,Wakaf Qur'an,Transfer,13.369225017834633,2,0,Tidak Churn,1.1033627e-06,0
DAD-00179,1279,18,2240000.0,2022-07-01,150000.0,Wakaf Qur'an,Transfer,14.621986870259695,2,0,Tidak Churn,1.7419912e-06,0
DAD-00180,1279,6,280000.0,2022-07-01,70000.0,Becare Food,Transfer,12.54254845357358,2,0,Tidak Churn,1.3435126e-06,0
DAD-00181,1279,8,300000.0,2022-07-01,20000.0,Wakaf Qur'an,Transfer,12.611541086966115,2,0,Tidak Churn,1.5301658e-06,0
DAD-00182,1370,4,480000.0,2022-04-01,140000.0,Wakaf Qur'an,Transfer,13.081543466215237,2,0,Tidak Churn,1.3584021e-06,0
DAD-00183,1279,6,240000.0,2022-07-01,20000.0,Wakaf Qur'an,Transfer,12.388398368982115,2,0,Tidak Churn,1.7216129e-06,0
DAD-00186,1401,2,100000.0,2022-03-01,50000.0,Wakaf Qur'an,Transfer,11.51293546492023,2,0,Tidak Churn,6.2826784e-06,0
DAD-00187,1401,2,200000.0,2022-03-01,100000.0,Wakaf Qur'an,Transfer,12.206077645517674,2,0,Tidak Churn,2.7357921e-06,0
DAD-00188,1279,16,1000000.0,2022-07-01,50000.0,Wakaf Qur'an,Transfer,13.815511557963774,2,0,Tidak Churn,1.7532628e-06,0
DAD-00189,1279,8,1000000.0,2022-07-01,100000.0,Wakaf Qur'an,Transfer,13.815511557963774,2,0,Tidak Churn,1.9828908e-06,0
DAD-00190,810,9,1780000.0,2023-10-13,300000.0,Bantuan Palestina,Transfer,14.392124484065864,2,0,Tidak Churn,2.4121034e-06,0
DAD-00191,1279,10,1300000.0,2022-07-01,250000.0,Wakaf Qur'an,Transfer,14.077875591662238,2,0,Tidak Churn,1.9752335e-06,0
DAD-00192,1401,2,300000.0,2022-03-01,150000.0,Wakaf Qur'an,Transfer,12.611541086966115,2,0,Tidak Churn,2.294864e-06,0
DAD-00193,1279,8,500000.0,2022-07-01,50000.0,Bantuan Palestina,Transfer,13.122365377402328,2,0,Tidak Churn,1.2235693e-06,0
DAD-00194,1340,4,160000.0,2022-05-01,30000.0,Wakaf Qur'an,Transfer,11.982935344196433,2,0,Tidak Churn,2.0426837e-06,0
DAD-00195,1401,2,140000.0,2022-03-01,70000.0,Wakaf Qur'an,Transfer,11.849404844423074,2,0,Tidak Churn,3.907734e-06,0
DAD-00196,1279,4,240000.0,2022-07-01,70000.0,Qur'an Minded,Transfer,12.388398368982115,2,0,Tidak Churn,1.9113281e-06,0
DAD-00197,1401,2,100000.0,2022-03-01,50000.0,Wakaf Qur'an,Transfer,11.51293546492023,2,0,Tidak Churn,6.2826784e-06,0
DAD-00198,1401,2,100000.0,2022-03-01,50000.0,Wakaf Qur'an,Transfer,11.51293546492023,2,0,Tidak Churn,6.2826784e-06,0
DAD-00199,1401,2,100000.0,2022-03-01,50000.0,Wakaf Qur'an,Transfer,11.51293546492023,2,0,Tidak Churn,6.2826784e-06,0
DAD-00200,1401,2,400000.0,2022-03-01,200000.0,Wakaf Qur'an,Transfer,12.899222326086994,2,0,Tidak Churn,2.1780324e-06,0
DAD-00201,1401,2,200000.0,2022-03-01,100000.0,Wakaf Qur'an,Transfer,12.206077645517674,2,0,Tidak Churn,2.7357921e-06,0
DAD-00202,1401,2,100000.0,2022-03-01,50000.0,Wakaf Qur'an,Transfer,11.51293546492023,2,0,Tidak Churn,6.2826784e-06,0
DAD-00203,1309,4,600000.0,2022-06-01,200000.0,Becare Food,Transfer,13.304686600863562,2,0,Tidak Churn,1.3036134e-06,0
DAD-00204,1340,4,500000.0,2022-05-01,200000.0,Wakaf Qur'an,Transfer,13.122365377402328,2,0,Tidak Churn,1.3584021e-06,0
DAD-00205,110,31,5750000.0,2025-09-12,50000.0,Pulihkan Duka Negeri Palestina,Transfer,15.564710586686562,0,0,Tidak Churn,0.0002543312,0
DAD-00206,866,3,600000.0,2023-08-18,200000.0,Wakaf Qur'an,Transfer,13.304686600863562,2,0,Tidak Churn,1.3468095e-06,0
DAD-00207,1370,4,200000.0,2022-04-01,50000.0,Wakaf Qur'an,Transfer,12.206077645517674,2,0,Tidak Churn,2.025184e-06,0
DAD-00208,1401,2,200000.0,2022-03-01,100000.0,Wakaf Qur'an,Transfer,12.206077645517674,2,0,Tidak Churn,2.7357921e-06,0
DAD-00209,1401,2,140000.0,2022-03-01,70000.0,Wakaf Qur'an,Transfer,11.849404844423074,2,0,Tidak Churn,3.907734e-06,0
DAD-00210,1401,2,400000.0,2022-03-01,200000.0,Wakaf Qur'an,Transfer,12.899222326086994,2,0,Tidak Churn,2.1780324e-06,0
DAD-00211,1340,4,700000.0,2022-05-01,200000.0,Becare Food,Transfer,13.45883704259595,2,0,Tidak Churn,1.8608912e-06,0
DAD-00212,1401,2,100000.0,2022-03-01,50000.0,Wakaf Qur'an,Transfer,11.51293546492023,2,0,Tidak Churn,6.2826784e-06,0
DAD-00213,1401,2,300000.0,2022-03-01,150000.0,Wakaf Qur'an,Transfer,12.611541086966115,2,0,Tidak Churn,2.294864e-06,0
DAD-00214,285,1,80000.0,2025-03-21,80000.0,Sambung Hidup Dhuafa,Transfer,11.289794413577894,1,1,Berpotensi Churn,0.9999988,1
DAD-00215,390,7,600000.0,2024-12-06,100000.0,Wakaf Qur'an,Transfer,13.304686600863562,1,1,Berpotensi Churn,0.99992585,1
DAD-00216,1401,2,100000.0,2022-03-01,50000.0,Wakaf Qur'an,Transfer,11.51293546492023,2,0,Tidak Churn,6.2826784e-06,0
DAD-00217,1401,2,200000.0,2022-03-01,100000.0,Wakaf Qur'an,Transfer,12.206077645517674,2,0,Tidak Churn,2.7357921e-06,0
DAD-00218,1401,2,100000.0,2022-03-01,50000.0,Wakaf Qur'an,Transfer,11.51293546492023,2,0,Tidak Churn,6.2826784e-06,0
DAD-00219,1401,2,100000.0,2022-03-01,50000.0,Wakaf Qur'an,Transfer,11.51293546492023,2,0,Tidak Churn,6.2826784e-06,0
DAD-00220,1401,2,444444.0,2022-03-01,222222.0,Wakaf Qur'an,Transfer,13.004581591747163,2,0,Tidak Churn,1.8350465e-06,0
DAD-00221,446,12,1000000.0,2024-10-11,200000.0,Wakaf Qur'an,Transfer,13.815511557963774,1,1,Berpotensi Churn,0.99994004,1
DAD-00222,1401,2,200000.0,2022-03-01,100000.0,Wakaf Qur'an,Transfer,12.206077645517674,2,0,Tidak Churn,2.7357921e-06,0
DAD-00223,210,12,2205000.0,2025-06-04,125000.0,Wakaf Qur'an,Transfer,14.606238520377719,1,1,Berpotensi Churn,0.99774605,1
DAD-00224,929,9,750000.0,2023-06-16,50000.0,Wakaf Qur'an,Transfer,13.527829818844937,2,0,Tidak Churn,1.6761821e-06,0
DAD-00225,1401,2,100000.0,2022-03-01,50000.0,Wakaf Qur'an,Transfer,11.51293546492023,2,0,Tidak Churn,6.2826784e-06,0
DAD-00226,264,10,2610000.0,2025-04-11,300000.0,Wakaf Qur'an,Transfer,14.774861162440565,1,1,Berpotensi Churn,0.9951748,1
DAD-00227,1401,2,400000.0,2022-03-01,200000.0,Wakaf Qur'an,Transfer,12.899222326086994,2,0,Tidak Churn,2.1780324e-06,0
DAD-00228,1401,2,300000.0,2022-03-01,150000.0,Wakaf Qur'an,Transfer,12.611541086966115,2,0,Tidak Churn,2.294864e-06,0
DAD-00229,1401,2,100000.0,2022-03-01,50000.0,Wakaf Qur'an,Transfer,11.51293546492023,2,0,Tidak Churn,6.2826784e-06,0
DAD-00230,1401,2,100000.0,2022-03-01,50000.0,Wakaf Qur'an,Transfer,11.51293546492023,2,0,Tidak Churn,6.2826784e-06,0
DAD-00231,1401,2,200000.0,2022-03-01,100000.0,Wakaf Qur'an,Transfer,12.206077645517674,2,0,Tidak Churn,2.7357921e-06,0
DAD-00232,1370,4,600000.0,2022-04-01,100000.0,Wakaf Qur'an,Transfer,13.304686600863562,2,0,Tidak Churn,1.3036134e-06,0
DAD-00233,348,32,3920000.0,2025-01-17,150000.0,Wakaf Movement,Transfer,15.181602466868654,0,0,Tidak Churn,0.0004206909,0
DAD-00234,649,12,1300000.0,2024-03-22,50000.0,Wakaf Qur'an,Transfer,14.077875591662238,2,0,Tidak Churn,0.0002763038,0
DAD-00235,1401,2,100000.0,2022-03-01,50000.0,Wakaf Qur'an,Transfer,11.51293546492023,2,0,Tidak Churn,6.2826784e-06,0
DAD-00236,1401,2,100000.0,2022-03-01,50000.0,Wakaf Qur'an,Transfer,11.51293546492023,2,0,Tidak Churn,6.2826784e-06,0
DAD-00237,1401,2,100000.0,2022-03-01,50000.0,Wakaf Qur'an,Transfer,11.51293546492023,2,0,Tidak Churn,6.2826784e-06,0
DAD-00238,1401,2,300000.0,2022-03-01,150000.0,Wakaf Qur'an,Transfer,12.611541086966115,2,0,Tidak Churn,2.294864e-06,0
DAD-00239,1401,2,100000.0,2022-03-01,50000.0,Wakaf Qur'an,Transfer,11.51293546492023,2,0,Tidak Churn,6.2826784e-06,0
DAD-00240,1401,2,76000.0,2022-03-01,38000.0,Wakaf Qur'an,Transfer,11.23850177707664,2,0,Tidak Churn,7.649987e-06,0
DAD-00241,1401,2,200000.0,2022-03-01,100000.0,Wakaf Qur'an,Transfer,12.206077645517674,2,0,Tidak Churn,2.7357921e-06,0
DAD-00242,918,3,470000.0,2023-06-27,270000.0,Wakaf Qur'an,Transfer,13.060490101343552,2,0,Tidak Churn,1.4034136e-06,0
DAD-00243,644,3,150000.0,2024-03-27,50000.0,Wakaf Qur'an,Transfer,11.918397239722838,1,1,Berpotensi Churn,0.99955827,1
DAD-00244,1401,2,100000.0,2022-03-01,50000.0,Wakaf Qur'an,Transfer,11.51293546492023,2,0,Tidak Churn,6.2826784e-06,0
DAD-00245,1279,4,300000.0,2022-07-01,100000.0,Becare Food,Transfer,12.611541086966115,2,0,Tidak Churn,1.6987844e-06,0
DAD-00246,1401,2,400000.0,2022-03-01,200000.0,Wakaf Qur'an,Transfer,12.899222326086994,2,0,Tidak Churn,2.1780324e-06,0
DAD-00247,1279,6,380000.0,2022-07-01,40000.0,Bantuan Palestina,Transfer,12.847929163278053,2,0,Tidak Churn,1.452265e-06,0
DAD-00248,1401,2,400000.0,2022-03-01,200000.0,Wakaf Qur'an,Transfer,12.899222326086994,2,0,Tidak Churn,2.1780324e-06,0
DAD-00249,1401,2,200000.0,2022-03-01,100000.0,Wakaf Qur'an,Transfer,12.206077645517674,2,0,Tidak Churn,2.7357921e-06,0
DAD-00250,1370,4,160000.0,2022-04-01,30000.0,Wakaf Qur'an,Transfer,11.982935344196433,2,0,Tidak Churn,2.0426837e-06,0
DAD-00251,1401,2,100000.0,2022-03-01,50000.0,Wakaf Qur'an,Transfer,11.51293546492023,2,0,Tidak Churn,6.2826784e-06,0
DAD-00252,1401,2,400000.0,2022-03-01,200000.0,Wakaf Qur'an,Transfer,12.899222326086994,2,0,Tidak Churn,2.1780324e-06,0
DAD-00253,124,40,9280000.0,2025-08-29,100000.0,Wakaf Movement,Transfer,16.043372212521,0,0,Tidak Churn,0.00036074527,0
DAD-00254,278,69,7460000.0,2025-03-28,160000.0,Pulihkan Duka Negeri Palestina,Transfer,15.825066106228192,0,0,Tidak Churn,0.0004195195,0
DAD-00255,362,17,1110000.0,2025-01-03,60000.0,Pulihkan Duka Negeri Palestina,Transfer,13.919871474189012,1,1,Berpotensi Churn,0.9995241,1
DAD-00256,1401,2,100000.0,2022-03-01,50000.0,Wakaf Qur'an,Transfer,11.51293546492023,2,0,Tidak Churn,6.2826784e-06,0
DAD-00257,1401,2,200000.0,2022-03-01,100000.0,Wakaf Qur'an,Transfer,12.206077645517674,2,0,Tidak Churn,2.7357921e-06,0
DAD-00258,1401,2,300000.0,2022-03-01,150000.0,Wakaf Qur'an,Transfer,12.611541086966115,2,0,Tidak Churn,2.294864e-06,0
DAD-00259,789,13,665000.0,2023-11-03,100000.0,Becare Food,Transfer,13.407543823396258,2,0,Tidak Churn,1.2504227e-06,0
DAD-00260,1401,2,60000.0,2022-03-01,30000.0,Sedekah Panti,Transfer,11.002116507732017,2,0,Tidak Churn,7.649987e-06,0
DAD-00261,991,5,317500.0,2023-04-15,97500.0,Wakaf Qur'an,Transfer,12.668236246916223,2,0,Tidak Churn,1.624799e-06,0
DAD-00262,1401,2,100000.0,2022-03-01,50000.0,Wakaf Qur'an,Transfer,11.51293546492023,2,0,Tidak Churn,6.2826784e-06,0
DAD-00263,376,17,3260000.0,2024-12-20,200000.0,Becare Food,Transfer,14.997238060091309,0,0,Tidak Churn,0.07152801,0
DAD-00264,1279,6,180000.0,2022-07-01,20000.0,Becare Food,Transfer,12.100717685412471,2,0,Tidak Churn,1.8241674e-06,0
DAD-00265,936,3,400000.0,2023-06-09,200000.0,Becare Food,Transfer,12.899222326086994,2,0,Tidak Churn,1.6657236e-06,0
DAD-00266,26,5,385000.0,2025-12-05,200000.0,Becare Food,Transfer,12.861001210669146,1,1,Berpotensi Churn,0.9999455,1
DAD-00267,1370,2,40000.0,2022-04-01,20000.0,Becare Food,Transfer,10.596659732783579,2,0,Tidak Churn,0.00051167863,0
DAD-00268,1279,4,400000.0,2022-07-01,100000.0,Becare Food,Transfer,12.899222326086994,2,0,Tidak Churn,1.6122992e-06,0
DAD-00269,1370,2,500000.0,2022-04-01,250000.0,Becare Food,Transfer,13.122365377402328,2,0,Tidak Churn,1.8350465e-06,0
DAD-00270,917,4,160000.0,2023-06-28,30000.0,Becare Food,Transfer,11.982935344196433,2,0,Tidak Churn,2.0426837e-06,0
DAD-00271,1279,4,300000.0,2022-07-01,100000.0,Becare Food,Transfer,12.611541086966115,2,0,Tidak Churn,1.6987844e-06,0
DAD-00272,722,5,370000.0,2024-01-09,250000.0,Becare Food,Transfer,12.821260987319457,2,0,Tidak Churn,7.633874e-06,0
DAD-00273,1279,4,80000.0,2022-07-01,20000.0,Becare Food,Transfer,11.289794413577894,2,0,Tidak Churn,5.3908343e-06,0
DAD-00274,1370,2,200000.0,2022-04-01,100000.0,Becare Food,Transfer,12.206077645517674,2,0,Tidak Churn,2.7357921e-06,0
DAD-00275,1279,6,180000.0,2022-07-01,20000.0,Becare Food,Transfer,12.100717685412471,2,0,Tidak Churn,1.8241674e-06,0
DAD-00276,1279,4,120000.0,2022-07-01,40000.0,Becare Food,Transfer,11.695255355062795,2,0,Tidak Churn,3.9949473e-06,0
DAD-00277,1370,2,200000.0,2022-04-01,100000.0,Becare Food,Transfer,12.206077645517674,2,0,Tidak Churn,2.7357921e-06,0
DAD-00278,761,7,495000.0,2023-12-01,75000.0,Becare Food,Transfer,13.112315061750808,2,0,Tidak Churn,2.1744295e-06,0
DAD-00280,1370,2,200000.0,2022-04-01,100000.0,Becare Food,Transfer,12.206077645517674,2,0,Tidak Churn,2.7357921e-06,0
DAD-00281,1370,2,200000.0,2022-04-01,100000.0,Becare Food,Transfer,12.206077645517674,2,0,Tidak Churn,2.7357921e-06,0
DAD-00282,471,44,1080000.0,2024-09-16,10000.0,Pulihkan Duka Negeri Palestina,Transfer,13.8924725250259,0,0,Tidak Churn,0.02274778,0
DAD-00283,1370,2,100000.0,2022-04-01,50000.0,Becare Food,Transfer,11.51293546492023,2,0,Tidak Churn,6.2826784e-06,0
DAD-00284,1370,2,100000.0,2022-04-01,50000.0,Becare Food,Transfer,11.51293546492023,2,0,Tidak Churn,6.2826784e-06,0
DAD-00285,1370,2,100000.0,2022-04-01,50000.0,Becare Food,Transfer,11.51293546492023,2,0,Tidak Churn,6.2826784e-06,0
DAD-00286,1370,2,40000.0,2022-04-01,20000.0,Becare Food,Transfer,10.596659732783579,2,0,Tidak Churn,0.00051167863,0
DAD-00287,159,9,1300000.0,2025-07-25,100000.0,Becare Food,Transfer,14.077875591662238,1,1,Berpotensi Churn,0.9997831,1
DAD-00288,1279,6,240000.0,2022-07-01,50000.0,Becare Food,Transfer,12.388398368982115,2,0,Tidak Churn,1.7216129e-06,0
DAD-00289,1370,2,100000.0,2022-04-01,50000.0,Becare Food,Transfer,11.51293546492023,2,0,Tidak Churn,6.2826784e-06,0
DAD-00290,1370,2,50000.0,2022-04-01,25000.0,Becare Food,Transfer,10.819798284210286,2,0,Tidak Churn,0.00018179281,0
DAD-00291,1370,2,200000.0,2022-04-01,100000.0,Becare Food,Transfer,12.206077645517674,2,0,Tidak Churn,2.7357921e-06,0
DAD-00292,1309,4,200000.0,2022-06-01,50000.0,Becare Food,Transfer,12.206077645517674,2,0,Tidak Churn,2.025184e-06,0
DAD-00293,1370,2,100000.0,2022-04-01,50000.0,Becare Food,Transfer,11.51293546492023,2,0,Tidak Churn,6.2826784e-06,0
DAD-00294,1370,2,200000.0,2022-04-01,100000.0,Becare Food,Transfer,12.206077645517674,2,0,Tidak Churn,2.7357921e-06,0
DAD-00295,1279,4,300000.0,2022-07-01,100000.0,Becare Food,Transfer,12.611541086966115,2,0,Tidak Churn,1.6987844e-06,0
DAD-00296,1370,2,200000.0,2022-04-01,100000.0,Becare Food,Transfer,12.206077645517674,2,0,Tidak Churn,2.7357921e-06,0
DAD-00297,1370,2,40000.0,2022-04-01,20000.0,Becare Food,Transfer,10.596659732783579,2,0,Tidak Churn,0.00051167863,0
DAD-00298,563,7,675000.0,2024-06-16,25000.0,Becare Food,Transfer,13.42246945133505,1,1,Berpotensi Churn,0.99993634,1
DAD-00299,1370,2,120000.0,2022-04-01,60000.0,Becare Food,Transfer,11.695255355062795,2,0,Tidak Churn,5.3967187e-06,0
DAD-00300,1370,2,500000.0,2022-04-01,250000.0,Becare Food,Transfer,13.122365377402328,2,0,Tidak Churn,1.8350465e-06,0
DAD-00301,1309,6,720000.0,2022-06-01,100000.0,Wakaf Qur'an,Transfer,13.487007879880162,2,0,Tidak Churn,1.6761821e-06,0
DAD-00302,1370,2,420000.0,2022-04-01,210000.0,Wakaf Qur'an,Transfer,12.948012371209098,2,0,Tidak Churn,2.0747189e-06,0
DAD-00303,607,5,250000.0,2024-05-03,50000.0,Becare Food,Transfer,12.429220196836383,1,1,Berpotensi Churn,0.99990976,1
DAD-00304,1370,2,200000.0,2022-04-01,100000.0,Wakaf Qur'an,Transfer,12.206077645517674,2,0,Tidak Churn,2.7357921e-06,0
DAD-00305,32,18,2500000.0,2025-11-29,150000.0,Becare Food,Transfer,14.731801689838349,0,0,Tidak Churn,0.055768628,0
DAD-00306,1090,5,480000.0,2023-01-06,100000.0,Becare Food,Transfer,13.081543466215237,2,0,Tidak Churn,1.2992409e-06,0
DAD-00307,991,3,172500.0,2023-04-15,32500.0,Wakaf Qur'an,Transfer,12.058158312538197,2,0,Tidak Churn,2.1103692e-06,0
DAD-00308,1340,4,600000.0,2022-05-01,150000.0,Bantuan Palestina,Transfer,13.304686600863562,2,0,Tidak Churn,1.3036134e-06,0
DAD-00309,1340,4,500000.0,2022-05-01,50000.0,Bantuan Palestina,Transfer,13.122365377402328,2,0,Tidak Churn,1.3584021e-06,0
DAD-00310,1370,2,100000.0,2022-04-01,50000.0,Wakaf Qur'an,Transfer,11.51293546492023,2,0,Tidak Churn,6.2826784e-06,0
DAD-00311,812,13,880000.0,2023-10-11,100000.0,Becare Food,Transfer,13.68767832281738,2,0,Tidak Churn,1.575036e-06,0
DAD-00312,1279,8,680000.0,2022-07-01,100000.0,Wakaf Qur'an,Transfer,13.429849547739444,2,0,Tidak Churn,1.3307226e-06,0
DAD-00313,1370,2,140000.0,2022-04-01,70000.0,Becare Food,Transfer,11.849404844423074,2,0,Tidak Churn,3.907734e-06,0
DAD-00314,320,38,3050000.0,2025-02-14,100000.0,Wakaf Movement,Transfer,14.930652476452392,0,0,Tidak Churn,0.00047121456,0
DAD-00315,1370,2,300000.0,2022-04-01,150000.0,Becare Food,Transfer,12.611541086966115,2,0,Tidak Churn,2.294864e-06,0
DAD-00316,1370,2,600000.0,2022-04-01,300000.0,Wakaf Qur'an,Transfer,13.304686600863562,2,0,Tidak Churn,1.7610333e-06,0
DAD-00317,1340,4,400000.0,2022-05-01,100000.0,Wakaf Qur'an,Transfer,12.899222326086994,2,0,Tidak Churn,1.6122992e-06,0
DAD-00318,1370,2,40000.0,2022-04-01,20000.0,Becare Food,Transfer,10.596659732783579,2,0,Tidak Churn,0.00051167863,0
DAD-00319,1279,6,700000.0,2022-07-01,100000.0,Bantuan Alkes,Transfer,13.45883704259595,2,0,Tidak Churn,1.6761821e-06,0
DAD-00320,1370,2,200000.0,2022-04-01,100000.0,Wakaf Qur'an,Transfer,12.206077645517674,2,0,Tidak Churn,2.7357921e-06,0
DAD-00321,1309,4,300000.0,2022-06-01,50000.0,Becare Food,Transfer,12.611541086966115,2,0,Tidak Churn,1.6987844e-06,0
DAD-00322,32,4,600000.0,2025-11-29,50000.0,Kado Cinta Ramadhan,Transfer,13.304686600863562,1,1,Berpotensi Churn,0.9998652,1
DAD-00323,1111,1,200000.0,2022-12-16,200000.0,Pulihkan Duka Negeri Palestina,Transfer,12.206077645517674,2,0,Tidak Churn,4.8261622e-06,0
DAD-00324,460,19,2180000.0,2024-09-27,200000.0,Pulihkan Duka Negeri Palestina,Transfer,14.594835893480763,0,0,Tidak Churn,0.0039992505,0
DAD-00325,691,13,1146350.0,2024-02-09,100000.0,Becare Food,Transfer,13.952094412084357,2,0,Tidak Churn,5.150863e-05,0
DAD-00326,852,5,650000.0,2023-09-01,250000.0,Bantuan Palestina,Transfer,13.384729180332174,2,0,Tidak Churn,1.4130212e-06,0
DAD-00327,810,5,100000.0,2023-10-13,20000.0,Becare Food,Transfer,11.51293546492023,2,0,Tidak Churn,4.448234e-06,0
DAD-00328,1370,2,100000.0,2022-04-01,50000.0,Becare Food,Transfer,11.51293546492023,2,0,Tidak Churn,6.2826784e-06,0
DAD-00329,1309,6,300000.0,2022-06-01,50000.0,Becare Food,Transfer,12.611541086966115,2,0,Tidak Churn,1.5301658e-06,0
DAD-00330,1370,2,20000.0,2022-04-01,10000.0,Becare Food,Transfer,9.90353755128617,2,0,Tidak Churn,0.001563176,0
DAD-00331,1370,2,500000.0,2022-04-01,250000.0,Kado Cinta Ramadhan,Transfer,13.122365377402328,2,0,Tidak Churn,1.8350465e-06,0
DAD-00332,733,9,1120000.0,2023-12-29,100000.0,Pulihkan Duka Negeri Palestina,Transfer,13.928840136128022,2,0,Tidak Churn,5.962931e-06,0
DAD-00333,278,9,310000.0,2025-03-28,100000.0,Becare Food,Transfer,12.644330802262578,1,1,Berpotensi Churn,0.99998367,1
DAD-00334,1370,2,200000.0,2022-04-01,100000.0,Becare Food,Transfer,12.206077645517674,2,0,Tidak Churn,2.7357921e-06,0
DAD-00335,1279,6,160000.0,2022-07-01,20000.0,Becare Food,Transfer,11.982935344196433,2,0,Tidak Churn,1.8399304e-06,0
DAD-00336,1370,2,200000.0,2022-04-01,100000.0,Becare Food,Transfer,12.206077645517674,2,0,Tidak Churn,2.7357921e-06,0
DAD-00337,259,30,3250000.0,2025-04-16,100000.0,Pulihkan Duka Negeri Palestina,Transfer,14.99416586199818,0,0,Tidak Churn,0.00042290374,0
DAD-00339,1340,4,500000.0,2022-05-01,150000.0,Becare Food,Transfer,13.122365377402328,2,0,Tidak Churn,1.3584021e-06,0
DAD-00340,1370,2,40000.0,2022-04-01,20000.0,Becare Food,Transfer,10.596659732783579,2,0,Tidak Churn,0.00051167863,0
DAD-00341,1279,4,1000000.0,2022-07-01,250000.0,Sedekah Qurban,Transfer,13.815511557963774,2,0,Tidak Churn,2.2013978e-06,0
DAD-00342,1370,2,600000.0,2022-04-01,300000.0,Becare Food,Transfer,13.304686600863562,2,0,Tidak Churn,1.7610333e-06,0
DAD-00343,1279,4,620000.0,2022-07-01,100000.0,Becare Food,Transfer,13.3374763699232,2,0,Tidak Churn,1.3036134e-06,0
DAD-00344,159,7,605000.0,2025-07-25,25000.0,Becare Food,Transfer,13.312985389904174,1,1,Berpotensi Churn,0.999943,1
DAD-00345,243,16,725000.0,2025-05-02,25000.0,Pulihkan Duka Negeri Palestina,Transfer,13.493928313146206,1,1,Berpotensi Churn,0.99963534,1
DAD-00346,813,6,276000.0,2023-10-10,50000.0,Becare Food,Transfer,12.52815976788113,2,0,Tidak Churn,1.3435126e-06,0
DAD-00347,1279,4,180000.0,2022-07-01,70000.0,Becare Food,Transfer,12.100717685412471,2,0,Tidak Churn,2.025184e-06,0
DAD-00348,1279,8,700000.0,2022-07-01,100000.0,Becare Food,Transfer,13.45883704259595,2,0,Tidak Churn,1.6761821e-06,0
DAD-00349,1340,4,300000.0,2022-05-01,50000.0,Bantuan Palestina,Transfer,12.611541086966115,2,0,Tidak Churn,1.6987844e-06,0
DAD-00350,1370,2,400000.0,2022-04-01,200000.0,Becare Food,Transfer,12.899222326086994,2,0,Tidak Churn,2.1780324e-06,0
DAD-00351,1370,2,40000.0,2022-04-01,20000.0,Becare Food,Transfer,10.596659732783579,2,0,Tidak Churn,0.00051167863,0
DAD-00352,1340,4,400000.0,2022-05-01,150000.0,Bantuan Palestina,Transfer,12.899222326086994,2,0,Tidak Churn,1.6122992e-06,0
DAD-00353,1340,4,400000.0,2022-05-01,100000.0,Bantuan Palestina,Transfer,12.899222326086994,2,0,Tidak Churn,1.6122992e-06,0
DAD-00354,1370,2,200000.0,2022-04-01,100000.0,Becare Food,Transfer,12.206077645517674,2,0,Tidak Churn,2.7357921e-06,0
DAD-00355,1279,4,60000.0,2022-07-01,10000.0,Bantuan Alkes,Transfer,11.002116507732017,2,0,Tidak Churn,5.6629437e-06,0
DAD-00356,383,10,590000.0,2024-12-13,50000.0,Becare Food,Transfer,13.28787951079572,1,1,Berpotensi Churn,0.99989665,1
DAD-00357,1370,2,100000.0,2022-04-01,50000.0,Becare Food,Transfer,11.51293546492023,2,0,Tidak Churn,6.2826784e-06,0
DAD-00358,1370,2,200000.0,2022-04-01,100000.0,Becare Food,Transfer,12.206077645517674,2,0,Tidak Churn,2.7357921e-06,0
DAD-00360,1279,4,280000.0,2022-07-01,70000.0,Qur'an Minded,Transfer,12.54254845357358,2,0,Tidak Churn,1.4915627e-06,0
DAD-00361,1279,4,400000.0,2022-07-01,100000.0,Becare Food,Transfer,12.899222326086994,2,0,Tidak Churn,1.6122992e-06,0
DAD-00362,1340,4,160000.0,2022-05-01,50000.0,Bantuan Palestina,Transfer,11.982935344196433,2,0,Tidak Churn,2.0426837e-06,0
DAD-00363,1370,2,100000.0,2022-04-01,50000.0,Becare Food,Transfer,11.51293546492023,2,0,Tidak Churn,6.2826784e-06,0
DAD-00364,1279,6,320000.0,2022-07-01,20000.0,Wakaf Qur'an,Transfer,12.676079399771027,2,0,Tidak Churn,1.5301658e-06,0
DAD-00365,1370,2,200000.0,2022-04-01,100000.0,Wakaf Qur'an,Transfer,12.206077645517674,2,0,Tidak Churn,2.7357921e-06,0
DAD-00366,530,5,850000.0,2024-07-19,100000.0,Pulihkan Duka Negeri Palestina,Transfer,13.652992804936396,1,1,Berpotensi Churn,0.9999554,1
DAD-00367,1370,2,200000.0,2022-04-01,100000.0,Becare Food,Transfer,12.206077645517674,2,0,Tidak Churn,2.7357921e-06,0
DAD-00369,1370,2,100000.0,2022-04-01,50000.0,Becare Food,Transfer,11.51293546492023,2,0,Tidak Churn,6.2826784e-06,0
DAD-00370,775,11,1160000.0,2023-11-17,100000.0,Becare Food,Transfer,13.963931425151141,2,0,Tidak Churn,3.969264e-06,0
DAD-00371,1370,2,100000.0,2022-04-01,50000.0,Wakaf Qur'an,Transfer,11.51293546492023,2,0,Tidak Churn,6.2826784e-06,0
DAD-00372,1370,2,200000.0,2022-04-01,100000.0,Wakaf Qur'an,Transfer,12.206077645517674,2,0,Tidak Churn,2.7357921e-06,0
DAD-00373,1370,2,500000.0,2022-04-01,250000.0,Wakaf Qur'an,Transfer,13.122365377402328,2,0,Tidak Churn,1.8350465e-06,0
DAD-00374,1003,9,503000.0,2023-04-03,63000.0,Qur'an Minded,Transfer,13.12834743715147,2,0,Tidak Churn,1.2235693e-06,0
DAD-00375,1279,4,500000.0,2022-07-01,100000.0,Becare Food,Transfer,13.122365377402328,2,0,Tidak Churn,1.3584021e-06,0
DAD-00376,1370,2,200000.0,2022-04-01,100000.0,Becare Food,Transfer,12.206077645517674,2,0,Tidak Churn,2.7357921e-06,0
DAD-00377,1370,2,400000.0,2022-04-01,200000.0,Becare Food,Transfer,12.899222326086994,2,0,Tidak Churn,2.1780324e-06,0
DAD-00378,1279,4,300000.0,2022-07-01,50000.0,Becare Food,Transfer,12.611541086966115,2,0,Tidak Churn,1.6987844e-06,0
DAD-00379,1370,2,120000.0,2022-04-01,60000.0,Wakaf Qur'an,Transfer,11.695255355062795,2,0,Tidak Churn,5.3967187e-06,0
DAD-00380,1370,2,200000.0,2022-04-01,100000.0,Becare Food,Transfer,12.206077645517674,2,0,Tidak Churn,2.7357921e-06,0
DAD-00381,243,33,3900000.0,2025-05-02,100000.0,Pulihkan Duka Negeri Palestina,Transfer,15.176487367510099,0,0,Tidak Churn,0.00046061625,0
DAD-00382,16,23,3700000.0,2025-12-15,100000.0,Becare Food,Transfer,15.123843647884687,0,0,Tidak Churn,0.0002696611,0
DAD-00383,1370,2,200000.0,2022-04-01,100000.0,Becare Food,Transfer,12.206077645517674,2,0,Tidak Churn,2.7357921e-06,0
DAD-00384,813,3,200000.0,2023-10-10,100000.0,Becare Food,Transfer,12.206077645517674,2,0,Tidak Churn,2.0922896e-06,0
DAD-00385,1340,4,200000.0,2022-05-01,50000.0,Bantuan Palestina,Transfer,12.206077645517674,2,0,Tidak Churn,2.025184e-06,0
DAD-00386,1370,2,200000.0,2022-04-01,100000.0,Becare Food,Transfer,12.206077645517674,2,0,Tidak Churn,2.7357921e-06,0
DAD-00387,1340,4,400000.0,2022-05-01,100000.0,Becare Food,Transfer,12.899222326086994,2,0,Tidak Churn,1.6122992e-06,0
DAD-00388,1370,2,40000.0,2022-04-01,20000.0,Becare Food,Transfer,10.596659732783579,2,0,Tidak Churn,0.00051167863,0
DAD-00389,1279,4,120000.0,2022-07-01,20000.0,Becare Food,Transfer,11.695255355062795,2,0,Tidak Churn,3.9949473e-06,0
DAD-00390,1370,2,100000.0,2022-04-01,50000.0,Becare Food,Transfer,11.51293546492023,2,0,Tidak Churn,6.2826784e-06,0
DAD-00391,1370,2,140000.0,2022-04-01,70000.0,Wakaf Qur'an,Transfer,11.849404844423074,2,0,Tidak Churn,3.907734e-06,0
DAD-00392,1370,2,100000.0,2022-04-01,50000.0,Becare Food,Transfer,11.51293546492023,2,0,Tidak Churn,6.2826784e-06,0
DAD-00393,1058,3,50000.0,2023-02-07,10000.0,Becare Food,Transfer,10.819798284210286,2,0,Tidak Churn,0.0001390382,0
DAD-00394,1370,2,50000.0,2022-04-01,25000.0,Becare Food,Transfer,10.819798284210286,2,0,Tidak Churn,0.00018179281,0
DAD-00395,1279,4,400000.0,2022-07-01,100000.0,Becare Food,Transfer,12.899222326086994,2,0,Tidak Churn,1.6122992e-06,0
DAD-00396,1340,4,200000.0,2022-05-01,50000.0,Becare Food,Transfer,12.206077645517674,2,0,Tidak Churn,2.025184e-06,0
DAD-00397,788,6,1200000.0,2023-11-04,200000.0,Becare Food,Transfer,13.997832948091215,2,0,Tidak Churn,2.1020796e-06,0
DAD-00398,1340,4,300000.0,2022-05-01,50000.0,Becare Food,Transfer,12.611541086966115,2,0,Tidak Churn,1.6987844e-06,0
DAD-00399,1370,2,40000.0,2022-04-01,20000.0,Becare Food,Transfer,10.596659732783579,2,0,Tidak Churn,0.00051167863,0
DAD-00400,1279,6,400000.0,2022-07-01,100000.0,Becare Food,Transfer,12.899222326086994,2,0,Tidak Churn,1.452265e-06,0
DAD-00401,1370,2,200000.0,2022-04-01,100000.0,Becare Food,Transfer,12.206077645517674,2,0,Tidak Churn,2.7357921e-06,0
DAD-00402,1006,4,375000.0,2023-03-31,150000.0,Becare Food,Transfer,12.834683971615659,2,0,Tidak Churn,1.6122992e-06,0
DAD-00403,1279,4,300000.0,2022-07-01,100000.0,Becare Food,Transfer,12.611541086966115,2,0,Tidak Churn,1.6987844e-06,0
DAD-00404,1076,5,1100000.0,2023-01-20,300000.0,Becare Food,Transfer,13.910821646859095,2,0,Tidak Churn,2.4914261e-06,0
DAD-00405,1370,2,80000.0,2022-04-01,40000.0,Becare Food,Transfer,11.289794413577894,2,0,Tidak Churn,7.2823996e-06,0
DAD-00406,631,3,400000.0,2024-04-09,200000.0,Becare Food,Transfer,12.899222326086994,1,1,Berpotensi Churn,0.98637414,1
DAD-00407,1370,2,40000.0,2022-04-01,20000.0,Becare Food,Transfer,10.596659732783579,2,0,Tidak Churn,0.00051167863,0
DAD-00408,1370,2,40000.0,2022-04-01,20000.0,Becare Food,Transfer,10.596659732783579,2,0,Tidak Churn,0.00051167863,0
DAD-00410,1370,2,140000.0,2022-04-01,70000.0,Wakaf Qur'an,Transfer,11.849404844423074,2,0,Tidak Churn,3.907734e-06,0
DAD-00411,1340,8,190000.0,2022-05-01,25000.0,Becare Food,Transfer,12.154784614286667,2,0,Tidak Churn,1.8241674e-06,0
DAD-00412,1370,2,140000.0,2022-04-01,70000.0,Wakaf Qur'an,Transfer,11.849404844423074,2,0,Tidak Churn,3.907734e-06,0
DAD-00413,376,27,2754600.0,2024-12-20,87500.0,Zakat Movement,Transfer,14.828783162494418,0,0,Tidak Churn,0.00047982796,0
DAD-00414,1370,4,300000.0,2022-04-01,100000.0,Becare Food,Transfer,12.611541086966115,2,0,Tidak Churn,1.6987844e-06,0
DAD-00415,1370,2,200000.0,2022-04-01,100000.0,Becare Food,Transfer,12.206077645517674,2,0,Tidak Churn,2.7357921e-06,0
DAD-00416,1370,2,60000.0,2022-04-01,30000.0,Becare Food,Transfer,11.002116507732017,2,0,Tidak Churn,7.649987e-06,0
DAD-00417,26,36,1380000.0,2025-12-05,50000.0,Pulihkan Duka Negeri Palestina,Transfer,14.137594781770806,0,0,Tidak Churn,0.0010381393,0
DAD-00418,1370,2,40000.0,2022-04-01,20000.0,Becare Food,Transfer,10.596659732783579,2,0,Tidak Churn,0.00051167863,0
DAD-00419,32,36,4590000.0,2025-11-29,100000.0,Pulihkan Duka Negeri Palestina,Transfer,15.339390799901627,0,0,Tidak Churn,0.0002543312,0
DAD-00420,1340,4,480000.0,2022-05-01,100000.0,Bantuan Palestina,Transfer,13.081543466215237,2,0,Tidak Churn,1.3584021e-06,0
DAD-00421,1069,3,40000.0,2023-01-27,20000.0,Becare Food,Transfer,10.596659732783579,2,0,Tidak Churn,0.00039136983,0
DAD-00422,1370,2,40000.0,2022-04-01,20000.0,Becare Food,Transfer,10.596659732783579,2,0,Tidak Churn,0.00051167863,0
DAD-00423,1370,2,20000.0,2022-04-01,10000.0,Becare Food,Transfer,9.90353755128617,2,0,Tidak Churn,0.001563176,0
DAD-00424,75,35,480000.0,2025-10-17,15000.0,Pulihkan Duka Negeri Palestina,Transfer,13.081543466215237,0,0,Tidak Churn,0.010676141,0
DAD-00425,1279,4,400000.0,2022-07-01,100000.0,Becare Food,Transfer,12.899222326086994,2,0,Tidak Churn,1.6122992e-06,0
DAD-00426,285,36,500770.0,2025-03-21,12770.0,Pulihkan Duka Negeri Palestina,Transfer,13.123904189743088,0,0,Tidak Churn,0.025658516,0
DAD-00427,1370,2,100000.0,2022-04-01,50000.0,Becare Food,Transfer,11.51293546492023,2,0,Tidak Churn,6.2826784e-06,0
DAD-00428,607,3,400000.0,2024-05-03,100000.0,Becare Food,Transfer,12.899222326086994,1,1,Berpotensi Churn,0.9996282,1
DAD-00429,35,39,2550000.0,2025-11-26,50000.0,Pulihkan Duka Negeri Palestina,Transfer,14.751604309291395,0,0,Tidak Churn,0.0003809059,0
DAD-00430,1370,2,200000.0,2022-04-01,100000.0,Becare Food,Transfer,12.206077645517674,2,0,Tidak Churn,2.7357921e-06,0
DAD-00431,705,6,540000.0,2024-01-26,100000.0,Becare Food,Transfer,13.199326270390594,2,0,Tidak Churn,6.23883e-06,0
DAD-00432,1370,2,100000.0,2022-04-01,50000.0,Sedekah Panti,Transfer,11.51293546492023,2,0,Tidak Churn,6.2826784e-06,0
DAD-00433,1370,2,100000.0,2022-04-01,50000.0,Sedekah Panti,Transfer,11.51293546492023,2,0,Tidak Churn,6.2826784e-06,0
DAD-00434,1049,7,200000.0,2023-02-16,50000.0,Sedekah Panti,Transfer,12.206077645517674,2,0,Tidak Churn,1.8241674e-06,0
DAD-00435,1370,2,60000.0,2022-04-01,30000.0,Sedekah Panti,Transfer,11.002116507732017,2,0,Tidak Churn,7.649987e-06,0
DAD-00436,1340,4,70000.0,2022-05-01,15000.0,Becare Food,Transfer,11.156264806643742,2,0,Tidak Churn,5.6629437e-06,0
DAD-00437,1309,4,260000.0,2022-06-01,60000.0,Becare Food,Transfer,12.468440756144114,2,0,Tidak Churn,1.5321078e-06,0
DAD-00438,1370,2,400000.0,2022-04-01,200000.0,Becare Food,Transfer,12.899222326086994,2,0,Tidak Churn,2.1780324e-06,0
DAD-00439,495,9,465000.0,2024-08-23,25000.0,Wakaf Qur'an,Transfer,13.049794835104816,1,1,Berpotensi Churn,0.9999622,1
DAD-00440,1370,2,600000.0,2022-04-01,300000.0,Becare Food,Transfer,13.304686600863562,2,0,Tidak Churn,1.7610333e-06,0
DAD-00441,27,22,1700000.0,2025-12-04,100000.0,Wakaf Movement,Transfer,14.346139397261565,0,0,Tidak Churn,0.0014793348,0
DAD-00442,1370,2,56000.0,2022-04-01,28000.0,Becare Food,Transfer,10.933124826700707,2,0,Tidak Churn,7.649987e-06,0
DAD-00443,1309,4,180000.0,2022-06-01,50000.0,Becare Food,Transfer,12.100717685412471,2,0,Tidak Churn,2.025184e-06,0
DAD-00444,733,5,425000.0,2023-12-29,85000.0,Pulihkan Duka Negeri Palestina,Transfer,12.959846800844963,2,0,Tidak Churn,3.502818e-06,0
DAD-00445,1370,2,200000.0,2022-04-01,100000.0,Becare Food,Transfer,12.206077645517674,2,0,Tidak Churn,2.7357921e-06,0
DAD-00446,1279,6,600000.0,2022-07-01,120000.0,Sedekah Panti,Transfer,13.304686600863562,2,0,Tidak Churn,1.1742188e-06,0
DAD-00447,17,36,3440000.0,2025-12-14,100000.0,Pulihkan Duka Negeri Palestina,Transfer,15.050982320047213,0,0,Tidak Churn,0.0002543312,0
DAD-00448,796,4,450000.0,2023-10-27,100000.0,Becare Food,Transfer,13.017005083966255,2,0,Tidak Churn,1.3584021e-06,0
DAD-00449,1370,2,100000.0,2022-04-01,50000.0,Becare Food,Transfer,11.51293546492023,2,0,Tidak Churn,6.2826784e-06,0
DAD-00450,1370,4,120000.0,2022-04-01,40000.0,Becare Food,Transfer,11.695255355062795,2,0,Tidak Churn,3.9949473e-06,0
DAD-00451,32,12,1600000.0,2025-11-29,100000.0,Becare Food,Transfer,14.285514812209815,1,1,Berpotensi Churn,0.9990615,1
DAD-00452,1370,2,280000.0,2022-04-01,140000.0,Becare Food,Transfer,12.54254845357358,2,0,Tidak Churn,2.0149312e-06,0
DAD-00453,1370,2,100000.0,2022-04-01,50000.0,Becare Food,Transfer,11.51293546492023,2,0,Tidak Churn,6.2826784e-06,0
DAD-00454,1370,2,100000.0,2022-04-01,50000.0,Becare Food,Transfer,11.51293546492023,2,0,Tidak Churn,6.2826784e-06,0
DAD-00455,98,5,1050000.0,2025-09-24,100000.0,Kado Cinta Ramadhan,Transfer,13.864301674514206,1,1,Berpotensi Churn,0.9999331,1
DAD-00456,1370,2,400000.0,2022-04-01,200000.0,Becare Food,Transfer,12.899222326086994,2,0,Tidak Churn,2.1780324e-06,0
DAD-00457,1279,4,200000.0,2022-07-01,50000.0,Becare Food,Transfer,12.206077645517674,2,0,Tidak Churn,2.025184e-06,0
DAD-00458,1370,2,120000.0,2022-04-01,60000.0,Becare Food,Transfer,11.695255355062795,2,0,Tidak Churn,5.3967187e-06,0
DAD-00459,1309,8,680000.0,2022-06-01,100000.0,Becare Food,Transfer,13.429849547739444,2,0,Tidak Churn,1.3307226e-06,0
DAD-00460,1370,2,500002.0,2022-04-01,250001.0,Berbagi Bingkisan Ramadhan,Transfer,13.12236937738633,2,0,Tidak Churn,1.8350465e-06,0
DAD-00461,1279,4,500000.0,2022-07-01,100000.0,Becare Food,Transfer,13.122365377402328,2,0,Tidak Churn,1.3584021e-06,0
DAD-00462,600,4,250000.0,2024-05-10,100000.0,Becare Food,Transfer,12.429220196836383,1,1,Berpotensi Churn,0.99995303,1
DAD-00463,1370,4,540000.0,2022-04-01,20000.0,Becare Food,Transfer,13.199326270390594,2,0,Tidak Churn,1.3036134e-06,0
DAD-00464,1370,2,200000.0,2022-04-01,100000.0,Becare Food,Transfer,12.206077645517674,2,0,Tidak Churn,2.7357921e-06,0
DAD-00465,917,3,125000.0,2023-06-28,25000.0,Becare Food,Transfer,11.736077016252437,2,0,Tidak Churn,4.1273256e-06,0
DAD-00466,1034,3,137000.0,2023-03-03,97000.0,Becare Food,Transfer,11.827743504053695,2,0,Tidak Churn,3.8694375e-06,0
DAD-00467,1370,2,300000.0,2022-04-01,150000.0,Becare Food,Transfer,12.611541086966115,2,0,Tidak Churn,2.294864e-06,0
DAD-00468,124,43,4100000.0,2025-08-29,100000.0,Qurban Movement,Transfer,15.226497775576945,0,0,Tidak Churn,0.00036074527,0
DAD-00469,1309,6,300000.0,2022-06-01,50000.0,Becare Food,Transfer,12.611541086966115,2,0,Tidak Churn,1.5301658e-06,0
DAD-00470,1370,2,200000.0,2022-04-01,100000.0,Fidyah,Transfer,12.206077645517674,2,0,Tidak Churn,2.7357921e-06,0
DAD-00471,1370,2,140000.0,2022-04-01,70000.0,Wakaf Qur'an,Transfer,11.849404844423074,2,0,Tidak Churn,3.907734e-06,0
DAD-00472,1370,2,400000.0,2022-04-01,200000.0,Becare Food,Transfer,12.899222326086994,2,0,Tidak Churn,2.1780324e-06,0
DAD-00473,1370,2,40000.0,2022-04-01,20000.0,Becare Food,Transfer,10.596659732783579,2,0,Tidak Churn,0.00051167863,0
DAD-00474,1340,6,200000.0,2022-05-01,20000.0,Becare Food,Transfer,12.206077645517674,2,0,Tidak Churn,1.8241674e-06,0
DAD-00475,1370,2,60000.0,2022-04-01,30000.0,Becare Food,Transfer,11.002116507732017,2,0,Tidak Churn,7.649987e-06,0
DAD-00476,1092,7,980000.0,2023-01-04,200000.0,Becare Food,Transfer,13.795308871054397,2,0,Tidak Churn,1.9828908e-06,0
DAD-00477,1035,3,170000.0,2023-03-02,30000.0,Wakaf Qur'an,Transfer,12.04355959836804,2,0,Tidak Churn,2.1103692e-06,0
DAD-00478,1370,2,200000.0,2022-04-01,100000.0,Sedekah Panti,Transfer,12.206077645517674,2,0,Tidak Churn,2.7357921e-06,0
DAD-00479,656,4,1000000.0,2024-03-15,250000.0,Becare Food,Transfer,13.815511557963774,2,0,Tidak Churn,0.0005537664,0
DAD-00480,943,3,450000.0,2023-06-02,50000.0,Becare Food,Transfer,13.017005083966255,2,0,Tidak Churn,1.4034136e-06,0
DAD-00481,586,10,1500000.0,2024-05-24,200000.0,Becare Food,Transfer,14.220976332738882,2,0,Tidak Churn,0.06384524,0
DAD-00482,614,11,1650000.0,2024-04-26,100000.0,Becare Food,Transfer,14.316286451937186,2,0,Tidak Churn,0.0057403347,0
DAD-00483,1370,2,40000.0,2022-04-01,20000.0,Becare Food,Transfer,10.596659732783579,2,0,Tidak Churn,0.00051167863,0
DAD-00484,439,10,1400000.0,2024-10-18,100000.0,Becare Food,Transfer,14.151983508870947,1,1,Berpotensi Churn,0.9990694,1
DAD-00485,1309,4,480000.0,2022-06-01,100000.0,Becare Food,Transfer,13.081543466215237,2,0,Tidak Churn,1.3584021e-06,0
DAD-00486,1370,2,100000.0,2022-04-01,50000.0,Becare Food,Transfer,11.51293546492023,2,0,Tidak Churn,6.2826784e-06,0
DAD-00487,1340,4,440000.0,2022-05-01,150000.0,Bantuan Palestina,Transfer,12.994532278619134,2,0,Tidak Churn,1.3584021e-06,0
DAD-00488,1340,4,1200000.0,2022-05-01,300000.0,Bantuan Palestina,Transfer,13.997832948091215,2,0,Tidak Churn,2.3337209e-06,0
DAD-00489,662,10,1000000.0,2024-03-09,100000.0,Wakaf Movement,Transfer,13.815511557963774,2,0,Tidak Churn,0.00015949529,0
DAD-00490,1279,4,320000.0,2022-07-01,60000.0,Becare Food,Transfer,12.676079399771027,2,0,Tidak Churn,1.6987844e-06,0
DAD-00491,26,28,5740000.0,2025-12-05,200000.0,Pulihkan Duka Negeri Palestina,Transfer,15.562969942511762,0,0,Tidak Churn,0.0002543312,0
DAD-00492,1340,2,100000.0,2022-05-01,50000.0,Becare Food,Transfer,11.51293546492023,2,0,Tidak Churn,6.2826784e-06,0
DAD-00493,1340,2,100000.0,2022-05-01,50000.0,Becare Food,Transfer,11.51293546492023,2,0,Tidak Churn,6.2826784e-06,0
DAD-00494,1340,2,180000.0,2022-05-01,90000.0,Zakat Fitrah,Transfer,12.100717685412471,2,0,Tidak Churn,2.7357921e-06,0
DAD-00495,957,3,600000.0,2023-05-19,200000.0,Wakaf Qur'an,Transfer,13.304686600863562,2,0,Tidak Churn,1.3468095e-06,0
DAD-00496,1340,2,200000.0,2022-05-01,100000.0,Becare Food,Transfer,12.206077645517674,2,0,Tidak Churn,2.7357921e-06,0
DAD-00497,856,14,463000.0,2023-08-28,50000.0,Becare Food,Transfer,13.045484492893253,2,0,Tidak Churn,1.098751e-06,0
DAD-00498,1340,2,200000.0,2022-05-01,100000.0,Becare Food,Transfer,12.206077645517674,2,0,Tidak Churn,2.7357921e-06,0
DAD-00500,509,12,1100000.0,2024-08-09,100000.0,Becare Food,Transfer,13.910821646859095,1,1,Berpotensi Churn,0.9999292,1
DAD-00501,635,8,500000.0,2024-04-05,50000.0,Becare Food,Transfer,13.122365377402328,2,0,Tidak Churn,0.020648994,0
DAD-00502,1340,4,500000.0,2022-05-01,210000.0,Becare Food,Transfer,13.122365377402328,2,0,Tidak Churn,1.3584021e-06,0
DAD-00503,1309,4,400000.0,2022-06-01,100000.0,Becare Food,Transfer,12.899222326086994,2,0,Tidak Churn,1.6122992e-06,0
DAD-00504,1340,2,180000.0,2022-05-01,90000.0,Zakat Fitrah,Transfer,12.100717685412471,2,0,Tidak Churn,2.7357921e-06,0
DAD-00505,579,13,2600000.0,2024-05-31,200000.0,Becare Food,Transfer,14.77102238760702,2,0,Tidak Churn,0.027118756,0
DAD-00506,1340,2,200000.0,2022-05-01,100000.0,Bantuan Palestina,Transfer,12.206077645517674,2,0,Tidak Churn,2.7357921e-06,0
DAD-00507,1340,2,400000.0,2022-05-01,200000.0,Bantuan Palestina,Transfer,12.899222326086994,2,0,Tidak Churn,2.1780324e-06,0
DAD-00508,1340,2,200000.0,2022-05-01,100000.0,Bantuan Palestina,Transfer,12.206077645517674,2,0,Tidak Churn,2.7357921e-06,0
DAD-00510,1340,2,600000.0,2022-05-01,300000.0,Bantuan Palestina,Transfer,13.304686600863562,2,0,Tidak Churn,1.7610333e-06,0
DAD-00511,1340,2,100000.0,2022-05-01,50000.0,Bantuan Palestina,Transfer,11.51293546492023,2,0,Tidak Churn,6.2826784e-06,0
DAD-00512,1279,6,300000.0,2022-07-01,40000.0,Becare Food,Transfer,12.611541086966115,2,0,Tidak Churn,1.5301658e-06,0
DAD-00513,1340,2,200000.0,2022-05-01,100000.0,Bantuan Palestina,Transfer,12.206077645517674,2,0,Tidak Churn,2.7357921e-06,0
DAD-00514,558,3,270000.0,2024-06-21,170000.0,Becare Food,Transfer,12.506180941677357,1,1,Berpotensi Churn,0.99999595,1
DAD-00515,656,5,540000.0,2024-03-15,220000.0,Becare Food,Transfer,13.199326270390594,2,0,Tidak Churn,0.0002120628,0
DAD-00516,1340,2,400000.0,2022-05-01,200000.0,Becare Food,Transfer,12.899222326086994,2,0,Tidak Churn,2.1780324e-06,0
DAD-00517,992,5,225000.0,2023-04-14,25000.0,Becare Food,Transfer,12.323860125621126,2,0,Tidak Churn,1.8280859e-06,0
DAD-00518,1340,2,200000.0,2022-05-01,100000.0,Becare Food,Transfer,12.206077645517674,2,0,Tidak Churn,2.7357921e-06,0
DAD-00519,1340,2,200000.0,2022-05-01,100000.0,Wakaf Qur'an,Transfer,12.206077645517674,2,0,Tidak Churn,2.7357921e-06,0
DAD-00520,1340,2,150000.0,2022-05-01,75000.0,Bantuan Palestina,Transfer,11.918397239722838,2,0,Tidak Churn,3.907734e-06,0
DAD-00521,1090,3,150000.0,2023-01-06,50000.0,Bantuan Palestina,Transfer,11.918397239722838,2,0,Tidak Churn,2.9885725e-06,0
DAD-00522,243,9,1845000.0,2025-05-02,300000.0,Pulihkan Duka Negeri Palestina,Transfer,14.427990377462038,1,1,Berpotensi Churn,0.9995567,1
DAD-00523,574,5,220000.0,2024-06-05,100000.0,Becare Food,Transfer,12.301387370778713,1,1,Berpotensi Churn,0.999967,1
DAD-00524,1309,4,200000.0,2022-06-01,50000.0,Becare Food,Transfer,12.206077645517674,2,0,Tidak Churn,2.025184e-06,0
DAD-00525,1340,2,50000.0,2022-05-01,25000.0,Becare Food,Transfer,10.819798284210286,2,0,Tidak Churn,0.00018179281,0
DAD-00526,1340,2,120000.0,2022-05-01,60000.0,Becare Food,Transfer,11.695255355062795,2,0,Tidak Churn,5.3967187e-06,0
DAD-00528,1340,2,140000.0,2022-05-01,70000.0,Wakaf Qur'an,Transfer,11.849404844423074,2,0,Tidak Churn,3.907734e-06,0
DAD-00529,1340,2,200000.0,2022-05-01,100000.0,Wakaf Qur'an,Transfer,12.206077645517674,2,0,Tidak Churn,2.7357921e-06,0
DAD-00530,656,3,150000.0,2024-03-15,50000.0,Becare Food,Transfer,11.918397239722838,1,1,Berpotensi Churn,0.9847126,1
DAD-00531,1340,2,140000.0,2022-05-01,70000.0,Wakaf Qur'an,Transfer,11.849404844423074,2,0,Tidak Churn,3.907734e-06,0
DAD-00532,1340,2,100000.0,2022-05-01,50000.0,Becare Food,Transfer,11.51293546492023,2,0,Tidak Churn,6.2826784e-06,0
DAD-00533,1340,2,100000.0,2022-05-01,50000.0,Becare Food,Transfer,11.51293546492023,2,0,Tidak Churn,6.2826784e-06,0
DAD-00534,1340,2,100000.0,2022-05-01,50000.0,Becare Food,Transfer,11.51293546492023,2,0,Tidak Churn,6.2826784e-06,0
DAD-00535,1340,2,500000.0,2022-05-01,250000.0,Kado Cinta Ramadhan,Transfer,13.122365377402328,2,0,Tidak Churn,1.8350465e-06,0
DAD-00536,1340,2,500000.0,2022-05-01,250000.0,Berbagi Bingkisan Ramadhan,Transfer,13.122365377402328,2,0,Tidak Churn,1.8350465e-06,0
DAD-00537,1340,2,280000.0,2022-05-01,140000.0,Wakaf Qur'an,Transfer,12.54254845357358,2,0,Tidak Churn,2.0149312e-06,0
DAD-00538,1340,2,200000.0,2022-05-01,100000.0,Becare Food,Transfer,12.206077645517674,2,0,Tidak Churn,2.7357921e-06,0
DAD-00539,1340,2,120000.0,2022-05-01,60000.0,Becare Food,Transfer,11.695255355062795,2,0,Tidak Churn,5.3967187e-06,0
DAD-00540,1279,4,300000.0,2022-07-01,100000.0,Bantuan Alkes,Transfer,12.611541086966115,2,0,Tidak Churn,1.6987844e-06,0
DAD-00542,942,3,415000.0,2023-06-03,15000.0,Becare Food,Transfer,12.936036208848487,2,0,Tidak Churn,1.5867112e-06,0
DAD-00543,341,8,1150000.0,2025-01-24,100000.0,Becare Food,Transfer,13.955273369904273,1,1,Berpotensi Churn,0.9999479,1
DAD-00544,1340,2,500000.0,2022-05-01,250000.0,Wakaf Qur'an,Transfer,13.122365377402328,2,0,Tidak Churn,1.8350465e-06,0
DAD-00545,1279,4,600000.0,2022-07-01,250000.0,Bantuan Palestina,Transfer,13.304686600863562,2,0,Tidak Churn,1.3036134e-06,0
DAD-00546,1340,2,200000.0,2022-05-01,100000.0,Bantuan Palestina,Transfer,12.206077645517674,2,0,Tidak Churn,2.7357921e-06,0
DAD-00547,1340,2,200000.0,2022-05-01,100000.0,Bantuan Palestina,Transfer,12.206077645517674,2,0,Tidak Churn,2.7357921e-06,0
DAD-00548,803,10,630000.0,2023-10-20,30000.0,Pulihkan Duka Negeri Palestina,Transfer,13.353476685668044,2,0,Tidak Churn,1.1033627e-06,0
DAD-00549,1340,2,100000.0,2022-05-01,50000.0,Bantuan Palestina,Transfer,11.51293546492023,2,0,Tidak Churn,6.2826784e-06,0
DAD-00550,1340,2,300000.0,2022-05-01,150000.0,Bantuan Palestina,Transfer,12.611541086966115,2,0,Tidak Churn,2.294864e-06,0
DAD-00551,957,3,360000.0,2023-05-19,120000.0,Wali Asuh Santri,Transfer,12.793862088206213,2,0,Tidak Churn,1.6657236e-06,0
DAD-00552,1340,2,500000.0,2022-05-01,250000.0,Bantuan Palestina,Transfer,13.122365377402328,2,0,Tidak Churn,1.8350465e-06,0
DAD-00553,369,4,650000.0,2024-12-27,50000.0,Bantuan Palestina,Transfer,13.384729180332174,1,1,Berpotensi Churn,0.99995947,1
DAD-00554,1062,3,550000.0,2023-02-03,50000.0,Kado Cinta Ramadhan,Transfer,13.217675375388819,2,0,Tidak Churn,1.3468095e-06,0
DAD-00555,1340,2,180000.0,2022-05-01,90000.0,Becare Food,Transfer,12.100717685412471,2,0,Tidak Churn,2.7357921e-06,0
DAD-00556,1279,6,530000.0,2022-07-01,100000.0,Becare Food,Transfer,13.180634172318978,2,0,Tidak Churn,1.1742188e-06,0
DAD-00558,929,5,1150000.0,2023-06-16,150000.0,Kado Cinta Ramadhan,Transfer,13.955273369904273,2,0,Tidak Churn,2.5530687e-06,0
DAD-00559,1340,2,200000.0,2022-05-01,100000.0,Becare Food,Transfer,12.206077645517674,2,0,Tidak Churn,2.7357921e-06,0
DAD-00560,635,5,190000.0,2024-04-05,50000.0,Becare Food,Transfer,12.154784614286667,1,1,Berpotensi Churn,0.9975126,1
DAD-00561,1340,2,200000.0,2022-05-01,100000.0,Becare Food,Transfer,12.206077645517674,2,0,Tidak Churn,2.7357921e-06,0
DAD-00562,1340,2,40000.0,2022-05-01,20000.0,Becare Food,Transfer,10.596659732783579,2,0,Tidak Churn,0.00051167863,0
DAD-00563,1279,6,150000.0,2022-07-01,20000.0,Becare Food,Transfer,11.918397239722838,2,0,Tidak Churn,2.605594e-06,0
DAD-00564,1340,2,100000.0,2022-05-01,50000.0,Becare Food,Transfer,11.51293546492023,2,0,Tidak Churn,6.2826784e-06,0
DAD-00565,1340,2,100000.0,2022-05-01,50000.0,Becare Food,Transfer,11.51293546492023,2,0,Tidak Churn,6.2826784e-06,0
DAD-00566,1340,4,60000.0,2022-05-01,20000.0,Becare Food,Transfer,11.002116507732017,2,0,Tidak Churn,5.6629437e-06,0
DAD-00567,1340,2,100000.0,2022-05-01,50000.0,Becare Food,Transfer,11.51293546492023,2,0,Tidak Churn,6.2826784e-06,0
DAD-00568,747,45,965000.0,2023-12-15,20000.0,Pulihkan Duka Negeri Palestina,Transfer,13.779884416590017,0,0,Tidak Churn,4.144017e-06,0
DAD-00570,1340,2,200000.0,2022-05-01,100000.0,Becare Food,Transfer,12.206077645517674,2,0,Tidak Churn,2.7357921e-06,0
DAD-00571,348,20,2300000.0,2025-01-17,200000.0,Becare Food,Transfer,14.648420115681892,0,0,Tidak Churn,0.0016899776,0
DAD-00572,488,4,550000.0,2024-08-30,100000.0,Becare Food,Transfer,13.217675375388819,1,1,Berpotensi Churn,0.9999583,1
DAD-00573,1340,2,40000.0,2022-05-01,20000.0,Becare Food,Transfer,10.596659732783579,2,0,Tidak Churn,0.00051167863,0
DAD-00574,1340,2,60000.0,2022-05-01,30000.0,Becare Food,Transfer,11.002116507732017,2,0,Tidak Churn,7.649987e-06,0
DAD-00575,978,7,800000.0,2023-04-28,200000.0,Becare Food,Transfer,13.592368256649284,2,0,Tidak Churn,1.6761821e-06,0
DAD-00576,1309,6,340000.0,2022-06-01,50000.0,Becare Food,Transfer,12.73670383776449,2,0,Tidak Churn,1.5301658e-06,0
DAD-00577,796,6,650000.0,2023-10-27,100000.0,Becare Food,Transfer,13.384729180332174,2,0,Tidak Churn,1.3307226e-06,0
DAD-00578,1340,4,200000.0,2022-05-01,30000.0,Becare Food,Transfer,12.206077645517674,2,0,Tidak Churn,2.025184e-06,0
DAD-00579,1340,2,60000.0,2022-05-01,30000.0,Becare Food,Transfer,11.002116507732017,2,0,Tidak Churn,7.649987e-06,0
DAD-00580,29,6,980000.0,2025-12-02,200000.0,Becare Food,Transfer,13.795308871054397,1,1,Berpotensi Churn,0.9999151,1
DAD-00581,1062,4,588000.0,2023-02-03,288000.0,Becare Food,Transfer,13.28448392755959,2,0,Tidak Churn,1.3036134e-06,0
DAD-00582,655,5,131000.0,2024-03-16,50000.0,Bantuan Palestina,Transfer,11.782960235741939,1,1,Berpotensi Churn,0.99734277,1
DAD-00583,1340,2,60000.0,2022-05-01,30000.0,Becare Food,Transfer,11.002116507732017,2,0,Tidak Churn,7.649987e-06,0
DAD-00584,284,16,1195000.0,2025-03-22,30000.0,Syiar Qur'an Indonesia,Transfer,13.993657580167481,1,1,Berpotensi Churn,0.9994937,1
DAD-00585,1013,4,950000.0,2023-03-24,100000.0,Becare Food,Transfer,13.76421831620775,2,0,Tidak Churn,2.2013978e-06,0
DAD-00587,1340,2,200000.0,2022-05-01,100000.0,Becare Food,Transfer,12.206077645517674,2,0,Tidak Churn,2.7357921e-06,0
DAD-00588,992,3,450000.0,2023-04-14,50000.0,Becare Food,Transfer,13.017005083966255,2,0,Tidak Churn,1.4034136e-06,0
DAD-00589,306,3,120000.0,2025-02-28,60000.0,Zakat Fitrah,Transfer,11.695255355062795,1,1,Berpotensi Churn,0.99999714,1
DAD-00590,1309,6,600000.0,2022-06-01,100000.0,Becare Food,Transfer,13.304686600863562,2,0,Tidak Churn,1.1742188e-06,0
DAD-00591,1340,2,300000.0,2022-05-01,150000.0,Becare Food,Transfer,12.611541086966115,2,0,Tidak Churn,2.294864e-06,0
DAD-00592,954,5,350000.0,2023-05-22,50000.0,Wali Asuh Santri,Transfer,12.765691290604371,2,0,Tidak Churn,1.4812275e-06,0
DAD-00593,1340,2,200000.0,2022-05-01,100000.0,Bantuan Palestina,Transfer,12.206077645517674,2,0,Tidak Churn,2.7357921e-06,0
DAD-00594,1340,2,200000.0,2022-05-01,100000.0,Bantuan Palestina,Transfer,12.206077645517674,2,0,Tidak Churn,2.7357921e-06,0
DAD-00595,635,10,1030000.0,2024-04-05,50000.0,Pulihkan Duka Negeri Palestina,Transfer,13.845070331079134,2,0,Tidak Churn,0.0040174266,0
DAD-00596,1279,4,600000.0,2022-07-01,100000.0,Bantuan Palestina,Transfer,13.304686600863562,2,0,Tidak Churn,1.3036134e-06,0
DAD-00597,1340,2,300000.0,2022-05-01,150000.0,Bantuan Palestina,Transfer,12.611541086966115,2,0,Tidak Churn,2.294864e-06,0
DAD-00598,1340,2,100000.0,2022-05-01,50000.0,Bantuan Palestina,Transfer,11.51293546492023,2,0,Tidak Churn,6.2826784e-06,0
DAD-00599,1340,2,300000.0,2022-05-01,150000.0,Bantuan Palestina,Transfer,12.611541086966115,2,0,Tidak Churn,2.294864e-06,0
DAD-00600,1340,2,400000.0,2022-05-01,200000.0,Bantuan Palestina,Transfer,12.899222326086994,2,0,Tidak Churn,2.1780324e-06,0
DAD-00603,1309,2,140000.0,2022-06-01,70000.0,Qur'an Minded,Transfer,11.849404844423074,2,0,Tidak Churn,3.907734e-06,0
DAD-00604,1309,2,420000.0,2022-06-01,210000.0,Qur'an Minded,Transfer,12.948012371209098,2,0,Tidak Churn,2.0747189e-06,0
DAD-00605,1309,2,280000.0,2022-06-01,140000.0,Qur'an Minded,Transfer,12.54254845357358,2,0,Tidak Churn,2.0149312e-06,0
DAD-00606,1309,2,500000.0,2022-06-01,250000.0,Sedekah Qurban,Transfer,13.122365377402328,2,0,Tidak Churn,1.8350465e-06,0
DAD-00607,1309,2,300000.0,2022-06-01,150000.0,Becare Food,Transfer,12.611541086966115,2,0,Tidak Churn,2.294864e-06,0
DAD-00608,1279,4,200000.0,2022-07-01,60000.0,Becare Food,Transfer,12.206077645517674,2,0,Tidak Churn,2.025184e-06,0
DAD-00609,1309,2,200000.0,2022-06-01,100000.0,Becare Food,Transfer,12.206077645517674,2,0,Tidak Churn,2.7357921e-06,0
DAD-00610,1309,2,200000.0,2022-06-01,100000.0,Qur'an Minded,Transfer,12.206077645517674,2,0,Tidak Churn,2.7357921e-06,0
DAD-00611,439,4,400000.0,2024-10-18,50000.0,Becare Food,Transfer,12.899222326086994,1,1,Berpotensi Churn,0.9999919,1
DAD-00613,1279,4,1200000.0,2022-07-01,300000.0,Becare Food,Transfer,13.997832948091215,2,0,Tidak Churn,2.3337209e-06,0
DAD-00614,1309,2,200000.0,2022-06-01,100000.0,Bantuan Palestina,Transfer,12.206077645517674,2,0,Tidak Churn,2.7357921e-06,0
DAD-00615,1279,4,130000.0,2022-07-01,15000.0,Bantuan Alkes,Transfer,11.775297421715827,2,0,Tidak Churn,3.9949473e-06,0
DAD-00616,1309,2,100000.0,2022-06-01,50000.0,Qur'an Minded,Transfer,11.51293546492023,2,0,Tidak Churn,6.2826784e-06,0
DAD-00617,1309,2,167000.0,2022-06-01,83500.0,Sedekah Qurban,Transfer,12.025755079404917,2,0,Tidak Churn,2.7594326e-06,0
DAD-00618,1279,4,400000.0,2022-07-01,100000.0,Becare Food,Transfer,12.899222326086994,2,0,Tidak Churn,1.6122992e-06,0
DAD-00619,1309,2,200000.0,2022-06-01,100000.0,Becare Food,Transfer,12.206077645517674,2,0,Tidak Churn,2.7357921e-06,0
DAD-00620,1309,2,500000.0,2022-06-01,250000.0,Becare Food,Transfer,13.122365377402328,2,0,Tidak Churn,1.8350465e-06,0
DAD-00621,563,7,825705.0,2024-06-16,100000.0,Zakat Movement,Transfer,13.623994056940823,1,1,Berpotensi Churn,0.999948,1
DAD-00622,1279,4,120000.0,2022-07-01,20000.0,Becare Food,Transfer,11.695255355062795,2,0,Tidak Churn,3.9949473e-06,0
DAD-00623,1309,2,200000.0,2022-06-01,100000.0,Becare Food,Transfer,12.206077645517674,2,0,Tidak Churn,2.7357921e-06,0
DAD-00624,278,20,2150000.0,2025-03-28,120000.0,Zakat Movement,Transfer,14.580978865220017,0,0,Tidak Churn,0.0021790534,0
DAD-00625,1309,2,200000.0,2022-06-01,100000.0,Becare Food,Transfer,12.206077645517674,2,0,Tidak Churn,2.7357921e-06,0
DAD-00626,1309,2,280000.0,2022-06-01,140000.0,Qur'an Minded,Transfer,12.54254845357358,2,0,Tidak Churn,2.0149312e-06,0
DAD-00627,210,7,1700000.0,2025-06-04,200000.0,Bantuan Alkes,Transfer,14.346139397261565,1,1,Berpotensi Churn,0.999721,1
DAD-00629,418,13,575000.0,2024-11-08,50000.0,Pulihkan Duka Negeri Palestina,Transfer,13.26212705890841,1,1,Berpotensi Churn,0.9998832,1
DAD-00631,1038,4,450000.0,2023-02-27,150000.0,Qurban Movement,Transfer,13.017005083966255,2,0,Tidak Churn,1.3584021e-06,0
DAD-00632,1309,2,100000.0,2022-06-01,50000.0,Sedekah Qurban,Transfer,11.51293546492023,2,0,Tidak Churn,6.2826784e-06,0
DAD-00633,1279,6,580000.0,2022-07-01,100000.0,Bantuan Alkes,Transfer,13.270785106659046,2,0,Tidak Churn,1.1742188e-06,0
DAD-00635,634,13,1240000.0,2024-04-06,50000.0,Becare Food,Transfer,14.030622744032508,2,0,Tidak Churn,0.00084014086,0
DAD-00636,1279,2,100000.0,2022-07-01,50000.0,Bantuan Alkes,Transfer,11.51293546492023,2,0,Tidak Churn,6.2826784e-06,0
DAD-00637,1279,2,600000.0,2022-07-01,300000.0,Bantuan Alkes,Transfer,13.304686600863562,2,0,Tidak Churn,1.7610333e-06,0
DAD-00638,1279,2,300000.0,2022-07-01,150000.0,Bantuan Alkes,Transfer,12.611541086966115,2,0,Tidak Churn,2.294864e-06,0
DAD-00639,810,3,50000.0,2023-10-13,30000.0,Bantuan Alkes,Transfer,10.819798284210286,2,0,Tidak Churn,0.0001390382,0
DAD-00640,1279,2,200000.0,2022-07-01,100000.0,Bantuan Alkes,Transfer,12.206077645517674,2,0,Tidak Churn,2.7357921e-06,0
DAD-00641,1006,3,125000.0,2023-03-31,25000.0,Bantuan Alkes,Transfer,11.736077016252437,2,0,Tidak Churn,4.1273256e-06,0
DAD-00642,1279,2,200000.0,2022-07-01,100000.0,Bantuan Alkes,Transfer,12.206077645517674,2,0,Tidak Churn,2.7357921e-06,0
DAD-00643,1279,4,300000.0,2022-07-01,50000.0,Bantuan Alkes,Transfer,12.611541086966115,2,0,Tidak Churn,1.6987844e-06,0
DAD-00644,1279,6,360000.0,2022-07-01,60000.0,Bantuan Alkes,Transfer,12.793862088206213,2,0,Tidak Churn,1.452265e-06,0
DAD-00645,243,5,400000.0,2025-05-02,100000.0,Bantuan Alkes,Transfer,12.899222326086994,1,1,Berpotensi Churn,0.99997926,1
DAD-00646,12,129,14105000.0,2025-12-19,100000.0,Pulihkan Duka Negeri Palestina,Transfer,16.462039973315076,0,0,Tidak Churn,0.0002543312,0
DAD-00647,1279,2,100000.0,2022-07-01,50000.0,Bantuan Alkes,Transfer,11.51293546492023,2,0,Tidak Churn,6.2826784e-06,0
DAD-00648,986,7,985000.0,2023-04-20,150000.0,Bantuan Alkes,Transfer,13.800397935382136,2,0,Tidak Churn,1.9828908e-06,0
DAD-00649,369,14,1540000.0,2024-12-27,200000.0,Wakaf Movement,Transfer,14.24729362374025,1,1,Berpotensi Churn,0.9981779,1
DAD-00650,1279,2,100000.0,2022-07-01,50000.0,Bantuan Alkes,Transfer,11.51293546492023,2,0,Tidak Churn,6.2826784e-06,0
DAD-00651,1279,2,300000.0,2022-07-01,150000.0,Bantuan Alkes,Transfer,12.611541086966115,2,0,Tidak Churn,2.294864e-06,0
DAD-00652,787,14,1240000.0,2023-11-05,100000.0,Wali Asuh Santri,Transfer,14.030622744032508,2,0,Tidak Churn,1.8160163e-06,0
DAD-00653,280,7,285000.0,2025-03-26,120000.0,Pulihkan Duka Negeri Palestina,Transfer,12.560247968016562,1,1,Berpotensi Churn,0.99998355,1
DAD-00654,1279,2,300000.0,2022-07-01,150000.0,Bantuan Alkes,Transfer,12.611541086966115,2,0,Tidak Churn,2.294864e-06,0
DAD-00655,229,3,300000.0,2025-05-16,100000.0,Becare Food,Transfer,12.611541086966115,1,1,Berpotensi Churn,0.99999213,1
DAD-00656,1279,2,200000.0,2022-07-01,100000.0,Sedekah Qurban,Transfer,12.206077645517674,2,0,Tidak Churn,2.7357921e-06,0
DAD-00657,1279,2,60000.0,2022-07-01,30000.0,Bantuan Alkes,Transfer,11.002116507732017,2,0,Tidak Churn,7.649987e-06,0
DAD-00658,1279,2,200000.0,2022-07-01,100000.0,Sedekah Qurban,Transfer,12.206077645517674,2,0,Tidak Churn,2.7357921e-06,0
DAD-00659,1279,2,200000.0,2022-07-01,100000.0,Becare Food,Transfer,12.206077645517674,2,0,Tidak Churn,2.7357921e-06,0
DAD-00662,817,6,460000.0,2023-10-06,60000.0,Wakaf Movement,Transfer,13.038983942375959,2,0,Tidak Churn,1.2235693e-06,0
DAD-00663,394,2,40000.0,2024-12-02,20000.0,Wali Asuh Santri,Transfer,10.596659732783579,1,1,Berpotensi Churn,0.9999993,1
DAD-00664,1279,2,200000.0,2022-07-01,100000.0,Bantuan Alkes,Transfer,12.206077645517674,2,0,Tidak Churn,2.7357921e-06,0
DAD-00665,1279,2,200000.0,2022-07-01,100000.0,Bantuan Alkes,Transfer,12.206077645517674,2,0,Tidak Churn,2.7357921e-06,0
DAD-00666,215,9,1340000.0,2025-05-30,150000.0,Becare Food,Transfer,14.108180918195472,1,1,Berpotensi Churn,0.99966574,1
DAD-00667,1279,2,100000.0,2022-07-01,50000.0,Bantuan Alkes,Transfer,11.51293546492023,2,0,Tidak Churn,6.2826784e-06,0
DAD-00668,1279,2,100000.0,2022-07-01,50000.0,Bantuan Alkes,Transfer,11.51293546492023,2,0,Tidak Churn,6.2826784e-06,0
DAD-00669,1279,2,100000.0,2022-07-01,50000.0,Bantuan Alkes,Transfer,11.51293546492023,2,0,Tidak Churn,6.2826784e-06,0
DAD-00670,1279,2,200000.0,2022-07-01,100000.0,Bantuan Alkes,Transfer,12.206077645517674,2,0,Tidak Churn,2.7357921e-06,0
DAD-00671,536,24,328638.0,2024-07-13,50000.0,Pulihkan Duka Negeri Palestina,Transfer,12.702715162874469,1,1,Berpotensi Churn,0.80047643,1
DAD-00672,635,30,1057000.0,2024-04-05,25000.0,Pulihkan Duka Negeri Palestina,Transfer,13.870946210925721,0,0,Tidak Churn,0.0011608077,0
DAD-00673,1013,2,400000.0,2023-03-24,150000.0,Ramadhan Fast Track,Transfer,12.899222326086994,2,0,Tidak Churn,2.1780324e-06,0
DAD-00674,1279,2,200000.0,2022-07-01,100000.0,Bantuan Alkes,Transfer,12.206077645517674,2,0,Tidak Churn,2.7357921e-06,0
DAD-00675,991,3,450000.0,2023-04-15,250000.0,Bantuan Alkes,Transfer,13.017005083966255,2,0,Tidak Churn,1.4034136e-06,0
DAD-00676,1279,2,200000.0,2022-07-01,100000.0,Bantuan Alkes,Transfer,12.206077645517674,2,0,Tidak Churn,2.7357921e-06,0
DAD-00677,1279,2,200000.0,2022-07-01,100000.0,Bantuan Alkes,Transfer,12.206077645517674,2,0,Tidak Churn,2.7357921e-06,0
DAD-00678,1279,2,200000.0,2022-07-01,100000.0,Bantuan Alkes,Transfer,12.206077645517674,2,0,Tidak Churn,2.7357921e-06,0
DAD-00679,1279,2,100000.0,2022-07-01,50000.0,Bantuan Alkes,Transfer,11.51293546492023,2,0,Tidak Churn,6.2826784e-06,0
DAD-00680,1279,2,200000.0,2022-07-01,100000.0,Bantuan Alkes,Transfer,12.206077645517674,2,0,Tidak Churn,2.7357921e-06,0
DAD-00681,299,7,590000.0,2025-03-07,50000.0,Bantuan Alkes,Transfer,13.28787951079572,1,1,Berpotensi Churn,0.9999244,1
DAD-00682,1279,2,100000.0,2022-07-01,50000.0,Bantuan Alkes,Transfer,11.51293546492023,2,0,Tidak Churn,6.2826784e-06,0
DAD-00683,1279,2,50000.0,2022-07-01,25000.0,Bantuan Alkes,Transfer,10.819798284210286,2,0,Tidak Churn,0.00018179281,0
DAD-00684,1279,2,100000.0,2022-07-01,50000.0,Bantuan Alkes,Transfer,11.51293546492023,2,0,Tidak Churn,6.2826784e-06,0
DAD-00685,1279,2,400000.0,2022-07-01,200000.0,Bantuan Alkes,Transfer,12.899222326086994,2,0,Tidak Churn,2.1780324e-06,0
DAD-00686,1279,2,200000.0,2022-07-01,100000.0,Bantuan Alkes,Transfer,12.206077645517674,2,0,Tidak Churn,2.7357921e-06,0
DAD-00687,1279,2,20000.0,2022-07-01,10000.0,Bantuan Alkes,Transfer,9.90353755128617,2,0,Tidak Churn,0.001563176,0
DAD-00688,19,5,487500.0,2025-12-12,127500.0,Bantuan Alkes,Transfer,13.097047620699986,1,1,Berpotensi Churn,0.99988437,1
DAD-00689,1279,2,200000.0,2022-07-01,100000.0,Bantuan Alkes,Transfer,12.206077645517674,2,0,Tidak Churn,2.7357921e-06,0
DAD-00690,1068,3,150000.0,2023-01-28,50000.0,Bantuan Alkes,Transfer,11.918397239722838,2,0,Tidak Churn,2.9885725e-06,0
DAD-00691,1279,2,200000.0,2022-07-01,100000.0,Bantuan Alkes,Transfer,12.206077645517674,2,0,Tidak Churn,2.7357921e-06,0
DAD-00692,1279,2,100000.0,2022-07-01,50000.0,Becare Food,Transfer,11.51293546492023,2,0,Tidak Churn,6.2826784e-06,0
DAD-00693,789,12,453000.0,2023-11-03,20000.0,Wakaf Movement,Transfer,13.023649611968253,2,0,Tidak Churn,1.1497352e-06,0
DAD-00694,792,4,200000.0,2023-10-31,50000.0,Becare Food,Transfer,12.206077645517674,2,0,Tidak Churn,2.025184e-06,0
DAD-00695,1279,2,50000.0,2022-07-01,25000.0,Bantuan Alkes,Transfer,10.819798284210286,2,0,Tidak Churn,0.00018179281,0
DAD-00696,1279,2,100000.0,2022-07-01,50000.0,Bantuan Alkes,Transfer,11.51293546492023,2,0,Tidak Churn,6.2826784e-06,0
DAD-00697,1279,2,200000.0,2022-07-01,100000.0,Bantuan Alkes,Transfer,12.206077645517674,2,0,Tidak Churn,2.7357921e-06,0
DAD-00698,803,3,350000.0,2023-10-20,150000.0,Bantuan Alkes,Transfer,12.765691290604371,2,0,Tidak Churn,1.5999917e-06,0
DAD-00699,405,4,577000.0,2024-11-21,277000.0,Zakat Penghasilan,Transfer,13.265599278590988,1,1,Berpotensi Churn,0.9999529,1
DAD-00704,626,1,150000.0,2024-04-14,150000.0,Ramadhan Bangkitkan Negeri,Transfer,11.918397239722838,1,1,Berpotensi Churn,0.99999714,1
DAD-00705,32,16,2750000.0,2025-11-29,200000.0,Pulihkan Duka Negeri Palestina,Transfer,14.827111833279051,1,1,Berpotensi Churn,0.7936254,1
DAD-00706,124,5,800000.0,2025-08-29,250000.0,Wakaf Movement,Transfer,13.592368256649284,1,1,Berpotensi Churn,0.99993,1
DAD-00707,103,13,975000.0,2025-09-19,100000.0,Pulihkan Duka Negeri Palestina,Transfer,13.790193775620484,1,1,Berpotensi Churn,0.9998727,1
DAD-00709,1279,2,100000.0,2022-07-01,50000.0,Sedekah Qurban,Transfer,11.51293546492023,2,0,Tidak Churn,6.2826784e-06,0
DAD-00710,322,21,3950000.0,2025-02-12,200000.0,Pulihkan Duka Negeri Palestina,Transfer,15.18922639004183,0,0,Tidak Churn,0.0009986641,0
DAD-00711,656,6,405000.0,2024-03-15,25000.0,Becare Food,Transfer,12.91164481522143,2,0,Tidak Churn,0.0014907228,0
DAD-00712,447,7,500000.0,2024-10-10,50000.0,Becare Food,Transfer,13.122365377402328,1,1,Berpotensi Churn,0.99996674,1
DAD-00713,1279,2,40000.0,2022-07-01,20000.0,Becare Food,Transfer,10.596659732783579,2,0,Tidak Churn,0.00051167863,0
DAD-00714,908,5,1000000.0,2023-07-07,250000.0,Wakaf Movement,Transfer,13.815511557963774,2,0,Tidak Churn,2.1055225e-06,0
DAD-00715,1279,2,80000.0,2022-07-01,40000.0,Becare Food,Transfer,11.289794413577894,2,0,Tidak Churn,7.2823996e-06,0
DAD-00716,295,3,380000.0,2025-03-11,300000.0,Becare Food,Transfer,12.847929163278053,1,1,Berpotensi Churn,0.99999,1
DAD-00717,1279,2,80000.0,2022-07-01,40000.0,Becare Food,Transfer,11.289794413577894,2,0,Tidak Churn,7.2823996e-06,0
DAD-00718,1279,2,100000.0,2022-07-01,50000.0,Becare Food,Transfer,11.51293546492023,2,0,Tidak Churn,6.2826784e-06,0
DAD-00719,279,4,500000.0,2025-03-27,100000.0,Bantuan Alkes,Transfer,13.122365377402328,1,1,Berpotensi Churn,0.9999682,1
DAD-00720,1279,2,200000.0,2022-07-01,100000.0,Becare Food,Transfer,12.206077645517674,2,0,Tidak Churn,2.7357921e-06,0
DAD-00721,1279,2,200000.0,2022-07-01,100000.0,Becare Food,Transfer,12.206077645517674,2,0,Tidak Churn,2.7357921e-06,0
DAD-00722,1279,2,60000.0,2022-07-01,30000.0,Bantuan Alkes,Transfer,11.002116507732017,2,0,Tidak Churn,7.649987e-06,0
DAD-00723,25,8,1900000.0,2025-12-06,200000.0,Bantuan Alkes,Transfer,14.45736497045232,1,1,Berpotensi Churn,0.9987841,1
DAD-00724,1279,2,40000.0,2022-07-01,20000.0,Bantuan Alkes,Transfer,10.596659732783579,2,0,Tidak Churn,0.00051167863,0
DAD-00726,586,18,418000.0,2024-05-24,30000.0,Pulihkan Duka Negeri Palestina,Transfer,12.94323910384853,1,1,Berpotensi Churn,0.9810296,1
DAD-00727,355,7,720000.0,2025-01-10,50000.0,Becare Food,Transfer,13.487007879880162,1,1,Berpotensi Churn,0.9999505,1
DAD-00728,1279,2,80000.0,2022-07-01,40000.0,Becare Food,Transfer,11.289794413577894,2,0,Tidak Churn,7.2823996e-06,0
DAD-00729,1279,4,220000.0,2022-07-01,40000.0,Becare Food,Transfer,12.301387370778713,2,0,Tidak Churn,1.9113281e-06,0
DAD-00730,1279,2,50000.0,2022-07-01,25000.0,Bantuan Alkes,Transfer,10.819798284210286,2,0,Tidak Churn,0.00018179281,0
DAD-00731,1279,2,100000.0,2022-07-01,50000.0,Bantuan Alkes,Transfer,11.51293546492023,2,0,Tidak Churn,6.2826784e-06,0
DAD-00733,32,3,400000.0,2025-11-29,100000.0,Sambung Hidup,Transfer,12.899222326086994,1,1,Berpotensi Churn,0.99995065,1
DAD-00736,1279,2,100000.0,2022-07-01,50000.0,Sedekah Qurban,Transfer,11.51293546492023,2,0,Tidak Churn,6.2826784e-06,0
DAD-00739,1279,2,400000.0,2022-07-01,200000.0,Qur'an Minded,Transfer,12.899222326086994,2,0,Tidak Churn,2.1780324e-06,0
DAD-00740,1279,2,100000.0,2022-07-01,50000.0,Fasilitas Belajar Santri,Transfer,11.51293546492023,2,0,Tidak Churn,6.2826784e-06,0
DAD-00741,1279,2,100000.0,2022-07-01,50000.0,Fasilitas Belajar Santri,Transfer,11.51293546492023,2,0,Tidak Churn,6.2826784e-06,0
DAD-00742,572,7,200000.0,2024-06-07,20000.0,Fasilitas Belajar Santri,Transfer,12.206077645517674,1,1,Berpotensi Churn,0.9998814,1
DAD-00743,1279,2,140000.0,2022-07-01,70000.0,Qur'an Minded,Transfer,11.849404844423074,2,0,Tidak Churn,3.907734e-06,0
DAD-00744,1279,2,200000.0,2022-07-01,100000.0,Qur'an Minded,Transfer,12.206077645517674,2,0,Tidak Churn,2.7357921e-06,0
DAD-00745,1279,2,140000.0,2022-07-01,70000.0,Qur'an Minded,Transfer,11.849404844423074,2,0,Tidak Churn,3.907734e-06,0
DAD-00746,1279,2,100000.0,2022-07-01,50000.0,Fasilitas Belajar Santri,Transfer,11.51293546492023,2,0,Tidak Churn,6.2826784e-06,0
DAD-00747,1279,2,100000.0,2022-07-01,50000.0,Fasilitas Belajar Santri,Transfer,11.51293546492023,2,0,Tidak Churn,6.2826784e-06,0
DAD-00748,564,3,120000.0,2024-06-15,100000.0,Fasilitas Belajar Santri,Transfer,11.695255355062795,1,1,Berpotensi Churn,0.99999785,1
DAD-00749,1279,2,100000.0,2022-07-01,50000.0,Fasilitas Belajar Santri,Transfer,11.51293546492023,2,0,Tidak Churn,6.2826784e-06,0
DAD-00750,1279,2,40026.0,2022-07-01,20013.0,Fasilitas Belajar Santri,Transfer,10.597309505386036,2,0,Tidak Churn,0.00051167863,0
DAD-00751,1279,2,200000.0,2022-07-01,100000.0,Qur'an Minded,Transfer,12.206077645517674,2,0,Tidak Churn,2.7357921e-06,0
DAD-00752,32,9,690000.0,2025-11-29,100000.0,Pulihkan Duka Negeri Palestina,Transfer,13.444448325847754,1,1,Berpotensi Churn,0.9998764,1
DAD-00753,1279,2,200000.0,2022-07-01,100000.0,Qur'an Minded,Transfer,12.206077645517674,2,0,Tidak Churn,2.7357921e-06,0
DAD-00754,278,29,1335000.0,2025-03-28,90000.0,Pulihkan Duka Negeri Palestina,Transfer,14.104442598879876,0,0,Tidak Churn,0.0018165411,0
DAD-00755,1279,2,100000.0,2022-07-01,50000.0,Fasilitas Belajar Santri,Transfer,11.51293546492023,2,0,Tidak Churn,6.2826784e-06,0
DAD-00756,1279,2,200000.0,2022-07-01,100000.0,Qur'an Minded,Transfer,12.206077645517674,2,0,Tidak Churn,2.7357921e-06,0
DAD-00757,1279,2,140000.0,2022-07-01,70000.0,Qur'an Minded,Transfer,11.849404844423074,2,0,Tidak Churn,3.907734e-06,0
DAD-00758,1279,2,400000.0,2022-07-01,200000.0,Becare Food,Transfer,12.899222326086994,2,0,Tidak Churn,2.1780324e-06,0
DAD-00759,1279,2,100000.0,2022-07-01,50000.0,Fasilitas Belajar Santri,Transfer,11.51293546492023,2,0,Tidak Churn,6.2826784e-06,0
DAD-00760,1081,3,90000.0,2023-01-15,50000.0,Fasilitas Belajar Santri,Transfer,11.407576060361786,2,0,Tidak Churn,5.341461e-06,0
DAD-00761,1279,2,60000.0,2022-07-01,30000.0,Fasilitas Belajar Santri,Transfer,11.002116507732017,2,0,Tidak Churn,7.649987e-06,0
DAD-00762,33,129,3103250.0,2025-11-28,15000.0,Pulihkan Duka Negeri Palestina,Transfer,14.947960829620952,0,0,Tidak Churn,0.0002543312,0
DAD-00763,732,1,50000.0,2023-12-30,50000.0,Pulihkan Duka Negeri Palestina,Transfer,10.819798284210286,2,0,Tidak Churn,0.14643829,0
DAD-00764,712,9,700000.0,2024-01-19,100000.0,Pulihkan Duka Negeri Palestina,Transfer,13.45883704259595,2,0,Tidak Churn,9.320736e-06,0
DAD-00765,737,1,100000.0,2023-12-25,100000.0,Pulihkan Duka Negeri Palestina,Transfer,11.51293546492023,2,0,Tidak Churn,0.00010731026,0
DAD-00766,558,2,150000.0,2024-06-21,50000.0,Pulihkan Duka Negeri Palestina,Transfer,11.918397239722838,1,1,Berpotensi Churn,0.9999989,1
DAD-00767,738,1,30000.0,2023-12-24,30000.0,Pulihkan Duka Negeri Palestina,Transfer,10.308985993422082,1,1,Berpotensi Churn,0.9623782,1
DAD-00768,222,5,300000.0,2025-05-23,50000.0,Pulihkan Duka Negeri Palestina,Transfer,12.611541086966115,1,1,Berpotensi Churn,0.99998844,1
DAD-00769,740,1,50022.0,2023-12-22,50022.0,Pulihkan Duka Negeri Palestina,Transfer,10.820238178642716,2,0,Tidak Churn,0.052038554,0
DAD-00770,740,1,100000.0,2023-12-22,100000.0,Pulihkan Duka Negeri Palestina,Transfer,11.51293546492023,2,0,Tidak Churn,4.9096263e-05,0
DAD-00771,746,1,15000.0,2023-12-16,15000.0,Pulihkan Duka Negeri Palestina,Transfer,9.61587214452889,1,1,Berpotensi Churn,0.96811676,1
DAD-00772,719,2,200000.0,2024-01-12,100000.0,Pulihkan Duka Negeri Palestina,Transfer,12.206077645517674,2,0,Tidak Churn,3.702323e-05,0
DAD-00773,276,13,1900000.0,2025-03-30,200000.0,Zakat Movement,Transfer,14.45736497045232,1,1,Berpotensi Churn,0.9989447,1
DAD-00774,621,3,220000.0,2024-04-19,50000.0,Wali Asuh Santri,Transfer,12.301387370778713,1,1,Berpotensi Churn,0.9999615,1
DAD-00775,732,1,250000.0,2023-12-30,250000.0,Pulihkan Duka Negeri Palestina,Transfer,12.429220196836383,2,0,Tidak Churn,2.0462405e-05,0
DAD-00776,732,1,100000.0,2023-12-30,100000.0,Pulihkan Duka Negeri Palestina,Transfer,11.51293546492023,2,0,Tidak Churn,0.00010731026,0
DAD-00777,732,15,1501500.0,2023-12-30,97000.0,Zakat Movement,Transfer,14.221975832405967,2,0,Tidak Churn,5.4554716e-06,0
DAD-00778,696,4,800000.0,2024-02-04,200000.0,Zakat Movement,Transfer,13.592368256649284,2,0,Tidak Churn,5.1819312e-05,0
DAD-00779,579,2,100000.0,2024-05-31,50000.0,Pulihkan Duka Negeri Palestina,Transfer,11.51293546492023,1,1,Berpotensi Churn,0.99999654,1
DAD-00780,313,10,2032500.0,2025-02-21,100000.0,Zakat Movement,Transfer,14.524777612408903,1,1,Berpotensi Churn,0.9990446,1
DAD-00781,222,106,5415000.0,2025-05-23,50000.0,Qurban Movement,Transfer,15.504683623089418,0,0,Tidak Churn,0.00046061625,0
DAD-00782,544,12,405000.0,2024-07-05,50000.0,Pulihkan Duka Negeri Palestina,Transfer,12.91164481522143,1,1,Berpotensi Churn,0.99997675,1
DAD-00783,5,20,3575000.0,2025-12-26,100000.0,Pulihkan Duka Negeri Palestina,Transfer,15.089476013830486,0,0,Tidak Churn,0.00050762447,0
DAD-00784,222,76,1855000.0,2025-05-23,20000.0,Pulihkan Duka Negeri Palestina,Transfer,14.433395793107085,0,0,Tidak Churn,0.0019792956,0
DAD-00785,450,4,300000.0,2024-10-07,100000.0,Pulihkan Duka Negeri Palestina,Transfer,12.611541086966115,1,1,Berpotensi Churn,0.9999957,1
DAD-00786,278,2,200000.0,2025-03-28,100000.0,Pulihkan Duka Negeri Palestina,Transfer,12.206077645517674,1,1,Berpotensi Churn,0.99999774,1
DAD-00787,565,11,1400000.0,2024-06-14,200000.0,Qurban Movement,Transfer,14.151983508870947,1,1,Berpotensi Churn,0.9965719,1
DAD-00788,250,47,470000.0,2025-04-25,10000.0,Pulihkan Duka Negeri Palestina,Transfer,13.060490101343552,0,0,Tidak Churn,0.02881164,0
DAD-00789,96,35,4500000.0,2025-09-26,50000.0,Pulihkan Duka Negeri Palestina,Transfer,15.319588176962746,0,0,Tidak Churn,0.0002543312,0
DAD-00790,25,23,3135000.0,2025-12-06,200000.0,Pulihkan Duka Negeri Palestina,Transfer,14.958140051028373,0,0,Tidak Churn,0.0002696611,0
DAD-00791,733,1,30000.0,2023-12-29,30000.0,Pulihkan Duka Negeri Palestina,Transfer,10.308985993422082,1,1,Berpotensi Churn,0.9623782,1
DAD-00792,152,46,5035000.0,2025-08-01,100000.0,Wali Asuh Santri,Transfer,15.431924282744513,0,0,Tidak Churn,0.0006733692,0
DAD-00793,404,5,130000.0,2024-11-22,50000.0,Pulihkan Duka Negeri Palestina,Transfer,11.775297421715827,1,1,Berpotensi Churn,0.99999654,1
DAD-00794,182,51,6802500.0,2025-07-02,246500.0,Pulihkan Duka Negeri Palestina,Transfer,15.732800896644305,0,0,Tidak Churn,0.00053239823,0
DAD-00795,10,24,1030000.0,2025-12-21,100000.0,Wali Asuh Santri,Transfer,13.845070331079134,0,0,Tidak Churn,0.019325389,0
DAD-00796,5,39,6820000.0,2025-12-26,150000.0,Pulihkan Duka Negeri Palestina,Transfer,15.7353701764472,0,0,Tidak Churn,0.0002543312,0
DAD-00797,12,125,23060000.0,2025-12-19,250000.0,Pulihkan Duka Negeri Palestina,Transfer,16.95361011617032,0,0,Tidak Churn,0.0002543312,0
DAD-00798,684,3,160000.0,2024-02-16,50000.0,Pulihkan Duka Negeri Palestina,Transfer,11.982935344196433,2,0,Tidak Churn,0.0022151014,0
DAD-00799,600,69,3500000.0,2024-05-10,50000.0,Pulihkan Duka Negeri Palestina,Transfer,15.068273812173887,0,0,Tidak Churn,0.00016649457,0
DAD-00800,148,28,3440599.0,2025-08-05,130000.0,Zakat Movement,Transfer,15.051156432745076,0,0,Tidak Churn,0.0006733692,0
DAD-00801,159,11,1300000.0,2025-07-25,100000.0,Pulihkan Duka Negeri Palestina,Transfer,14.077875591662238,1,1,Berpotensi Churn,0.9997155,1
DAD-00802,733,3,300000.0,2023-12-29,100000.0,Pulihkan Duka Negeri Palestina,Transfer,12.611541086966115,2,0,Tidak Churn,5.632421e-06,0
DAD-00803,733,1,50000.0,2023-12-29,50000.0,Pulihkan Duka Negeri Palestina,Transfer,10.819798284210286,2,0,Tidak Churn,0.14643829,0
DAD-00804,222,17,405000.0,2025-05-23,10000.0,Pulihkan Duka Negeri Palestina,Transfer,12.91164481522143,1,1,Berpotensi Churn,0.99972504,1
DAD-00805,656,3,350000.0,2024-03-15,100000.0,Pulihkan Duka Negeri Palestina,Transfer,12.765691290604371,2,0,Tidak Churn,0.058227904,0
DAD-00806,18,9,400000.0,2025-12-13,50000.0,Pulihkan Duka Negeri Palestina,Transfer,12.899222326086994,1,1,Berpotensi Churn,0.9999014,1
DAD-00807,283,29,2513100.0,2025-03-23,45000.0,Zakat Movement,Transfer,14.737028006724858,0,0,Tidak Churn,0.0005841414,0
DAD-00808,474,25,1460000.0,2024-09-13,50000.0,Pulihkan Duka Negeri Palestina,Transfer,14.19394767861579,0,0,Tidak Churn,0.001677978,0
DAD-00809,33,11,800454.0,2025-11-28,50454.0,Pulihkan Duka Negeri Palestina,Transfer,13.592935594973083,1,1,Berpotensi Churn,0.9998418,1
DAD-00810,229,11,455000.0,2025-05-16,25000.0,Pulihkan Duka Negeri Palestina,Transfer,13.02805489573287,1,1,Berpotensi Churn,0.9999138,1
DAD-00811,264,38,5250000.0,2025-04-11,100000.0,Pulihkan Duka Negeri Palestina,Transfer,15.473738825043979,0,0,Tidak Churn,0.00042372395,0
DAD-00812,278,35,1980000.0,2025-03-28,50000.0,Pulihkan Duka Negeri Palestina,Transfer,14.498607907721096,0,0,Tidak Churn,0.0013480509,0
DAD-00813,628,17,3085625.0,2024-04-12,300000.0,Wakaf Movement,Transfer,14.942265112078664,2,0,Tidak Churn,0.00040384344,0
DAD-00814,12,82,282500.0,2025-12-19,2000.0,Pulihkan Duka Negeri Palestina,Transfer,12.551437369385376,0,0,Tidak Churn,0.13396347,0
DAD-00815,733,2,600000.0,2023-12-29,300000.0,Becarefood,Transfer,13.304686600863562,2,0,Tidak Churn,6.1190653e-06,0
DAD-00816,103,110,11900000.0,2025-09-19,100000.0,Pulihkan Duka Negeri Palestina,Transfer,16.29204904211537,0,0,Tidak Churn,0.0002543312,0
DAD-00817,700,7,185000.0,2024-01-31,25000.0,Pulihkan Duka Negeri Palestina,Transfer,12.128116509451258,2,0,Tidak Churn,6.411128e-05,0
DAD-00818,282,2,400000.0,2025-03-24,150000.0,Ramadhan Bangkitkan Negeri,Transfer,12.899222326086994,1,1,Berpotensi Churn,0.99999344,1
DAD-00819,299,1,200000.0,2025-03-07,200000.0,Sambung Hidup Dhuafa,Transfer,12.206077645517674,1,1,Berpotensi Churn,0.9999987,1
DAD-00820,425,9,350000.0,2024-11-01,25000.0,Pulihkan Duka Negeri Palestina,Transfer,12.765691290604371,1,1,Berpotensi Churn,0.99998844,1
DAD-00821,317,1,200000.0,2025-02-17,200000.0,Sambung Hidup Dhuafa,Transfer,12.206077645517674,1,1,Berpotensi Churn,0.9999987,1
DAD-00822,733,2,200000.0,2023-12-29,100000.0,Pulihkan Duka Negeri Palestina,Transfer,12.206077645517674,2,0,Tidak Churn,1.1776555e-05,0
DAD-00823,638,6,1050000.0,2024-04-02,100000.0,Qurban Movement,Transfer,13.864301674514206,2,0,Tidak Churn,0.005597373,0
DAD-00824,734,1,100000.0,2023-12-28,100000.0,Pulihkan Duka Negeri Palestina,Transfer,11.51293546492023,2,0,Tidak Churn,0.00010731026,0
DAD-00825,377,16,1600000.0,2024-12-19,100000.0,Qurban Movement,Transfer,14.285514812209815,1,1,Berpotensi Churn,0.9945576,1
DAD-00826,393,7,1250000.0,2024-12-03,300000.0,Qurban Movement,Cash,14.038654909278163,1,1,Berpotensi Churn,0.99946326,1
DAD-00827,145,17,2400000.0,2025-08-08,100000.0,Qurban Movement,Transfer,14.690979711984754,1,1,Berpotensi Churn,0.8538436,1
DAD-00828,735,5,450000.0,2023-12-27,50000.0,Wali Asuh Santri,Transfer,13.017005083966255,2,0,Tidak Churn,3.502818e-06,0
DAD-00829,735,1,300000.0,2023-12-27,300000.0,Pulihkan Duka Negeri Palestina,Transfer,12.611541086966115,2,0,Tidak Churn,1.7728877e-05,0
DAD-00830,373,12,2700000.0,2024-12-23,210000.0,Qurban Movement,Transfer,14.80876270134486,1,1,Berpotensi Churn,0.9943124,1
DAD-00831,369,17,1180000.0,2024-12-27,100000.0,Wali Asuh Santri,Transfer,13.981025843899115,1,1,Berpotensi Churn,0.99919826,1
DAD-00832,277,64,8255000.0,2025-03-29,30000.0,Wakaf Pembangunan Masjid,Transfer,15.926329756475061,0,0,Tidak Churn,0.0004195195,0
DAD-00833,736,1,100000.0,2023-12-26,100000.0,Pulihkan Duka Negeri Palestina,Transfer,11.51293546492023,2,0,Tidak Churn,0.00010731026,0
DAD-00834,611,13,1300000.0,2024-04-29,100000.0,Wali Asuh Santri,Transfer,14.077875591662238,2,0,Tidak Churn,0.0054708906,0
DAD-00835,124,25,645000.0,2025-08-29,20000.0,Pulihkan Duka Negeri Palestina,Transfer,13.377007146164305,0,0,Tidak Churn,0.01610196,0
DAD-00836,86,12,215000.0,2025-10-06,25000.0,Pulihkan Duka Negeri Palestina,Transfer,12.278397958261774,1,1,Berpotensi Churn,0.99993455,1
DAD-00837,120,24,5100000.0,2025-09-02,200000.0,Zakat Movement,Transfer,15.444751293772967,0,0,Tidak Churn,0.0003196415,0
DAD-00838,7,18,3775000.0,2025-12-24,250000.0,Qurban Movement,Transfer,15.143911205565889,0,0,Tidak Churn,0.0035479376,0
DAD-00839,313,24,840000.0,2025-02-21,30000.0,Pulihkan Duka Negeri Palestina,Transfer,13.641158361294979,0,0,Tidak Churn,0.029040355,0
DAD-00840,656,4,500000.0,2024-03-15,100000.0,Pulihkan Duka Negeri Palestina,Transfer,13.122365377402328,2,0,Tidak Churn,0.00067521096,0
DAD-00841,739,1,10000.0,2023-12-23,10000.0,Wakaf Movement,Cash,9.210440366976517,1,1,Berpotensi Churn,0.9799166,1
DAD-00842,427,37,3715000.0,2024-10-30,200000.0,Pulihkan Duka Negeri Palestina,Transfer,15.127889505312965,0,0,Tidak Churn,0.00040007106,0
DAD-00843,12,3,160000.0,2025-12-19,50000.0,Pulihkan Duka Negeri Palestina,Transfer,11.982935344196433,1,1,Berpotensi Churn,0.9999769,1
DAD-00844,739,1,60000.0,2023-12-23,60000.0,Pulihkan Duka Negeri Palestina,Transfer,11.002116507732017,2,0,Tidak Churn,8.009763e-05,0
DAD-00845,739,1,25000.0,2023-12-23,25000.0,Wakaf Movement,Cash,10.12667110305036,1,1,Berpotensi Churn,0.8989252,1
DAD-00846,740,1,100000.0,2023-12-22,100000.0,Pulihkan Duka Negeri Palestina,Transfer,11.51293546492023,2,0,Tidak Churn,4.9096263e-05,0
DAD-00847,631,5,600000.0,2024-04-09,100000.0,Pulihkan Duka Negeri Palestina,Transfer,13.304686600863562,2,0,Tidak Churn,0.081264876,0
DAD-00848,593,8,720000.0,2024-05-17,50000.0,Qurban Movement,Transfer,13.487007879880162,1,1,Berpotensi Churn,0.9061979,1
DAD-00849,280,45,4405000.0,2025-03-26,100000.0,Qurban Movement,Transfer,15.298251044367147,0,0,Tidak Churn,0.0004195195,0
DAD-00850,19,23,3597000.0,2025-12-12,250000.0,Pulihkan Duka Negeri Palestina,Transfer,15.095611000687175,0,0,Tidak Churn,0.0002696611,0
DAD-00851,740,2,200000.0,2023-12-22,100000.0,Pulihkan Duka Negeri Palestina,Transfer,12.206077645517674,2,0,Tidak Churn,7.4756854e-06,0
DAD-00852,12,124,4035000.0,2025-12-19,50000.0,Pulihkan Duka Negeri Palestina,Transfer,15.21051710751763,0,0,Tidak Churn,0.0002543312,0
DAD-00853,635,19,2235000.0,2024-04-05,200000.0,Pulihkan Duka Negeri Palestina,Transfer,14.619752233457,0,0,Tidak Churn,0.0002347794,0
DAD-00854,726,3,250000.0,2024-01-05,100000.0,Pulihkan Duka Negeri Palestina,Transfer,12.429220196836383,2,0,Tidak Churn,8.912039e-06,0
DAD-00855,12,132,3725000.0,2025-12-19,50000.0,Pulihkan Duka Negeri Palestina,Transfer,15.130577678252136,0,0,Tidak Churn,0.0002543312,0
DAD-00856,578,5,860000.0,2024-06-01,300000.0,Pulihkan Duka Negeri Palestina,Transfer,13.664688831019712,1,1,Berpotensi Churn,0.9897249,1
DAD-00857,159,16,1135000.0,2025-07-25,25000.0,Pulihkan Duka Negeri Palestina,Transfer,13.942144089954521,1,1,Berpotensi Churn,0.9997453,1
DAD-00858,280,7,950000.0,2025-03-26,200000.0,Syiar Qur'an Indonesia,Transfer,13.76421831620775,1,1,Berpotensi Churn,0.9999558,1
DAD-00859,278,5,375000.0,2025-03-28,100000.0,Pulihkan Duka Negeri Palestina,Transfer,12.834683971615659,1,1,Berpotensi Churn,0.9999863,1
DAD-00860,572,5,700000.0,2024-06-07,100000.0,Pulihkan Duka Negeri Palestina,Transfer,13.45883704259595,1,1,Berpotensi Churn,0.9982278,1
DAD-00861,447,8,2000000.0,2024-10-10,300000.0,Qurban Movement,Transfer,14.508658238524095,1,1,Berpotensi Churn,0.99888164,1
DAD-00862,719,2,200000.0,2024-01-12,100000.0,Wakaf Movement,Transfer,12.206077645517674,2,0,Tidak Churn,3.702323e-05,0
DAD-00863,292,14,1700000.0,2025-03-14,100000.0,Zakat Movement,Transfer,14.346139397261565,1,1,Berpotensi Churn,0.9986022,1
DAD-00864,716,2,150000.0,2024-01-15,50000.0,Pulihkan Duka Negeri Palestina,Transfer,11.918397239722838,2,0,Tidak Churn,0.00016634812,0
DAD-00865,573,5,640036.0,2024-06-06,100036.0,Qurban Movement,Transfer,13.369281266164776,1,1,Berpotensi Churn,0.997419,1
DAD-00866,373,12,3100000.0,2024-12-23,200000.0,Qurban Movement,Transfer,14.946912992035967,1,1,Berpotensi Churn,0.96246904,1
DAD-00867,138,19,1045000.0,2025-08-15,25000.0,Pulihkan Duka Negeri Palestina,Transfer,13.85952840031839,1,1,Berpotensi Churn,0.9733031,1
DAD-00868,3,28,4250000.0,2025-12-28,150000.0,Sambung Hidup Dhuafa,Transfer,15.26242977619469,0,0,Tidak Churn,0.0002543312,0
DAD-00869,166,1,50000.0,2025-07-18,50000.0,Wali Asuh Santri,Transfer,10.819798284210286,1,1,Berpotensi Churn,0.99999917,1
DAD-00870,278,20,3630000.0,2025-03-28,80000.0,Qurban Movement,Transfer,15.104743481723089,0,0,Tidak Churn,0.000889156,0
DAD-00871,744,1,5000.0,2023-12-18,5000.0,Syiar Qur'an Indonesia,Cash,8.517393171418904,1,1,Berpotensi Churn,0.9799166,1
DAD-00872,745,2,450000.0,2023-12-17,250000.0,Pulihkan Duka Negeri Palestina,Transfer,13.017005083966255,2,0,Tidak Churn,5.3577965e-06,0
DAD-00873,117,16,4800000.0,2025-09-05,300000.0,Syiar Qur'an Indonesia,Transfer,15.38412668421143,0,0,Tidak Churn,0.19856627,0
DAD-00874,278,11,1550000.0,2025-03-28,100000.0,Sambung Hidup Dhuafa,Transfer,14.253766134056512,1,1,Berpotensi Churn,0.9993863,1
DAD-00875,12,78,14800000.0,2025-12-19,200000.0,Wali Asuh Santri,Transfer,16.51013780630191,0,0,Tidak Churn,0.0002543312,0
DAD-00876,215,1,150000.0,2025-05-30,150000.0,Wali Asuh Santri,Transfer,11.918397239722838,1,1,Berpotensi Churn,0.99999845,1
DAD-00877,746,1,5000.0,2023-12-16,5000.0,Syiar Qur'an Indonesia,Cash,8.517393171418904,1,1,Berpotensi Churn,0.9799166,1
DAD-00878,747,14,422500.0,2023-12-15,30000.0,Wali Asuh Santri,Transfer,12.95394709264047,2,0,Tidak Churn,3.1934314e-06,0
DAD-00879,159,13,1600000.0,2025-07-25,100000.0,Syiar Qur'an Indonesia,Transfer,14.285514812209815,1,1,Berpotensi Churn,0.99970704,1
DAD-00880,447,2,85000.0,2024-10-10,35000.0,Pulihkan Duka Negeri Palestina,Transfer,11.350418300109132,1,1,Berpotensi Churn,0.99999905,1
DAD-00881,382,12,205000.0,2024-12-14,10000.0,Pulihkan Duka Negeri Palestina,Transfer,12.230770136157428,1,1,Berpotensi Churn,0.9999902,1
DAD-00882,600,2,200000.0,2024-05-10,100000.0,Pulihkan Duka Negeri Palestina,Transfer,12.206077645517674,1,1,Berpotensi Churn,0.99999356,1
DAD-00883,361,27,715000.0,2025-01-04,20000.0,Pulihkan Duka Negeri Palestina,Transfer,13.480039220276565,0,0,Tidak Churn,0.019820642,0
DAD-00884,5,24,2450000.0,2025-12-26,50000.0,Wali Asuh Santri,Transfer,14.711598990684092,0,0,Tidak Churn,0.0004038629,0
DAD-00885,313,18,715000.0,2025-02-21,25000.0,Pulihkan Duka Negeri Palestina,Transfer,13.480039220276565,1,1,Berpotensi Churn,0.99445206,1
DAD-00886,747,1,100000.0,2023-12-15,100000.0,Pulihkan Duka Negeri Palestina,Transfer,11.51293546492023,2,0,Tidak Churn,4.9096263e-05,0
DAD-00887,222,35,1070000.0,2025-05-23,5000.0,Pulihkan Duka Negeri Palestina,Transfer,13.883170141017091,0,0,Tidak Churn,0.022711486,0
DAD-00888,165,34,5260000.0,2025-07-19,150000.0,Syiar Qur'an Indonesia,Transfer,15.475641774827944,0,0,Tidak Churn,0.0007104658,0
DAD-00889,747,2,300000.0,2023-12-15,200000.0,Pulihkan Duka Negeri Palestina,Transfer,12.611541086966115,2,0,Tidak Churn,6.1128826e-06,0
DAD-00890,26,32,913000.0,2025-12-05,25000.0,Pulihkan Duka Negeri Palestina,Transfer,13.724492254866757,0,0,Tidak Churn,0.0067852577,0
DAD-00891,299,3,450000.0,2025-03-07,200000.0,Pulihkan Duka Negeri Palestina,Transfer,13.017005083966255,1,1,Berpotensi Churn,0.99997985,1
DAD-00892,747,1,50000.0,2023-12-15,50000.0,Pulihkan Duka Negeri Palestina,Transfer,10.819798284210286,2,0,Tidak Churn,0.052038554,0
DAD-00894,747,1,46200.0,2023-12-15,46200.0,Pulihkan Duka Negeri Palestina,Transfer,10.740756721857226,2,0,Tidak Churn,0.0919804,0
DAD-00895,443,3,320000.0,2024-10-14,100000.0,Pulihkan Duka Negeri Palestina,Cash,12.676079399771027,1,1,Berpotensi Churn,0.9999964,1
DAD-00896,685,3,250000.0,2024-02-15,100000.0,Pulihkan Duka Negeri Palestina,Transfer,12.429220196836383,2,0,Tidak Churn,0.00047625095,0
DAD-00897,750,1,100000.0,2023-12-12,100000.0,Pulihkan Duka Negeri Palestina,Transfer,11.51293546492023,2,0,Tidak Churn,3.337244e-05,0
DAD-00899,411,9,950000.0,2024-11-15,100000.0,Qurban Movement,Transfer,13.76421831620775,1,1,Berpotensi Churn,0.9999583,1
DAD-00900,372,16,1740000.0,2024-12-24,100000.0,Qurban Movement,Transfer,14.36939624590319,1,1,Berpotensi Churn,0.9951198,1
DAD-00901,752,1,100000.0,2023-12-10,100000.0,Pulihkan Duka Negeri Palestina,Transfer,11.51293546492023,2,0,Tidak Churn,3.337244e-05,0
DAD-00902,10,31,1275000.0,2025-12-21,25000.0,Wakaf Movement,Transfer,14.058457520888082,0,0,Tidak Churn,0.0011338374,0
DAD-00903,131,6,800000.0,2025-08-22,150000.0,Wakaf Movement,Transfer,13.592368256649284,1,1,Berpotensi Churn,0.9999393,1
DAD-00904,299,3,610000.0,2025-03-07,50000.0,Pulihkan Duka Negeri Palestina,Transfer,13.321215875492413,1,1,Berpotensi Churn,0.99995565,1
DAD-00905,753,1,80000.0,2023-12-09,80000.0,Pulihkan Duka Negeri Palestina,Transfer,11.289794413577894,2,0,Tidak Churn,3.8682603e-05,0
DAD-00906,18,8,985000.0,2025-12-13,50000.0,Pulihkan Duka Negeri Palestina,Transfer,13.800397935382136,1,1,Berpotensi Churn,0.9999087,1
DAD-00907,754,4,110000.0,2023-12-08,20000.0,Pulihkan Duka Negeri Palestina,Transfer,11.608244735642321,2,0,Tidak Churn,9.15206e-06,0
DAD-00908,754,8,185000.0,2023-12-08,25000.0,Pulihkan Duka Negeri Palestina,Transfer,12.128116509451258,2,0,Tidak Churn,3.3638667e-06,0
DAD-00909,26,10,1750000.0,2025-12-05,150000.0,Pulihkan Duka Negeri Palestina,Transfer,14.375126917328105,1,1,Berpotensi Churn,0.9988738,1
DAD-00910,754,1,50000.0,2023-12-08,50000.0,Pulihkan Duka Negeri Palestina,Transfer,10.819798284210286,2,0,Tidak Churn,0.0030236566,0
DAD-00911,754,2,200000.0,2023-12-08,100000.0,Pulihkan Duka Negeri Palestina,Transfer,12.206077645517674,2,0,Tidak Churn,5.7744473e-06,0
DAD-00912,117,36,7000000.0,2025-09-05,200000.0,Wali Asuh Santri,Transfer,15.76142084987672,0,0,Tidak Churn,0.0002543312,0
DAD-00913,754,3,350000.0,2023-12-08,150000.0,Pulihkan Duka Negeri Palestina,Transfer,12.765691290604371,2,0,Tidak Churn,3.025748e-06,0
DAD-00914,754,3,150000.0,2023-12-08,50000.0,Pulihkan Duka Negeri Palestina,Transfer,11.918397239722838,2,0,Tidak Churn,7.0957426e-06,0
DAD-00915,574,15,2175000.0,2024-06-05,150000.0,Zakat Movement,Transfer,14.59253968227493,2,0,Tidak Churn,0.06323894,0
DAD-00916,563,3,650000.0,2024-06-16,250000.0,Pemuda Berdaya,Transfer,13.384729180332174,1,1,Berpotensi Churn,0.99996006,1
DAD-00917,246,15,1650000.0,2025-04-29,50000.0,Pulihkan Duka Negeri Palestina,Transfer,14.316286451937186,1,1,Berpotensi Churn,0.99867094,1
DAD-00918,334,6,290000.0,2025-01-31,25000.0,Pulihkan Duka Negeri Palestina,Transfer,12.577639650232573,1,1,Berpotensi Churn,0.9999893,1
DAD-00919,103,19,2900000.0,2025-09-19,50000.0,Wakaf Movement,Transfer,14.88022163978423,0,0,Tidak Churn,0.0019484088,0
DAD-00920,754,2,65000.0,2023-12-08,45000.0,Pulihkan Duka Negeri Palestina,Transfer,11.082157933374816,2,0,Tidak Churn,2.4282543e-05,0
DAD-00921,166,31,2305000.0,2025-07-18,50000.0,Sambung Hidup Dhuafa,Transfer,14.650591668252272,0,0,Tidak Churn,0.0011181756,0
DAD-00922,917,1,100000.0,2023-06-28,100000.0,Becarefood,Transfer,11.51293546492023,2,0,Tidak Churn,1.10831315e-05,0
DAD-00924,316,3,250000.0,2025-02-18,100000.0,Pulihkan Duka Negeri Palestina,Transfer,12.429220196836383,1,1,Berpotensi Churn,0.99999607,1
DAD-00925,239,28,2225000.0,2025-05-06,50000.0,Pulihkan Duka Negeri Palestina,Transfer,14.615267923020578,0,0,Tidak Churn,0.0007600971,0
DAD-00926,104,76,2614000.0,2025-09-18,20000.0,Pulihkan Duka Negeri Palestina,Transfer,14.776392555721701,0,0,Tidak Churn,0.00031714817,0
DAD-00927,605,8,450000.0,2024-05-05,50000.0,Pulihkan Duka Negeri Palestina,Transfer,13.017005083966255,1,1,Berpotensi Churn,0.9737008,1
DAD-00928,697,3,300000.0,2024-02-03,100000.0,Pulihkan Duka Negeri Palestina,Transfer,12.611541086966115,2,0,Tidak Churn,0.00026777037,0
DAD-00929,215,2,450000.0,2025-05-30,200000.0,Pulihkan Duka Negeri Indonesia,Transfer,13.017005083966255,1,1,Berpotensi Churn,0.9999876,1
DAD-00930,758,3,740000.0,2023-12-04,280000.0,Qurban Movement,Transfer,13.51440681653079,2,0,Tidak Churn,3.7616462e-06,0
DAD-00931,431,4,107000.0,2024-10-26,27000.0,Pulihkan Duka Negeri Palestina,Transfer,11.580593459194764,1,1,Berpotensi Churn,0.9999975,1
DAD-00932,759,1,100000.0,2023-12-03,100000.0,Pulihkan Duka Negeri Palestina,Transfer,11.51293546492023,2,0,Tidak Churn,3.337244e-05,0
DAD-00933,693,5,475000.0,2024-02-07,100000.0,Pulihkan Duka Negeri Palestina,Transfer,13.07107218827772,2,0,Tidak Churn,4.6547008e-05,0
DAD-00934,760,1,100000.0,2023-12-02,100000.0,Pulihkan Duka Negeri Palestina,Transfer,11.51293546492023,2,0,Tidak Churn,3.337244e-05,0
DAD-00935,760,1,50931.0,2023-12-02,50931.0,Pulihkan Duka Negeri Palestina,Transfer,10.838246688693326,2,0,Tidak Churn,4.225354e-05,0
DAD-00936,32,41,4340000.0,2025-11-29,50000.0,Pulihkan Duka Negeri Palestina,Transfer,15.283385136491308,0,0,Tidak Churn,0.0002543312,0
DAD-00937,761,3,200000.0,2023-12-01,50000.0,Pulihkan Duka Negeri Palestina,Transfer,12.206077645517674,2,0,Tidak Churn,4.058973e-06,0
DAD-00938,210,2,400000.0,2025-06-04,100000.0,Pulihkan Duka Negeri Palestina,Transfer,12.899222326086994,1,1,Berpotensi Churn,0.99999297,1
DAD-00939,563,17,680000.0,2024-06-16,25000.0,Pulihkan Duka Negeri Palestina,Transfer,13.429849547739444,1,1,Berpotensi Churn,0.9990808,1
DAD-00940,334,6,600000.0,2025-01-31,100000.0,Pulihkan Duka Negeri Palestina,Transfer,13.304686600863562,1,1,Berpotensi Churn,0.9999255,1
DAD-00941,103,34,10150000.0,2025-09-19,300000.0,Wali Asuh Santri,Transfer,16.132984361974234,0,0,Tidak Churn,0.0002543312,0
DAD-00942,725,6,140000.0,2024-01-06,20000.0,Pulihkan Duka Negeri Palestina,Transfer,11.849404844423074,2,0,Tidak Churn,2.0783526e-05,0
DAD-00943,292,21,5050000.0,2025-03-14,250000.0,Zakat Movement,Transfer,15.434898999271326,0,0,Tidak Churn,0.0009659473,0
DAD-00944,117,68,3420000.0,2025-09-05,50000.0,Pulihkan Duka Negeri Palestina,Transfer,15.045151401436407,0,0,Tidak Churn,0.0002543312,0
DAD-00945,243,15,750000.0,2025-05-02,50000.0,Pulihkan Duka Negeri Palestina,Transfer,13.527829818844937,1,1,Berpotensi Churn,0.99980336,1
DAD-00946,30,29,2120000.0,2025-12-01,100000.0,Pulihkan Duka Negeri Palestina,Transfer,14.566927118346197,0,0,Tidak Churn,0.00045144922,0
DAD-00947,425,7,800000.0,2024-11-01,100000.0,Pulihkan Duka Negeri Palestina,Transfer,13.592368256649284,1,1,Berpotensi Churn,0.9999535,1
DAD-00948,162,3,150000.0,2025-07-22,50000.0,Pulihkan Duka Negeri Palestina,Transfer,11.918397239722838,1,1,Berpotensi Churn,0.99999535,1
DAD-00949,761,2,150000.0,2023-12-01,100000.0,Pulihkan Duka Negeri Palestina,Transfer,11.918397239722838,2,0,Tidak Churn,1.0094656e-05,0
DAD-00950,163,17,1980000.0,2025-07-21,100000.0,Pulihkan Duka Negeri Palestina,Transfer,14.498607907721096,1,1,Berpotensi Churn,0.9830335,1
DAD-00951,460,2,100000.0,2024-09-27,50000.0,Pulihkan Duka Negeri Palestina,Transfer,11.51293546492023,1,1,Berpotensi Churn,0.9999989,1
DAD-00952,699,7,1730000.0,2024-02-01,300000.0,Wakaf Movement,Transfer,14.363632544508476,2,0,Tidak Churn,1.8924824e-05,0
DAD-00953,761,1,50000.0,2023-12-01,50000.0,Pulihkan Duka Negeri Palestina,Transfer,10.819798284210286,2,0,Tidak Churn,0.0030236566,0
DAD-00954,124,44,1145000.0,2025-08-29,25000.0,Pulihkan Duka Negeri Palestina,Transfer,13.95091606833254,0,0,Tidak Churn,0.0073595843,0
DAD-00955,761,1,250836.0,2023-12-01,250836.0,Pulihkan Duka Negeri Palestina,Transfer,12.432558604770417,2,0,Tidak Churn,9.483257e-06,0
DAD-00956,639,7,1450000.0,2024-04-01,250000.0,Qurban Movement,Transfer,14.187074804051692,2,0,Tidak Churn,0.0009271901,0
DAD-00957,159,13,2020000.0,2025-07-25,50000.0,Qurban Movement,Transfer,14.51860856442677,1,1,Berpotensi Churn,0.99943846,1
DAD-00958,609,11,1800000.0,2024-05-01,170000.0,Qurban Movement,Transfer,14.403297778421795,2,0,Tidak Churn,0.0054824455,0
DAD-00959,397,2,500000.0,2024-11-29,300000.0,Qurban Movement,Cash,13.122365377402328,1,1,Berpotensi Churn,0.9999908,1
DAD-00960,761,1,50000.0,2023-12-01,50000.0,Pulihkan Duka Negeri Palestina,Transfer,10.819798284210286,2,0,Tidak Churn,0.0030236566,0
DAD-00961,761,1,50000.0,2023-12-01,50000.0,Pulihkan Duka Negeri Palestina,Transfer,10.819798284210286,2,0,Tidak Churn,0.0030236566,0
DAD-00962,666,2,200000.0,2024-03-05,100000.0,Qurban Movement,Transfer,12.206077645517674,1,1,Berpotensi Churn,0.945499,1
DAD-00963,762,1,100000.0,2023-11-30,100000.0,Pulihkan Duka Negeri Palestina,Transfer,11.51293546492023,2,0,Tidak Churn,3.337244e-05,0
DAD-00964,762,1,50000.0,2023-11-30,50000.0,Pulihkan Duka Negeri Palestina,Transfer,10.819798284210286,2,0,Tidak Churn,0.0030236566,0
DAD-00965,762,1,100000.0,2023-11-30,100000.0,Pulihkan Duka Negeri Palestina,Transfer,11.51293546492023,2,0,Tidak Churn,3.337244e-05,0
DAD-00967,763,1,200000.0,2023-11-29,200000.0,Pulihkan Duka Negeri Palestina,Transfer,12.206077645517674,2,0,Tidak Churn,1.0048159e-05,0
DAD-00968,637,2,110000.0,2024-04-03,60000.0,Pulihkan Duka Negeri Palestina,Transfer,11.608244735642321,1,1,Berpotensi Churn,0.99997747,1
DAD-00969,75,3,250000.0,2025-10-17,100000.0,Pulihkan Duka Negeri Palestina,Transfer,12.429220196836383,1,1,Berpotensi Churn,0.99997616,1
DAD-00970,373,5,320000.0,2024-12-23,70000.0,Pulihkan Duka Negeri Palestina,Transfer,12.676079399771027,1,1,Berpotensi Churn,0.9999943,1
DAD-00971,400,9,650000.0,2024-11-26,50000.0,Qurban Movement,Transfer,13.384729180332174,1,1,Berpotensi Churn,0.999925,1
DAD-00973,766,1,50000.0,2023-11-26,50000.0,Pulihkan Duka Negeri Palestina,Transfer,10.819798284210286,2,0,Tidak Churn,0.0030236566,0
DAD-00974,766,1,300000.0,2023-11-26,300000.0,Pulihkan Duka Negeri Palestina,Transfer,12.611541086966115,2,0,Tidak Churn,8.216404e-06,0
DAD-00976,333,4,400000.0,2025-02-01,100000.0,Pulihkan Duka Negeri Palestina,Transfer,12.899222326086994,1,1,Berpotensi Churn,0.99999,1
DAD-00977,292,3,700000.0,2025-03-14,300000.0,Pulihkan Duka Negeri Palestina,Transfer,13.45883704259595,1,1,Berpotensi Churn,0.9999654,1
DAD-00978,767,1,286000.0,2023-11-25,286000.0,Pulihkan Duka Negeri Palestina,Transfer,12.563750586299374,2,0,Tidak Churn,7.2141534e-06,0
DAD-00979,767,1,200000.0,2023-11-25,200000.0,Pulihkan Duka Negeri Palestina,Transfer,12.206077645517674,2,0,Tidak Churn,1.0048159e-05,0
DAD-00981,768,2,400000.0,2023-11-24,300000.0,Pulihkan Duka Negeri Palestina,Transfer,12.899222326086994,2,0,Tidak Churn,5.0279805e-06,0
DAD-00982,306,18,1850000.0,2025-02-28,100000.0,Pulihkan Duka Negeri Palestina,Transfer,14.430696737594902,1,1,Berpotensi Churn,0.78580683,1
DAD-00983,684,6,450000.0,2024-02-16,50000.0,Pulihkan Duka Negeri Palestina,Transfer,13.017005083966255,2,0,Tidak Churn,4.7754093e-05,0
DAD-00984,768,2,200000.0,2023-11-24,100000.0,Pulihkan Duka Negeri Palestina,Transfer,12.206077645517674,2,0,Tidak Churn,5.7744473e-06,0
DAD-00985,768,8,900000.0,2023-11-24,200000.0,Wakaf Movement,Transfer,13.710151153416941,2,0,Tidak Churn,2.8117247e-06,0
DAD-00986,12,15,1030000.0,2025-12-19,50000.0,Wakaf Pembangunan Masjid,Transfer,13.845070331079134,1,1,Berpotensi Churn,0.9997489,1
DAD-00987,705,2,150000.0,2024-01-26,50000.0,Pulihkan Duka Negeri Palestina,Transfer,11.918397239722838,2,0,Tidak Churn,0.0004968963,0
DAD-00988,768,1,100000.0,2023-11-24,100000.0,Pulihkan Duka Negeri Palestina,Transfer,11.51293546492023,2,0,Tidak Churn,3.337244e-05,0
DAD-00989,768,1,150000.0,2023-11-24,150000.0,Pulihkan Duka Negeri Palestina,Transfer,11.918397239722838,2,0,Tidak Churn,1.7565682e-05,0
DAD-00990,768,1,50000.0,2023-11-24,50000.0,Pulihkan Duka Negeri Palestina,Transfer,10.819798284210286,2,0,Tidak Churn,0.0030236566,0
DAD-00991,292,5,380000.0,2025-03-14,100000.0,Pulihkan Duka Negeri Palestina,Transfer,12.847929163278053,1,1,Berpotensi Churn,0.9999863,1
DAD-00992,159,3,700000.0,2025-07-25,150000.0,Ramadhan Bangkitkan Negeri,Transfer,13.45883704259595,1,1,Berpotensi Churn,0.9999747,1
DAD-00994,719,2,400000.0,2024-01-12,300000.0,Pulihkan Duka Negeri Palestina,Transfer,12.899222326086994,2,0,Tidak Churn,2.1260581e-05,0
DAD-00995,103,2,35000.0,2025-09-19,25000.0,Pulihkan Duka Negeri Palestina,Transfer,10.463131911491967,1,1,Berpotensi Churn,0.999997,1
DAD-00996,635,3,700000.0,2024-04-05,100000.0,Pulihkan Duka Negeri Palestina,Transfer,13.45883704259595,2,0,Tidak Churn,0.06426228,0
DAD-01000,18,13,850000.0,2025-12-13,50000.0,Pulihkan Duka Negeri Palestina,Transfer,13.652992804936396,1,1,Berpotensi Churn,0.99982977,1
DAD-01002,774,1,100000.0,2023-11-18,100000.0,Pulihkan Duka Negeri Palestina,Transfer,11.51293546492023,2,0,Tidak Churn,3.337244e-05,0
DAD-01004,347,4,350000.0,2025-01-18,50000.0,Wali Asuh Santri,Transfer,12.765691290604371,1,1,Berpotensi Churn,0.9999927,1
DAD-01005,774,1,75000.0,2023-11-18,75000.0,Pulihkan Duka Negeri Palestina,Transfer,11.225256725762893,2,0,Tidak Churn,4.225354e-05,0
DAD-01006,579,9,1115000.0,2024-05-31,100000.0,Pulihkan Duka Negeri Palestina,Transfer,13.924365859736941,1,1,Berpotensi Churn,0.8968883,1
DAD-01007,103,4,950000.0,2025-09-19,150000.0,Pulihkan Duka Negeri Palestina,Transfer,13.76421831620775,1,1,Berpotensi Churn,0.99992967,1
DAD-01008,131,10,800000.0,2025-08-22,100000.0,Pulihkan Duka Negeri Palestina,Transfer,13.592368256649284,1,1,Berpotensi Churn,0.9999149,1
DAD-01009,606,2,350000.0,2024-05-04,250000.0,Pulihkan Duka Negeri Palestina,Transfer,12.765691290604371,1,1,Berpotensi Churn,0.99997044,1
DAD-01010,18,61,7450000.0,2025-12-13,100000.0,Pulihkan Duka Negeri Palestina,Transfer,15.82372472458392,0,0,Tidak Churn,0.0002543312,0
DAD-01011,313,6,575000.0,2025-02-21,100000.0,Sambung Hidup Dhuafa,Transfer,13.26212705890841,1,1,Berpotensi Churn,0.99991643,1
DAD-01012,775,3,475000.0,2023-11-17,200000.0,Pulihkan Duka Negeri Palestina,Transfer,13.07107218827772,2,0,Tidak Churn,2.9090456e-06,0
DAD-01013,31,22,3382500.0,2025-11-30,200000.0,Zakat Movement,Transfer,15.034125934666356,0,0,Tidak Churn,0.0002696611,0
DAD-01014,775,3,700000.0,2023-11-17,150000.0,Pulihkan Duka Negeri Palestina,Transfer,13.45883704259595,2,0,Tidak Churn,3.7584691e-06,0
DAD-01015,775,2,200000.0,2023-11-17,100000.0,Pulihkan Duka Negeri Palestina,Transfer,12.206077645517674,2,0,Tidak Churn,5.7744473e-06,0
DAD-01016,775,1,50000.0,2023-11-17,50000.0,Pulihkan Duka Negeri Palestina,Transfer,10.819798284210286,2,0,Tidak Churn,0.0030236566,0
DAD-01017,257,5,275000.0,2025-04-18,25000.0,Pulihkan Duka Negeri Palestina,Transfer,12.524530013005734,1,1,Berpotensi Churn,0.999987,1
DAD-01018,775,1,100635.0,2023-11-17,100635.0,Pulihkan Duka Negeri Palestina,Transfer,11.519265325516407,2,0,Tidak Churn,2.9946988e-05,0
DAD-01019,775,1,200000.0,2023-11-17,200000.0,Pulihkan Duka Negeri Palestina,Transfer,12.206077645517674,2,0,Tidak Churn,1.0048159e-05,0
DAD-01022,467,28,2800000.0,2024-09-20,100000.0,Pulihkan Duka Negeri Palestina,Transfer,14.845130332288226,0,0,Tidak Churn,0.00040373224,0
DAD-01023,299,4,400000.0,2025-03-07,100000.0,Pulihkan Duka Negeri Palestina,Transfer,12.899222326086994,1,1,Berpotensi Churn,0.9999893,1
DAD-01024,775,1,10000.0,2023-11-17,10000.0,Pulihkan Duka Negeri Palestina,Transfer,9.210440366976517,1,1,Berpotensi Churn,0.80219847,1
DAD-01025,432,9,310000.0,2024-10-25,30000.0,Pulihkan Duka Negeri Palestina,Transfer,12.644330802262578,1,1,Berpotensi Churn,0.99999166,1
DAD-01026,775,1,200000.0,2023-11-17,200000.0,Pulihkan Duka Negeri Palestina,Transfer,12.206077645517674,2,0,Tidak Churn,1.0048159e-05,0
DAD-01027,481,2,200500.0,2024-09-06,100000.0,Pulihkan Duka Negeri Palestina,Transfer,12.208574513247495,1,1,Berpotensi Churn,0.9999987,1
DAD-01028,776,1,265000.0,2023-11-16,265000.0,Pulihkan Duka Negeri Palestina,Transfer,12.487488878546145,2,0,Tidak Churn,7.2141534e-06,0
DAD-01030,778,1,100000.0,2023-11-14,100000.0,Pulihkan Duka Negeri Palestina,Transfer,11.51293546492023,2,0,Tidak Churn,2.3613138e-05,0
DAD-01031,577,3,600000.0,2024-06-02,200000.0,Pulihkan Duka Negeri Palestina,Transfer,13.304686600863562,1,1,Berpotensi Churn,0.99702865,1
DAD-01032,778,1,200000.0,2023-11-14,200000.0,Pulihkan Duka Negeri Palestina,Transfer,12.206077645517674,2,0,Tidak Churn,8.336549e-06,0
DAD-01033,559,3,440000.0,2024-06-20,100000.0,Pulihkan Duka Negeri Palestina,Transfer,12.994532278619134,1,1,Berpotensi Churn,0.9999833,1
DAD-01034,432,5,1200000.0,2024-10-25,250000.0,Pulihkan Duka Negeri Palestina,Transfer,13.997832948091215,1,1,Berpotensi Churn,0.99974996,1
DAD-01035,215,3,225000.0,2025-05-30,25000.0,Pulihkan Duka Negeri Indonesia,Transfer,12.323860125621126,1,1,Berpotensi Churn,0.99999404,1
DAD-01036,779,1,100000.0,2023-11-13,100000.0,Pulihkan Duka Negeri Palestina,Transfer,11.51293546492023,2,0,Tidak Churn,2.3613138e-05,0
DAD-01038,779,1,100000.0,2023-11-13,100000.0,Pulihkan Duka Negeri Palestina,Transfer,11.51293546492023,2,0,Tidak Churn,2.3613138e-05,0
DAD-01039,780,1,100000.0,2023-11-12,100000.0,Pulihkan Duka Negeri Palestina,Transfer,11.51293546492023,2,0,Tidak Churn,2.3613138e-05,0
DAD-01040,563,5,350000.0,2024-06-16,50000.0,Pulihkan Duka Negeri Palestina,Transfer,12.765691290604371,1,1,Berpotensi Churn,0.9999927,1
DAD-01042,781,1,150000.0,2023-11-11,150000.0,Pulihkan Duka Negeri Palestina,Transfer,11.918397239722838,2,0,Tidak Churn,1.3023562e-05,0
DAD-01043,781,1,100000.0,2023-11-11,100000.0,Pulihkan Duka Negeri Palestina,Transfer,11.51293546492023,2,0,Tidak Churn,2.3613138e-05,0
DAD-01044,781,1,38000.0,2023-11-11,38000.0,Pulihkan Duka Negeri Palestina,Transfer,10.545367754151743,2,0,Tidak Churn,0.010161232,0
DAD-01045,781,1,50000.0,2023-11-11,50000.0,Pulihkan Duka Negeri Palestina,Transfer,10.819798284210286,2,0,Tidak Churn,0.0015964806,0
DAD-01046,781,1,50000.0,2023-11-11,50000.0,Pulihkan Duka Negeri Palestina,Transfer,10.819798284210286,2,0,Tidak Churn,0.0015964806,0
DAD-01047,781,1,50000.0,2023-11-11,50000.0,Pulihkan Duka Negeri Palestina,Transfer,10.819798284210286,2,0,Tidak Churn,0.0015964806,0
DAD-01048,781,1,20000.0,2023-11-11,20000.0,Pulihkan Duka Negeri Palestina,Transfer,9.90353755128617,2,0,Tidak Churn,0.14497061,0
DAD-01049,215,4,700000.0,2025-05-30,100000.0,Pulihkan Duka Negeri Palestina,Transfer,13.45883704259595,1,1,Berpotensi Churn,0.9999677,1
DAD-01050,655,3,90000.0,2024-03-16,50000.0,Pulihkan Duka Negeri Palestina,Transfer,11.407576060361786,1,1,Berpotensi Churn,0.9995466,1
DAD-01051,299,2,400000.0,2025-03-07,300000.0,Pulihkan Duka Negeri Palestina,Transfer,12.899222326086994,1,1,Berpotensi Churn,0.99999535,1
DAD-01052,705,4,400000.0,2024-01-26,100000.0,Pulihkan Duka Negeri Palestina,Transfer,12.899222326086994,2,0,Tidak Churn,1.5095381e-05,0
DAD-01053,341,18,4500000.0,2025-01-24,250000.0,Wakaf Movement,Transfer,15.319588176962746,0,0,Tidak Churn,0.0063264575,0
DAD-01054,544,10,1275000.0,2024-07-05,100000.0,Wakaf Movement,Transfer,14.058457520888082,1,1,Berpotensi Churn,0.99846053,1
DAD-01055,292,15,1600000.0,2025-03-14,100000.0,Pulihkan Duka Negeri Palestina,Transfer,14.285514812209815,1,1,Berpotensi Churn,0.9986022,1
DAD-01056,782,3,275000.0,2023-11-10,100000.0,Pulihkan Duka Negeri Palestina,Transfer,12.524530013005734,2,0,Tidak Churn,2.4658711e-06,0
DAD-01059,789,1,150000.0,2023-11-03,150000.0,Syiar Qur'an Indonesia,Transfer,11.918397239722838,2,0,Tidak Churn,6.8935583e-06,0
DAD-01060,783,1,100000.0,2023-11-09,100000.0,Pulihkan Duka Negeri Palestina,Transfer,11.51293546492023,2,0,Tidak Churn,2.3613138e-05,0
DAD-01061,783,1,30000.0,2023-11-09,30000.0,Pulihkan Duka Negeri Palestina,Transfer,10.308985993422082,2,0,Tidak Churn,0.12597363,0
DAD-01062,445,13,2925000.0,2024-10-12,200000.0,Wali Asuh Santri,Transfer,14.888805380528378,1,1,Berpotensi Churn,0.9917216,1
DAD-01063,783,1,100000.0,2023-11-09,100000.0,Pulihkan Duka Negeri Palestina,Transfer,11.51293546492023,2,0,Tidak Churn,2.3613138e-05,0
DAD-01064,563,4,700000.0,2024-06-16,100000.0,Pulihkan Duka Negeri Palestina,Transfer,13.45883704259595,1,1,Berpotensi Churn,0.999967,1
DAD-01065,783,1,10000.0,2023-11-09,10000.0,Pulihkan Duka Negeri Palestina,Transfer,9.210440366976517,1,1,Berpotensi Churn,0.62647843,1
DAD-01066,783,1,50000.0,2023-11-09,50000.0,Pulihkan Duka Negeri Palestina,Transfer,10.819798284210286,2,0,Tidak Churn,0.0015964806,0
DAD-01067,632,2,200000.0,2024-04-08,100000.0,Pulihkan Duka Negeri Palestina,Transfer,12.206077645517674,1,1,Berpotensi Churn,0.9999529,1
DAD-01070,810,1,50000.0,2023-10-13,50000.0,Pulihkan Duka Negeri Palestina,Transfer,10.819798284210286,2,0,Tidak Churn,0.0003300747,0
DAD-01071,651,4,400000.0,2024-03-20,100000.0,Pulihkan Duka Negeri Palestina,Transfer,12.899222326086994,2,0,Tidak Churn,0.548606,1
DAD-01072,607,2,150000.0,2024-05-03,50000.0,Qurban Movement,Transfer,11.918397239722838,1,1,Berpotensi Churn,0.99999523,1
DAD-01073,784,1,100000.0,2023-11-08,100000.0,Pulihkan Duka Negeri Palestina,Transfer,11.51293546492023,2,0,Tidak Churn,1.10831315e-05,0
DAD-01074,784,1,50000.0,2023-11-08,50000.0,Pulihkan Duka Negeri Palestina,Transfer,10.819798284210286,2,0,Tidak Churn,0.0003300747,0
DAD-01075,784,1,50000.0,2023-11-08,50000.0,Pulihkan Duka Negeri Palestina,Transfer,10.819798284210286,2,0,Tidak Churn,0.0003300747,0
DAD-01076,159,3,250000.0,2025-07-25,50000.0,Pulihkan Duka Negeri Palestina,Transfer,12.429220196836383,1,1,Berpotensi Churn,0.99999416,1
DAD-01078,785,1,50000.0,2023-11-07,50000.0,Pulihkan Duka Negeri Palestina,Transfer,10.819798284210286,2,0,Tidak Churn,0.0003300747,0
DAD-01079,785,1,50000.0,2023-11-07,50000.0,Pulihkan Duka Negeri Palestina,Transfer,10.819798284210286,2,0,Tidak Churn,0.0003300747,0
DAD-01080,786,1,250000.0,2023-11-06,250000.0,Pulihkan Duka Negeri Palestina,Transfer,12.429220196836383,2,0,Tidak Churn,4.5548363e-06,0
DAD-01081,786,1,250000.0,2023-11-06,250000.0,Pulihkan Duka Negeri Palestina,Transfer,12.429220196836383,2,0,Tidak Churn,4.5548363e-06,0
DAD-01082,786,1,300000.0,2023-11-06,300000.0,Pulihkan Duka Negeri Palestina,Transfer,12.611541086966115,2,0,Tidak Churn,4.04833e-06,0
DAD-01083,786,3,250000.0,2023-11-06,100000.0,Pulihkan Duka Negeri Palestina,Transfer,12.429220196836383,2,0,Tidak Churn,1.974661e-06,0
DAD-01084,786,1,100000.0,2023-11-06,100000.0,Pulihkan Duka Negeri Palestina,Transfer,11.51293546492023,2,0,Tidak Churn,1.10831315e-05,0
DAD-01085,786,1,150000.0,2023-11-06,150000.0,Pulihkan Duka Negeri Palestina,Transfer,11.918397239722838,2,0,Tidak Churn,6.8935583e-06,0
DAD-01086,786,1,100000.0,2023-11-06,100000.0,Pulihkan Duka Negeri Palestina,Transfer,11.51293546492023,2,0,Tidak Churn,1.10831315e-05,0
DAD-01087,425,7,1300000.0,2024-11-01,200000.0,Qurban Movement,Transfer,14.077875591662238,1,1,Berpotensi Churn,0.9994332,1
DAD-01088,787,4,160000.0,2023-11-05,30000.0,Pulihkan Duka Negeri Palestina,Transfer,11.982935344196433,2,0,Tidak Churn,2.0426837e-06,0
DAD-01089,31,3,150000.0,2025-11-30,50000.0,Pulihkan Duka Negeri Indonesia,Transfer,11.918397239722838,1,1,Berpotensi Churn,0.99998355,1
DAD-01090,563,2,325000.0,2024-06-16,125000.0,Pulihkan Duka Negeri Palestina,Transfer,12.691583538230217,1,1,Berpotensi Churn,0.9999982,1
DAD-01091,277,8,1600000.0,2025-03-29,300000.0,Wakaf Movement,Transfer,14.285514812209815,1,1,Berpotensi Churn,0.99963737,1
DAD-01092,788,1,100000.0,2023-11-04,100000.0,Pulihkan Duka Negeri Palestina,Transfer,11.51293546492023,2,0,Tidak Churn,1.10831315e-05,0
DAD-01093,788,1,100000.0,2023-11-04,100000.0,Pulihkan Duka Negeri Palestina,Transfer,11.51293546492023,2,0,Tidak Churn,1.10831315e-05,0
DAD-01096,656,2,45000.0,2024-03-15,25000.0,Pulihkan Duka Negeri Palestina,Transfer,10.714439990727769,1,1,Berpotensi Churn,0.9999268,1
DAD-01097,789,2,65000.0,2023-11-03,15000.0,Pulihkan Duka Negeri Palestina,Transfer,11.082157933374816,2,0,Tidak Churn,7.649987e-06,0
DAD-01098,789,7,260000.0,2023-11-03,37000.0,Ramadhan Fast Track,Transfer,12.468440756144114,2,0,Tidak Churn,1.3800333e-06,0
DAD-01099,390,5,1050000.0,2024-12-06,200000.0,Pulihkan Duka Negeri Palestina,Transfer,13.864301674514206,1,1,Berpotensi Churn,0.9999728,1
DAD-01100,789,1,200000.0,2023-11-03,200000.0,Pulihkan Duka Negeri Palestina,Transfer,12.206077645517674,2,0,Tidak Churn,4.8261622e-06,0
DAD-01101,530,6,550000.0,2024-07-19,100000.0,Pulihkan Duka Negeri Palestina,Transfer,13.217675375388819,1,1,Berpotensi Churn,0.99992347,1
DAD-01102,264,6,1290000.0,2025-04-11,300000.0,Syiar Qur'an Indonesia,Transfer,14.070153551531353,1,1,Berpotensi Churn,0.9996513,1
DAD-01103,789,1,50000.0,2023-11-03,50000.0,Pulihkan Duka Negeri Palestina,Transfer,10.819798284210286,2,0,Tidak Churn,0.0003300747,0
DAD-01104,579,3,200000.0,2024-05-31,100000.0,Pulihkan Duka Negeri Palestina,Transfer,12.206077645517674,1,1,Berpotensi Churn,0.9999833,1
DAD-01105,789,11,1250000.0,2023-11-03,100000.0,Wali Asuh Santri,Transfer,14.038654909278163,2,0,Tidak Churn,1.9752335e-06,0
DAD-01106,789,1,117800.0,2023-11-03,117800.0,Pulihkan Duka Negeri Palestina,Transfer,11.676752039127939,2,0,Tidak Churn,9.520237e-06,0
DAD-01107,789,1,200000.0,2023-11-03,200000.0,Pulihkan Duka Negeri Palestina,Transfer,12.206077645517674,2,0,Tidak Churn,4.8261622e-06,0
DAD-01108,19,7,450000.0,2025-12-12,50000.0,Pulihkan Duka Negeri Palestina,Transfer,13.017005083966255,1,1,Berpotensi Churn,0.99985194,1
DAD-01109,789,4,600000.0,2023-11-03,100000.0,Pulihkan Duka Negeri Palestina,Transfer,13.304686600863562,2,0,Tidak Churn,1.3036134e-06,0
DAD-01110,789,1,100000.0,2023-11-03,100000.0,Pulihkan Duka Negeri Palestina,Transfer,11.51293546492023,2,0,Tidak Churn,1.10831315e-05,0
DAD-01111,789,1,50000.0,2023-11-03,50000.0,Pulihkan Duka Negeri Palestina,Transfer,10.819798284210286,2,0,Tidak Churn,0.0003300747,0
DAD-01112,789,3,85000.0,2023-11-03,25000.0,Becarefood,Transfer,11.350418300109132,2,0,Tidak Churn,5.5694672e-06,0
DAD-01113,789,1,200000.0,2023-11-03,200000.0,Pulihkan Duka Negeri Palestina,Transfer,12.206077645517674,2,0,Tidak Churn,4.8261622e-06,0
DAD-01114,649,1,240000.0,2024-03-22,240000.0,Ramadhan Bangkitkan Negeri,Transfer,12.388398368982115,1,1,Berpotensi Churn,0.99983704,1
DAD-01115,392,8,850000.0,2024-12-04,250000.0,Pulihkan Duka Negeri Palestina,Transfer,13.652992804936396,1,1,Berpotensi Churn,0.99995315,1
DAD-01116,789,1,150000.0,2023-11-03,150000.0,Pulihkan Duka Negeri Palestina,Transfer,11.918397239722838,2,0,Tidak Churn,6.8935583e-06,0
DAD-01117,789,1,50000.0,2023-11-03,50000.0,Pulihkan Duka Negeri Palestina,Transfer,10.819798284210286,2,0,Tidak Churn,0.0003300747,0
DAD-01118,379,2,150000.0,2024-12-17,50000.0,Pulihkan Duka Negeri Palestina,Transfer,11.918397239722838,1,1,Berpotensi Churn,0.9999989,1
DAD-01119,572,4,80000.0,2024-06-07,25000.0,Pulihkan Duka Negeri Palestina,Transfer,11.289794413577894,1,1,Berpotensi Churn,0.9999895,1
DAD-01120,789,1,200000.0,2023-11-03,200000.0,Pulihkan Duka Negeri Palestina,Transfer,12.206077645517674,2,0,Tidak Churn,4.8261622e-06,0
DAD-01121,292,2,350000.0,2025-03-14,150000.0,Pulihkan Duka Negeri Palestina,Transfer,12.765691290604371,1,1,Berpotensi Churn,0.9999962,1
DAD-01122,789,1,50000.0,2023-11-03,50000.0,Pulihkan Duka Negeri Palestina,Transfer,10.819798284210286,2,0,Tidak Churn,0.0003300747,0
DAD-01123,789,1,50000.0,2023-11-03,50000.0,Pulihkan Duka Negeri Palestina,Transfer,10.819798284210286,2,0,Tidak Churn,0.0003300747,0
DAD-01124,789,1,50000.0,2023-11-03,50000.0,Pulihkan Duka Negeri Palestina,Transfer,10.819798284210286,2,0,Tidak Churn,0.0003300747,0
DAD-01125,243,28,7990000.0,2025-05-02,300000.0,Wakaf Movement,Transfer,15.893701442898895,0,0,Tidak Churn,0.00046061625,0
DAD-01126,789,3,800000.0,2023-11-03,200000.0,Pulihkan Duka Negeri Palestina,Transfer,13.592368256649284,2,0,Tidak Churn,1.9225529e-06,0
DAD-01127,234,5,700000.0,2025-05-11,200000.0,Pulihkan Duka Negeri Palestina,Transfer,13.45883704259595,1,1,Berpotensi Churn,0.999954,1
DAD-01129,789,2,250000.0,2023-11-03,200000.0,Pulihkan Duka Negeri Palestina,Transfer,12.429220196836383,2,0,Tidak Churn,2.581986e-06,0
DAD-01130,790,2,42500.0,2023-11-02,20000.0,Pulihkan Duka Negeri Palestina,Transfer,10.657282884047461,2,0,Tidak Churn,0.00051167863,0
DAD-01131,790,2,25000.0,2023-11-02,10000.0,Pulihkan Duka Negeri Palestina,Transfer,10.12667110305036,2,0,Tidak Churn,0.0014440282,0
DAD-01132,790,1,45000.0,2023-11-02,45000.0,Pulihkan Duka Negeri Palestina,Transfer,10.714439990727769,2,0,Tidak Churn,0.00060891424,0
DAD-01133,635,2,200000.0,2024-04-05,100000.0,Pulihkan Duka Negeri Palestina,Transfer,12.206077645517674,1,1,Berpotensi Churn,0.99992585,1
DAD-01134,790,1,100000.0,2023-11-02,100000.0,Pulihkan Duka Negeri Palestina,Transfer,11.51293546492023,2,0,Tidak Churn,1.10831315e-05,0
DAD-01135,791,5,235000.0,2023-11-01,25000.0,Wakaf Movement,Transfer,12.367345048436391,2,0,Tidak Churn,1.8280859e-06,0
DAD-01136,791,2,150000.0,2023-11-01,50000.0,Pulihkan Duka Negeri Palestina,Transfer,11.918397239722838,2,0,Tidak Churn,3.907734e-06,0
DAD-01137,791,2,200000.0,2023-11-01,150000.0,Pulihkan Duka Negeri Palestina,Transfer,12.206077645517674,2,0,Tidak Churn,2.7357921e-06,0
DAD-01138,792,1,300000.0,2023-10-31,300000.0,Qurban Movement,Cash,12.611541086966115,2,0,Tidak Churn,4.04833e-06,0
DAD-01139,792,2,150000.0,2023-10-31,50000.0,Pulihkan Duka Negeri Palestina,Transfer,11.918397239722838,2,0,Tidak Churn,3.907734e-06,0
DAD-01140,243,16,1265000.0,2025-05-02,20000.0,Wakaf Movement,Transfer,14.05058347065728,1,1,Berpotensi Churn,0.9968401,1
DAD-01141,403,2,350000.0,2024-11-23,200000.0,Pulihkan Duka Negeri Palestina,Transfer,12.765691290604371,1,1,Berpotensi Churn,0.9999974,1
DAD-01142,792,2,250000.0,2023-10-31,100000.0,Pulihkan Duka Negeri Palestina,Transfer,12.429220196836383,2,0,Tidak Churn,2.581986e-06,0
DAD-01144,18,2,150000.0,2025-12-13,50000.0,Pulihkan Duka Negeri Indonesia,Transfer,11.918397239722838,1,1,Berpotensi Churn,0.99999225,1
DAD-01145,793,1,120000.0,2023-10-30,120000.0,Pulihkan Duka Negeri Palestina,Transfer,11.695255355062795,2,0,Tidak Churn,9.520237e-06,0
DAD-01146,793,1,50000.0,2023-10-30,50000.0,Pulihkan Duka Negeri Palestina,Transfer,10.819798284210286,2,0,Tidak Churn,0.0003300747,0
DAD-01147,794,1,100000.0,2023-10-29,100000.0,Pulihkan Duka Negeri Palestina,Transfer,11.51293546492023,2,0,Tidak Churn,1.10831315e-05,0
DAD-01148,511,2,300000.0,2024-08-07,100000.0,Pulihkan Duka Negeri Palestina,Transfer,12.611541086966115,1,1,Berpotensi Churn,0.9999981,1
DAD-01149,794,1,39392.0,2023-10-29,39392.0,Pulihkan Duka Negeri Palestina,Transfer,10.581343414527115,2,0,Tidak Churn,0.00090233877,0
DAD-01150,794,1,200000.0,2023-10-29,200000.0,Pulihkan Duka Negeri Palestina,Transfer,12.206077645517674,2,0,Tidak Churn,4.8261622e-06,0
DAD-01151,654,2,200000.0,2024-03-17,100000.0,Pulihkan Duka Negeri Palestina,Transfer,12.206077645517674,1,1,Berpotensi Churn,0.9996666,1
DAD-01152,981,1,200000.0,2023-04-25,200000.0,Wakaf Movement,Transfer,12.206077645517674,2,0,Tidak Churn,4.8261622e-06,0
DAD-01153,382,4,170000.0,2024-12-14,30000.0,Pulihkan Duka Negeri Palestina,Transfer,12.04355959836804,1,1,Berpotensi Churn,0.9999969,1
DAD-01154,670,3,280000.0,2024-03-01,80000.0,Pulihkan Duka Negeri Palestina,Transfer,12.54254845357358,2,0,Tidak Churn,0.0049079624,0
DAD-01155,166,8,390000.0,2025-07-18,20000.0,Wakaf Movement,Transfer,12.873904582205107,1,1,Berpotensi Churn,0.9999802,1
DAD-01156,223,45,6900000.0,2025-05-22,100000.0,Pulihkan Duka Negeri Palestina,Transfer,15.747032114495013,0,0,Tidak Churn,0.00046061625,0
DAD-01157,32,5,965000.0,2025-11-29,250000.0,Ramadhan Bangkitkan Negeri,Transfer,13.779884416590017,1,1,Berpotensi Churn,0.99991393,1
DAD-01158,662,2,500000.0,2024-03-09,300000.0,Pulihkan Duka Negeri Palestina,Transfer,13.122365377402328,2,0,Tidak Churn,0.019911874,0
DAD-01159,796,1,50000.0,2023-10-27,50000.0,Pulihkan Duka Negeri Palestina,Transfer,10.819798284210286,2,0,Tidak Churn,0.0003300747,0
DAD-01160,390,5,900000.0,2024-12-06,100000.0,Pulihkan Duka Negeri Palestina,Transfer,13.710151153416941,1,1,Berpotensi Churn,0.99995685,1
DAD-01161,352,10,1150000.0,2025-01-13,100000.0,Pulihkan Duka Negeri Palestina,Transfer,13.955273369904273,1,1,Berpotensi Churn,0.9999254,1
DAD-01162,453,5,375000.0,2024-10-04,50000.0,Pulihkan Duka Negeri Palestina,Transfer,12.834683971615659,1,1,Berpotensi Churn,0.9999927,1
DAD-01163,796,1,100000.0,2023-10-27,100000.0,Pulihkan Duka Negeri Palestina,Transfer,11.51293546492023,2,0,Tidak Churn,1.10831315e-05,0
DAD-01164,796,2,550000.0,2023-10-27,250000.0,Pulihkan Duka Negeri Palestina,Transfer,13.217675375388819,2,0,Tidak Churn,1.7610333e-06,0
DAD-01165,536,4,550000.0,2024-07-13,100000.0,Pulihkan Duka Negeri Palestina,Transfer,13.217675375388819,1,1,Berpotensi Churn,0.9999573,1
DAD-01166,796,1,100000.0,2023-10-27,100000.0,Pulihkan Duka Negeri Palestina,Transfer,11.51293546492023,2,0,Tidak Churn,1.10831315e-05,0
DAD-01167,600,29,1630000.0,2024-05-10,100000.0,Wakaf Movement,Transfer,14.30409118627969,0,0,Tidak Churn,0.00047546256,0
DAD-01168,796,1,100000.0,2023-10-27,100000.0,Pulihkan Duka Negeri Palestina,Transfer,11.51293546492023,2,0,Tidak Churn,1.10831315e-05,0
DAD-01169,635,2,500000.0,2024-04-05,250000.0,Ramadhan Bangkitkan Negeri,Transfer,13.122365377402328,1,1,Berpotensi Churn,0.84664536,1
DAD-01170,797,1,50000.0,2023-10-26,50000.0,Pulihkan Duka Negeri Palestina,Transfer,10.819798284210286,2,0,Tidak Churn,0.0003300747,0
DAD-01171,797,1,50000.0,2023-10-26,50000.0,Pulihkan Duka Negeri Palestina,Transfer,10.819798284210286,2,0,Tidak Churn,0.0003300747,0
DAD-01172,513,2,350000.0,2024-08-05,300000.0,Pulihkan Duka Negeri Palestina,Transfer,12.765691290604371,1,1,Berpotensi Churn,0.9999974,1
DAD-01174,797,1,100000.0,2023-10-26,100000.0,Pulihkan Duka Negeri Palestina,Transfer,11.51293546492023,2,0,Tidak Churn,1.10831315e-05,0
DAD-01175,615,3,700000.0,2024-04-25,200000.0,Ramadhan Bangkitkan Negeri,Transfer,13.45883704259595,1,1,Berpotensi Churn,0.957842,1
DAD-01176,125,7,950000.0,2025-08-28,100000.0,Pulihkan Duka Negeri Palestina,Transfer,13.76421831620775,1,1,Berpotensi Churn,0.99994457,1
DAD-01177,288,5,1100000.0,2025-03-18,300000.0,Pulihkan Duka Negeri Palestina,Transfer,13.910821646859095,1,1,Berpotensi Churn,0.9999639,1
DAD-01180,801,1,30000.0,2023-10-22,30000.0,Pulihkan Duka Negeri Palestina,Transfer,10.308985993422082,2,0,Tidak Churn,0.0023424346,0
DAD-01181,802,1,50000.0,2023-10-21,50000.0,Pulihkan Duka Negeri Palestina,Transfer,10.819798284210286,2,0,Tidak Churn,0.0003300747,0
DAD-01182,578,4,400000.0,2024-06-01,100000.0,Pulihkan Duka Negeri Palestina,Transfer,12.899222326086994,1,1,Berpotensi Churn,0.99979097,1
DAD-01183,917,1,250000.0,2023-06-28,250000.0,Becarefood,Transfer,12.429220196836383,2,0,Tidak Churn,4.5548363e-06,0
DAD-01185,802,1,250000.0,2023-10-21,250000.0,Pulihkan Duka Negeri Palestina,Transfer,12.429220196836383,2,0,Tidak Churn,4.5548363e-06,0
DAD-01186,802,1,50000.0,2023-10-21,50000.0,Pulihkan Duka Negeri Palestina,Transfer,10.819798284210286,2,0,Tidak Churn,0.0003300747,0
DAD-01187,802,2,150000.0,2023-10-21,50000.0,Becarefood,Transfer,11.918397239722838,2,0,Tidak Churn,3.907734e-06,0
DAD-01188,803,1,50000.0,2023-10-20,50000.0,Pulihkan Duka Negeri Palestina,Transfer,10.819798284210286,2,0,Tidak Churn,0.0003300747,0
DAD-01189,803,1,300000.0,2023-10-20,300000.0,Pulihkan Duka Negeri Palestina,Transfer,12.611541086966115,2,0,Tidak Churn,4.04833e-06,0
DAD-01190,803,1,100000.0,2023-10-20,100000.0,Pulihkan Duka Negeri Palestina,Transfer,11.51293546492023,2,0,Tidak Churn,1.10831315e-05,0
DAD-01191,103,16,1700000.0,2025-09-19,100000.0,Wali Asuh Santri,Transfer,14.346139397261565,1,1,Berpotensi Churn,0.9938305,1
DAD-01192,803,2,50000.0,2023-10-20,20000.0,Becarefood,Transfer,10.819798284210286,2,0,Tidak Churn,0.00018179281,0
DAD-01193,803,1,250000.0,2023-10-20,250000.0,Pulihkan Duka Negeri Palestina,Transfer,12.429220196836383,2,0,Tidak Churn,4.5548363e-06,0
DAD-01194,628,6,740000.0,2024-04-12,250000.0,Ramadhan Bangkitkan Negeri,Transfer,13.51440681653079,2,0,Tidak Churn,0.4208584,0
DAD-01195,803,1,200000.0,2023-10-20,200000.0,Pulihkan Duka Negeri Palestina,Transfer,12.206077645517674,2,0,Tidak Churn,4.8261622e-06,0
DAD-01196,803,4,135000.0,2023-10-20,50000.0,Pulihkan Duka Negeri Palestina,Transfer,11.813037464800539,2,0,Tidak Churn,3.74533e-06,0
DAD-01197,803,4,400000.0,2023-10-20,100000.0,Pulihkan Duka Negeri Palestina,Transfer,12.899222326086994,2,0,Tidak Churn,1.6122992e-06,0
DAD-01198,296,3,230000.0,2025-03-10,30000.0,Pulihkan Duka Negeri Palestina,Transfer,12.345838935721968,1,1,Berpotensi Churn,0.99999535,1
DAD-01199,633,3,380000.0,2024-04-07,100000.0,Ramadhan Bangkitkan Negeri,Transfer,12.847929163278053,1,1,Berpotensi Churn,0.9847659,1
DAD-01200,803,1,50000.0,2023-10-20,50000.0,Pulihkan Duka Negeri Palestina,Transfer,10.819798284210286,2,0,Tidak Churn,0.0003300747,0
DAD-01201,481,3,60000.0,2024-09-06,15000.0,Pulihkan Duka Negeri Palestina,Transfer,11.002116507732017,1,1,Berpotensi Churn,0.9999981,1
DAD-01202,222,12,1200000.0,2025-05-23,100000.0,Syiar Qur'an Indonesia,Transfer,13.997832948091215,1,1,Berpotensi Churn,0.9997249,1
DAD-01203,803,1,100000.0,2023-10-20,100000.0,Pulihkan Duka Negeri Palestina,Transfer,11.51293546492023,2,0,Tidak Churn,1.10831315e-05,0
DAD-01204,803,1,50000.0,2023-10-20,50000.0,Pulihkan Duka Negeri Palestina,Transfer,10.819798284210286,2,0,Tidak Churn,0.0003300747,0
DAD-01205,670,2,105000.0,2024-03-01,80000.0,Pulihkan Duka Negeri Palestina,Transfer,11.561725152903833,1,1,Berpotensi Churn,0.9957283,1
DAD-01206,159,3,95000.0,2025-07-25,25000.0,Becarefood,Transfer,11.461642696843066,1,1,Berpotensi Churn,0.9999957,1
DAD-01207,803,1,50000.0,2023-10-20,50000.0,Pulihkan Duka Negeri Palestina,Transfer,10.819798284210286,2,0,Tidak Churn,0.0003300747,0
DAD-01208,803,1,4500.0,2023-10-20,4500.0,Pulihkan Duka Negeri Palestina,Transfer,8.412054873292933,1,1,Berpotensi Churn,0.017701775,0
DAD-01209,447,4,270000.0,2024-10-10,20000.0,Pulihkan Duka Negeri Palestina,Transfer,12.506180941677357,1,1,Berpotensi Churn,0.9999951,1
DAD-01210,803,1,50000.0,2023-10-20,50000.0,Pulihkan Duka Negeri Palestina,Transfer,10.819798284210286,2,0,Tidak Churn,0.0003300747,0
DAD-01211,705,2,95000.0,2024-01-26,50000.0,Pulihkan Duka Negeri Palestina,Transfer,11.461642696843066,2,0,Tidak Churn,0.0046090013,0
DAD-01212,803,1,30000.0,2023-10-20,30000.0,Pulihkan Duka Negeri Palestina,Transfer,10.308985993422082,2,0,Tidak Churn,0.0023424346,0
DAD-01213,803,1,20000.0,2023-10-20,20000.0,Pulihkan Duka Negeri Palestina,Transfer,9.90353755128617,2,0,Tidak Churn,0.0027544287,0
DAD-01214,334,5,300000.0,2025-01-31,50000.0,Pulihkan Duka Negeri Palestina,Transfer,12.611541086966115,1,1,Berpotensi Churn,0.99999356,1
DAD-01215,124,6,950000.0,2025-08-29,200000.0,Sambung Hidup Dhuafa,Transfer,13.76421831620775,1,1,Berpotensi Churn,0.99994457,1
DAD-01217,805,1,100000.0,2023-10-18,100000.0,Pulihkan Duka Negeri Palestina,Transfer,11.51293546492023,2,0,Tidak Churn,1.10831315e-05,0
DAD-01218,806,1,100000.0,2023-10-17,100000.0,Qurban Movement,Transfer,11.51293546492023,2,0,Tidak Churn,1.10831315e-05,0
DAD-01219,808,2,250000.0,2023-10-15,100000.0,Qurban Movement,Transfer,12.429220196836383,2,0,Tidak Churn,2.581986e-06,0
DAD-01220,808,1,250000.0,2023-10-15,250000.0,Pulihkan Duka Negeri Palestina,Transfer,12.429220196836383,2,0,Tidak Churn,4.5548363e-06,0
DAD-01221,607,5,700000.0,2024-05-03,100000.0,Pulihkan Duka Negeri Palestina,Transfer,13.45883704259595,1,1,Berpotensi Churn,0.94034046,1
DAD-01222,341,1,200000.0,2025-01-24,200000.0,Wakaf Pembangunan Masjid,Transfer,12.206077645517674,1,1,Berpotensi Churn,0.9999988,1
DAD-01223,495,2,350000.0,2024-08-23,100000.0,Pulihkan Duka Negeri Palestina,Transfer,12.765691290604371,1,1,Berpotensi Churn,0.9999975,1
DAD-01224,810,1,100000.0,2023-10-13,100000.0,Pulihkan Duka Negeri Palestina,Transfer,11.51293546492023,2,0,Tidak Churn,1.10831315e-05,0
DAD-01225,810,1,300000.0,2023-10-13,300000.0,Pulihkan Duka Negeri Palestina,Transfer,12.611541086966115,2,0,Tidak Churn,4.04833e-06,0
DAD-01227,810,1,300000.0,2023-10-13,300000.0,Pulihkan Duka Negeri Palestina,Transfer,12.611541086966115,2,0,Tidak Churn,4.04833e-06,0
DAD-01229,810,1,100000.0,2023-10-13,100000.0,Pulihkan Duka Negeri Palestina,Transfer,11.51293546492023,2,0,Tidak Churn,1.10831315e-05,0
DAD-01230,264,3,200000.0,2025-04-11,50000.0,Pulihkan Duka Negeri Palestina,Transfer,12.206077645517674,1,1,Berpotensi Churn,0.9999951,1
DAD-01231,397,4,400000.0,2024-11-29,100000.0,Pulihkan Duka Negeri Palestina,Transfer,12.899222326086994,1,1,Berpotensi Churn,0.9999913,1
DAD-01232,810,1,200000.0,2023-10-13,200000.0,Pulihkan Duka Negeri Palestina,Transfer,12.206077645517674,2,0,Tidak Churn,4.8261622e-06,0
DAD-01233,810,29,2900000.0,2023-10-13,100000.0,Wakaf Movement,Transfer,14.88022163978423,0,0,Tidak Churn,1.7328764e-06,0
DAD-01234,810,1,25000.0,2023-10-13,25000.0,Pulihkan Duka Negeri Palestina,Transfer,10.12667110305036,2,0,Tidak Churn,0.0025447127,0
DAD-01235,810,2,200000.0,2023-10-13,100000.0,Pulihkan Duka Negeri Palestina,Transfer,12.206077645517674,2,0,Tidak Churn,2.7357921e-06,0
DAD-01236,152,8,760000.0,2025-08-01,100000.0,Pulihkan Duka Negeri Palestina,Transfer,13.541075028051122,1,1,Berpotensi Churn,0.99996555,1
DAD-01238,810,1,100000.0,2023-10-13,100000.0,Pulihkan Duka Negeri Palestina,Transfer,11.51293546492023,2,0,Tidak Churn,1.10831315e-05,0
DAD-01239,810,1,50000.0,2023-10-13,50000.0,Pulihkan Duka Negeri Palestina,Transfer,10.819798284210286,2,0,Tidak Churn,0.0003300747,0
DAD-01240,810,1,100000.0,2023-10-13,100000.0,Pulihkan Duka Negeri Palestina,Transfer,11.51293546492023,2,0,Tidak Churn,1.10831315e-05,0
DAD-01241,810,1,20000.0,2023-10-13,20000.0,Pulihkan Duka Negeri Palestina,Transfer,9.90353755128617,2,0,Tidak Churn,0.0027544287,0
DAD-01242,635,7,550000.0,2024-04-05,100000.0,Ramadhan Bangkitkan Negeri,Transfer,13.217675375388819,2,0,Tidak Churn,0.0035403091,0
DAD-01243,12,5,800000.0,2025-12-19,100000.0,Pulihkan Duka Negeri Palestina,Transfer,13.592368256649284,1,1,Berpotensi Churn,0.99988484,1
DAD-01244,811,1,100000.0,2023-10-12,100000.0,Pulihkan Duka Negeri Palestina,Transfer,11.51293546492023,2,0,Tidak Churn,1.10831315e-05,0
DAD-01245,811,1,98000.0,2023-10-12,98000.0,Pulihkan Duka Negeri Palestina,Transfer,11.49273296168228,2,0,Tidak Churn,1.10831315e-05,0
DAD-01246,811,1,29270.0,2023-10-12,29270.0,Pulihkan Duka Negeri Palestina,Transfer,10.284352543776059,2,0,Tidak Churn,0.0025447127,0
DAD-01247,811,1,100000.0,2023-10-12,100000.0,Pulihkan Duka Negeri Palestina,Transfer,11.51293546492023,2,0,Tidak Churn,1.10831315e-05,0
DAD-01248,811,1,50000.0,2023-10-12,50000.0,Pulihkan Duka Negeri Palestina,Cash,10.819798284210286,2,0,Tidak Churn,0.0003300747,0
DAD-01249,811,1,20000.0,2023-10-12,20000.0,Pemuda Berdaya,Cash,9.90353755128617,2,0,Tidak Churn,0.0027544287,0
DAD-01250,812,3,200000.0,2023-10-11,50000.0,Pulihkan Duka Negeri Palestina,Transfer,12.206077645517674,2,0,Tidak Churn,2.0922896e-06,0
DAD-01251,812,1,200000.0,2023-10-11,200000.0,Pulihkan Duka Negeri Palestina,Transfer,12.206077645517674,2,0,Tidak Churn,4.8261622e-06,0
DAD-01252,812,1,20000.0,2023-10-11,20000.0,Pulihkan Duka Negeri Palestina,Transfer,9.90353755128617,2,0,Tidak Churn,0.0027544287,0
DAD-01253,814,1,50000.0,2023-10-09,50000.0,Wakaf Movement,Transfer,10.819798284210286,2,0,Tidak Churn,0.0003300747,0
DAD-01254,814,1,100000.0,2023-10-09,100000.0,Wakaf Movement,Cash,11.51293546492023,2,0,Tidak Churn,1.10831315e-05,0
DAD-01255,816,3,90000.0,2023-10-07,20000.0,Pulihkan Duka Negeri Palestina,Transfer,11.407576060361786,2,0,Tidak Churn,5.341461e-06,0
DAD-01256,306,4,350000.0,2025-02-28,100000.0,Wakaf Movement,Transfer,12.765691290604371,1,1,Berpotensi Churn,0.99999213,1
DAD-01257,817,3,310000.0,2023-10-06,60000.0,Becarefood,Transfer,12.644330802262578,2,0,Tidak Churn,1.7550747e-06,0
DAD-01258,817,1,50000.0,2023-10-06,50000.0,Wakaf Movement,Transfer,10.819798284210286,2,0,Tidak Churn,0.0003300747,0
DAD-01259,817,2,400000.0,2023-10-06,200000.0,Wakaf Movement,Transfer,12.899222326086994,2,0,Tidak Churn,2.1780324e-06,0
DAD-01260,817,2,200000.0,2023-10-06,100000.0,Wakaf Movement,Transfer,12.206077645517674,2,0,Tidak Churn,2.7357921e-06,0
DAD-01262,419,8,950000.0,2024-11-07,100000.0,Qurban Movement,Cash,13.76421831620775,1,1,Berpotensi Churn,0.99996257,1
DAD-01263,818,2,100000.0,2023-10-05,50000.0,Pemuda Berdaya,Transfer,11.51293546492023,2,0,Tidak Churn,6.2826784e-06,0
DAD-01264,820,1,20000.0,2023-10-03,20000.0,Pemuda Berdaya,Cash,9.90353755128617,2,0,Tidak Churn,0.0027544287,0
DAD-01265,659,2,250000.0,2024-03-12,100000.0,Ramadhan Bangkitkan Negeri,Cash,12.429220196836383,1,1,Berpotensi Churn,0.91052216,1
DAD-01266,823,4,650000.0,2023-09-30,100000.0,Qurban Movement,Transfer,13.384729180332174,2,0,Tidak Churn,1.4773634e-06,0
DAD-01267,823,1,100000.0,2023-09-30,100000.0,Qurban Movement,Transfer,11.51293546492023,2,0,Tidak Churn,1.10831315e-05,0
DAD-01268,823,1,300000.0,2023-09-30,300000.0,Zakat Movement,Transfer,12.611541086966115,2,0,Tidak Churn,4.04833e-06,0
DAD-01269,726,13,295000.0,2024-01-05,20000.0,Pemuda Berdaya,Transfer,12.59473402514672,2,0,Tidak Churn,4.663967e-06,0
DAD-01270,824,1,100000.0,2023-09-29,100000.0,Wakaf Movement,Transfer,11.51293546492023,2,0,Tidak Churn,1.10831315e-05,0
DAD-01271,824,31,1700000.0,2023-09-29,50000.0,Wakaf Movement,Transfer,14.346139397261565,0,0,Tidak Churn,2.096516e-06,0
DAD-01272,824,1,100000.0,2023-09-29,100000.0,Wali Asuh Santri,Transfer,11.51293546492023,2,0,Tidak Churn,1.10831315e-05,0
DAD-01273,825,1,10000.0,2023-09-28,10000.0,Pemuda Berdaya,Transfer,9.210440366976517,2,0,Tidak Churn,0.014670835,0
DAD-01274,827,1,100000.0,2023-09-26,100000.0,Qurban Movement,Cash,11.51293546492023,2,0,Tidak Churn,1.10831315e-05,0
DAD-01275,828,2,60000.0,2023-09-25,40000.0,Becarefood,Cash,11.002116507732017,2,0,Tidak Churn,7.649987e-06,0
DAD-01276,831,4,600000.0,2023-09-22,200000.0,Becarefood,Transfer,13.304686600863562,2,0,Tidak Churn,1.3036134e-06,0
DAD-01277,469,3,360000.0,2024-09-18,300000.0,Pemuda Berdaya,Transfer,12.793862088206213,1,1,Berpotensi Churn,0.999995,1
DAD-01278,836,2,150000.0,2023-09-17,50000.0,Ummah Care,Transfer,11.918397239722838,2,0,Tidak Churn,3.907734e-06,0
DAD-01279,838,1,20000.0,2023-09-15,20000.0,Ummah Care,Transfer,9.90353755128617,2,0,Tidak Churn,0.0027544287,0
DAD-01280,845,5,792000.0,2023-09-08,122000.0,Pulihkan Duka Negeri Palestina,Transfer,13.58231793342203,2,0,Tidak Churn,1.7798455e-06,0
DAD-01281,544,9,1075000.0,2024-07-05,50000.0,Pulihkan Duka Negeri Palestina,Transfer,13.887832149776026,1,1,Berpotensi Churn,0.99995136,1
DAD-01283,299,8,357000.0,2025-03-07,25000.0,Ramadhan Bangkitkan Negeri,Transfer,12.785493861878301,1,1,Berpotensi Churn,0.9999862,1
DAD-01284,476,4,1025000.0,2024-09-11,290000.0,Qurban Movement,Transfer,13.840204146163925,1,1,Berpotensi Churn,0.99997723,1
DAD-01285,635,4,380000.0,2024-04-05,80000.0,Wakaf Movement,Transfer,12.847929163278053,1,1,Berpotensi Churn,0.9458795,1
DAD-01286,849,4,155000.0,2023-09-04,50000.0,Syiar Qur'an Indonesia,Transfer,11.951186847493476,2,0,Tidak Churn,2.0426837e-06,0
DAD-01287,381,10,1425000.0,2024-12-15,100000.0,Pulihkan Duka Negeri Palestina,Transfer,14.169683073439028,1,1,Berpotensi Churn,0.9991185,1
DAD-01288,652,6,500000.0,2024-03-19,100000.0,Pulihkan Duka Negeri Palestina,Transfer,13.122365377402328,2,0,Tidak Churn,0.0033755903,0
DAD-01289,852,1,15000.0,2023-09-01,15000.0,Wakaf Movement,Transfer,9.61587214452889,2,0,Tidak Churn,0.0034322713,0
DAD-01290,635,7,1125000.0,2024-04-05,200000.0,Syiar Qur'an Indonesia,Transfer,13.933294482509151,2,0,Tidak Churn,0.0043218965,0
DAD-01291,852,5,550000.0,2023-09-01,100000.0,Wakaf Movement,Transfer,13.217675375388819,2,0,Tidak Churn,1.2468383e-06,0
DAD-01292,852,33,1650000.0,2023-09-01,50000.0,Wakaf Movement,Transfer,14.316286451937186,0,0,Tidak Churn,2.096516e-06,0
DAD-01293,607,5,485000.0,2024-05-03,100000.0,Wakaf Movement,Transfer,13.091906231773164,1,1,Berpotensi Churn,0.9886828,1
DAD-01294,536,5,250000.0,2024-07-13,50000.0,Wali Asuh Santri,Transfer,12.429220196836383,1,1,Berpotensi Churn,0.9999958,1
DAD-01295,855,1,100000.0,2023-08-29,100000.0,Becarefood,Transfer,11.51293546492023,2,0,Tidak Churn,1.10831315e-05,0
DAD-01296,535,9,500000.0,2024-07-14,50000.0,Wali Asuh Santri,Transfer,13.122365377402328,1,1,Berpotensi Churn,0.9999614,1
DAD-01297,859,1,50000.0,2023-08-25,50000.0,Becarefood,Transfer,10.819798284210286,2,0,Tidak Churn,0.0003300747,0
DAD-01298,872,7,2000000.0,2023-08-12,200000.0,Syiar Qur'an Indonesia,Transfer,14.508658238524095,2,0,Tidak Churn,2.237863e-06,0
DAD-01300,873,1,150000.0,2023-08-11,150000.0,Syiar Qur'an Indonesia,Transfer,11.918397239722838,2,0,Tidak Churn,6.8935583e-06,0
DAD-01301,875,1,300000.0,2023-08-09,300000.0,Wakaf Movement,Transfer,12.611541086966115,2,0,Tidak Churn,4.04833e-06,0
DAD-01302,879,8,800000.0,2023-08-05,100000.0,Wali Asuh Santri,Transfer,13.592368256649284,2,0,Tidak Churn,1.6761821e-06,0
DAD-01303,880,2,250000.0,2023-08-04,150000.0,Wakaf Movement,Transfer,12.429220196836383,2,0,Tidak Churn,2.581986e-06,0
DAD-01305,516,3,225000.0,2024-08-02,100000.0,Pulihkan Duka Negeri Palestina,Transfer,12.323860125621126,1,1,Berpotensi Churn,0.99999714,1
DAD-01306,880,2,300000.0,2023-08-04,100000.0,Becarefood,Transfer,12.611541086966115,2,0,Tidak Churn,2.294864e-06,0
DAD-01307,348,4,102500.0,2025-01-17,25000.0,Pemuda Berdaya,Transfer,11.537627833610571,1,1,Berpotensi Churn,0.9999968,1
DAD-01308,881,1,10000.0,2023-08-03,10000.0,Wakaf Movement,Transfer,9.210440366976517,2,0,Tidak Churn,0.011251853,0
DAD-01309,884,1,25000.0,2023-07-31,25000.0,Syiar Qur'an Indonesia,Cash,10.12667110305036,2,0,Tidak Churn,0.0025447127,0
DAD-01310,215,13,1420000.0,2025-05-30,50000.0,Sambung Hidup Dhuafa,Transfer,14.166168133802548,1,1,Berpotensi Churn,0.9995517,1
DAD-01311,18,8,1200000.0,2025-12-13,200000.0,Ramadhan Bangkitkan Negeri,Transfer,13.997832948091215,1,1,Berpotensi Churn,0.99964356,1
DAD-01312,887,1,60000.0,2023-07-28,60000.0,Becarefood,Transfer,11.002116507732017,2,0,Tidak Churn,1.3495156e-05,0
DAD-01313,887,1,20000.0,2023-07-28,20000.0,Becarefood,Transfer,9.90353755128617,2,0,Tidak Churn,0.0027544287,0
DAD-01314,887,1,100000.0,2023-07-28,100000.0,Becarefood,Transfer,11.51293546492023,2,0,Tidak Churn,1.10831315e-05,0
DAD-01315,889,1,75000.0,2023-07-26,75000.0,Syiar Qur'an Indonesia,Transfer,11.225256725762893,2,0,Tidak Churn,1.3495156e-05,0
DAD-01316,890,15,360000.0,2023-07-25,25000.0,Pulihkan Duka Negeri Palestina,Transfer,12.793862088206213,2,0,Tidak Churn,1.3333458e-06,0
DAD-01317,647,5,1100000.0,2024-03-24,200000.0,Ramadhan Bangkitkan Negeri,Transfer,13.910821646859095,2,0,Tidak Churn,0.0051713237,0
DAD-01318,131,1,100000.0,2025-08-22,100000.0,Pulihkan Duka Negeri Palestina,Transfer,11.51293546492023,1,1,Berpotensi Churn,0.99999726,1
DAD-01319,565,4,105000.0,2024-06-14,25000.0,Qurban Movement,Transfer,11.561725152903833,1,1,Berpotensi Churn,0.9999975,1
DAD-01320,572,3,100000.0,2024-06-07,25000.0,Qurban Movement,Transfer,11.51293546492023,1,1,Berpotensi Churn,0.9999924,1
DAD-01321,894,2,200000.0,2023-07-21,100000.0,Syiar Qur'an Indonesia,Transfer,12.206077645517674,2,0,Tidak Churn,2.7357921e-06,0
DAD-01322,280,4,700000.0,2025-03-26,250000.0,Pulihkan Duka Negeri Palestina,Transfer,13.45883704259595,1,1,Berpotensi Churn,0.9999596,1
DAD-01323,19,16,2255000.0,2025-12-12,200000.0,Pulihkan Duka Negeri Palestina,Transfer,14.628660974377798,1,1,Berpotensi Churn,0.9097873,1
DAD-01324,894,2,200000.0,2023-07-21,100000.0,Syiar Qur'an Indonesia,Transfer,12.206077645517674,2,0,Tidak Churn,2.7357921e-06,0
DAD-01325,901,4,800000.0,2023-07-14,100000.0,Wakaf Movement,Transfer,13.592368256649284,2,0,Tidak Churn,1.8608912e-06,0
DAD-01326,904,1,20000.0,2023-07-11,20000.0,Pemuda Berdaya,Cash,9.90353755128617,2,0,Tidak Churn,0.0027544287,0
DAD-01327,904,1,20000.0,2023-07-11,20000.0,Pemuda Berdaya,Cash,9.90353755128617,2,0,Tidak Churn,0.0027544287,0
DAD-01328,686,9,455000.0,2024-02-14,100000.0,Wali Asuh Santri,Transfer,13.02805489573287,2,0,Tidak Churn,3.768152e-05,0
DAD-01329,579,14,1250000.0,2024-05-31,100000.0,Wali Asuh Santri,Transfer,14.038654909278163,1,1,Berpotensi Churn,0.030573377,0
DAD-01330,908,9,335000.0,2023-07-07,30000.0,Wali Asuh Santri,Transfer,12.721888795877375,2,0,Tidak Churn,1.5301658e-06,0
DAD-01331,600,2,100000.0,2024-05-10,50000.0,Pulihkan Duka Negeri Palestina,Transfer,11.51293546492023,1,1,Berpotensi Churn,0.99999595,1
DAD-01332,909,2,35000.0,2023-07-06,25000.0,Becarefood,Transfer,10.463131911491967,2,0,Tidak Churn,0.0006064048,0
DAD-01333,911,1,250000.0,2023-07-04,250000.0,Syiar Qur'an Indonesia,Transfer,12.429220196836383,2,0,Tidak Churn,4.5548363e-06,0
DAD-01334,911,1,300000.0,2023-07-04,300000.0,Ramadhan Fast Track,Transfer,12.611541086966115,2,0,Tidak Churn,4.04833e-06,0
DAD-01336,988,1,74000.0,2023-04-18,74000.0,Zakat Movement,Transfer,11.211833885608513,2,0,Tidak Churn,1.3495156e-05,0
DAD-01338,916,1,50000.0,2023-06-29,50000.0,Qurban Movement,Transfer,10.819798284210286,2,0,Tidak Churn,0.0003300747,0
DAD-01339,916,1,25000.0,2023-06-29,25000.0,Becarefood,Transfer,10.12667110305036,2,0,Tidak Churn,0.0025447127,0
DAD-01340,916,1,100000.0,2023-06-29,100000.0,Becarefood,Transfer,11.51293546492023,2,0,Tidak Churn,1.10831315e-05,0
DAD-01342,563,2,350000.0,2024-06-16,100000.0,Qurban Movement,Transfer,12.765691290604371,1,1,Berpotensi Churn,0.9999975,1
DAD-01343,917,2,110000.0,2023-06-28,100000.0,Becarefood,Transfer,11.608244735642321,2,0,Tidak Churn,5.3967187e-06,0
DAD-01349,917,1,50000.0,2023-06-28,50000.0,Becarefood,Transfer,10.819798284210286,2,0,Tidak Churn,0.0003300747,0
DAD-01350,917,1,25000.0,2023-06-28,25000.0,Becarefood,Transfer,10.12667110305036,2,0,Tidak Churn,0.0025447127,0
DAD-01351,376,2,350000.0,2024-12-20,100000.0,Becarefood,Transfer,12.765691290604371,1,1,Berpotensi Churn,0.99999726,1
DAD-01352,917,1,25000.0,2023-06-28,25000.0,Becarefood,Transfer,10.12667110305036,2,0,Tidak Churn,0.0025447127,0
DAD-01353,917,1,250000.0,2023-06-28,250000.0,Becarefood,Transfer,12.429220196836383,2,0,Tidak Churn,4.5548363e-06,0
DAD-01354,917,1,100000.0,2023-06-28,100000.0,Becarefood,Transfer,11.51293546492023,2,0,Tidak Churn,1.10831315e-05,0
DAD-01355,285,14,610396.0,2025-03-21,115000.0,Sambung Hidup Dhuafa,Transfer,13.321864844130346,1,1,Berpotensi Churn,0.9996209,1
DAD-01356,917,1,25000.0,2023-06-28,25000.0,Becarefood,Transfer,10.12667110305036,2,0,Tidak Churn,0.0025447127,0
DAD-01357,917,2,75000.0,2023-06-28,50000.0,Becarefood,Transfer,11.225256725762893,2,0,Tidak Churn,7.649987e-06,0
DAD-01358,917,1,100000.0,2023-06-28,100000.0,Becarefood,Transfer,11.51293546492023,2,0,Tidak Churn,1.10831315e-05,0
DAD-01359,138,7,1050000.0,2025-08-15,100000.0,Wakaf Pembangunan Masjid,Transfer,13.864301674514206,1,1,Berpotensi Churn,0.9999763,1
DAD-01365,921,2,150000.0,2023-06-24,100000.0,Qurban Movement,Transfer,11.918397239722838,2,0,Tidak Churn,3.907734e-06,0
DAD-01366,159,3,165000.0,2025-07-25,25000.0,Qurban Movement,Transfer,12.013706813470414,1,1,Berpotensi Churn,0.99999475,1
DAD-01367,921,1,50000.0,2023-06-24,50000.0,Qurban Movement,Transfer,10.819798284210286,2,0,Tidak Churn,0.0003300747,0
DAD-01368,922,1,50000.0,2023-06-23,50000.0,Qurban Movement,Transfer,10.819798284210286,2,0,Tidak Churn,0.0003300747,0
DAD-01369,277,1,160000.0,2025-03-29,160000.0,Sambung Hidup Dhuafa,Transfer,11.982935344196433,1,1,Berpotensi Churn,0.99999845,1
DAD-01371,924,1,10000.0,2023-06-21,10000.0,Becarefood,Transfer,9.210440366976517,2,0,Tidak Churn,0.010620697,0
DAD-01372,925,1,300000.0,2023-06-20,300000.0,Qurban Movement,Transfer,12.611541086966115,2,0,Tidak Churn,4.04833e-06,0
DAD-01382,928,7,210000.0,2023-06-17,30000.0,Wali Asuh Santri,Transfer,12.25486757159303,2,0,Tidak Churn,1.7216129e-06,0
DAD-01386,929,3,300000.0,2023-06-16,100000.0,Becarefood,Transfer,12.611541086966115,2,0,Tidak Churn,1.7550747e-06,0
DAD-01388,930,1,100000.0,2023-06-15,100000.0,Qurban Movement,Cash,11.51293546492023,2,0,Tidak Churn,1.10831315e-05,0
DAD-01391,932,1,200000.0,2023-06-13,200000.0,Pemuda Berdaya,Transfer,12.206077645517674,2,0,Tidak Churn,4.8261622e-06,0
DAD-01392,936,4,650000.0,2023-06-09,200000.0,Wakaf Movement,Transfer,13.384729180332174,2,0,Tidak Churn,1.4773634e-06,0
DAD-01393,936,2,100000.0,2023-06-09,50000.0,Wakaf Movement,Transfer,11.51293546492023,2,0,Tidak Churn,6.2826784e-06,0
DAD-01394,936,1,50000.0,2023-06-09,50000.0,Wakaf Movement,Transfer,10.819798284210286,2,0,Tidak Churn,0.0003300747,0
DAD-01395,210,3,525000.0,2025-06-04,125000.0,Pulihkan Duka Negeri Palestina,Transfer,13.171155446333852,1,1,Berpotensi Churn,0.99995947,1
DAD-01396,943,1,100000.0,2023-06-02,100000.0,Qurban Movement,Transfer,11.51293546492023,2,0,Tidak Churn,1.10831315e-05,0
DAD-01397,943,1,70000.0,2023-06-02,70000.0,Qurban Movement,Transfer,11.156264806643742,2,0,Tidak Churn,1.3495156e-05,0
DAD-01398,943,1,50000.0,2023-06-02,50000.0,Qurban Movement,Transfer,10.819798284210286,2,0,Tidak Churn,0.0003300747,0
DAD-01400,944,1,251875.0,2023-06-01,251875.0,Zakat Movement,Transfer,12.436692181898529,2,0,Tidak Churn,4.5548363e-06,0
DAD-01401,385,4,1000000.0,2024-12-11,250000.0,Qurban Movement,Transfer,13.815511557963774,1,1,Berpotensi Churn,0.999972,1
DAD-01403,949,13,650000.0,2023-05-27,50000.0,Pemuda Berdaya,Transfer,13.384729180332174,2,0,Tidak Churn,1.2504227e-06,0
DAD-01404,950,3,250000.0,2023-05-26,50000.0,Pemuda Berdaya,Transfer,12.429220196836383,2,0,Tidak Churn,1.974661e-06,0
DAD-01406,956,3,450000.0,2023-05-20,150000.0,Zakat Movement,Transfer,13.017005083966255,2,0,Tidak Churn,1.4034136e-06,0
DAD-01407,957,2,500000.0,2023-05-19,200000.0,Syiar Qur'an Indonesia,Transfer,13.122365377402328,2,0,Tidak Churn,1.8350465e-06,0
DAD-01408,651,4,250000.0,2024-03-20,50000.0,Wali Asuh Santri,Transfer,12.429220196836383,1,1,Berpotensi Churn,0.98927176,1
DAD-01410,963,1,200000.0,2023-05-13,200000.0,Wakaf Movement,Transfer,12.206077645517674,2,0,Tidak Churn,4.8261622e-06,0
DAD-01411,964,1,100000.0,2023-05-12,100000.0,Wakaf Movement,Transfer,11.51293546492023,2,0,Tidak Churn,1.10831315e-05,0
DAD-01412,964,3,220000.0,2023-05-12,50000.0,Pulihkan Duka Negeri Palestina,Transfer,12.301387370778713,2,0,Tidak Churn,1.974661e-06,0
DAD-01413,964,1,26000.0,2023-05-12,26000.0,Syiar Qur'an Indonesia,Transfer,10.165890277802454,2,0,Tidak Churn,0.0025447127,0
DAD-01414,964,1,20000.0,2023-05-12,20000.0,Syiar Qur'an Indonesia,Transfer,9.90353755128617,2,0,Tidak Churn,0.0027544287,0
DAD-01415,964,1,200000.0,2023-05-12,200000.0,Syiar Qur'an Indonesia,Transfer,12.206077645517674,2,0,Tidak Churn,4.8261622e-06,0
DAD-01416,279,6,400000.0,2025-03-27,100000.0,Zakat Movement,Transfer,12.899222326086994,1,1,Berpotensi Churn,0.9999726,1
DAD-01417,964,3,600000.0,2023-05-12,200000.0,Wali Asuh Santri,Transfer,13.304686600863562,2,0,Tidak Churn,1.3468095e-06,0
DAD-01418,985,5,800000.0,2023-04-21,300000.0,Ramadhan Fast Track,Transfer,13.592368256649284,2,0,Tidak Churn,1.7798455e-06,0
DAD-01419,971,6,1010000.0,2023-05-05,250000.0,Wali Asuh Santri,Transfer,13.825461878915961,2,0,Tidak Churn,1.9828908e-06,0
DAD-01420,978,10,500000.0,2023-04-28,50000.0,Wakaf Movement,Transfer,13.122365377402328,2,0,Tidak Churn,1.1497352e-06,0
DAD-01421,978,1,100000.0,2023-04-28,100000.0,Wakaf Movement,Transfer,11.51293546492023,2,0,Tidak Churn,1.10831315e-05,0
DAD-01422,978,1,200000.0,2023-04-28,200000.0,Wakaf Movement,Transfer,12.206077645517674,2,0,Tidak Churn,4.8261622e-06,0
DAD-01423,1041,1,200000.0,2023-02-24,200000.0,Wali Asuh Santri,Transfer,12.206077645517674,2,0,Tidak Churn,4.8261622e-06,0
DAD-01424,985,1,97500.0,2023-04-21,97500.0,Zakat Movement,Transfer,11.487617913343598,2,0,Tidak Churn,1.10831315e-05,0
DAD-01425,985,1,50000.0,2023-04-21,50000.0,Wakaf Movement,Transfer,10.819798284210286,2,0,Tidak Churn,0.0003300747,0
DAD-01426,985,4,266000.0,2023-04-21,82000.0,Zakat Movement,Transfer,12.491255347155265,2,0,Tidak Churn,1.4915627e-06,0
DAD-01427,985,1,50000.0,2023-04-21,50000.0,Zakat Movement,Transfer,10.819798284210286,2,0,Tidak Churn,0.0003300747,0
DAD-01428,985,1,50000.0,2023-04-21,50000.0,Zakat Movement,Transfer,10.819798284210286,2,0,Tidak Churn,0.0003300747,0
DAD-01430,18,10,327500.0,2025-12-13,25000.0,Pulihkan Duka Negeri Indonesia,Transfer,12.699246387487896,1,1,Berpotensi Churn,0.9999162,1
DAD-01431,985,1,60000.0,2023-04-21,60000.0,Zakat Movement,Transfer,11.002116507732017,2,0,Tidak Churn,1.3495156e-05,0
DAD-01432,985,1,50000.0,2023-04-21,50000.0,Wakaf Movement,Transfer,10.819798284210286,2,0,Tidak Churn,0.0003300747,0
DAD-01433,986,1,100000.0,2023-04-20,100000.0,Wakaf Movement,Transfer,11.51293546492023,2,0,Tidak Churn,1.10831315e-05,0
DAD-01434,985,1,32500.0,2023-04-21,32500.0,Zakat Movement,Transfer,10.389026137075234,2,0,Tidak Churn,0.0023424346,0
DAD-01436,425,8,1112500.0,2024-11-01,200000.0,Wakaf Movement,Transfer,13.922121191898533,1,1,Berpotensi Churn,0.9999448,1
DAD-01437,985,1,250000.0,2023-04-21,250000.0,Wali Asuh Santri,Transfer,12.429220196836383,2,0,Tidak Churn,4.5548363e-06,0
DAD-01438,985,1,150000.0,2023-04-21,150000.0,Syiar Qur'an Indonesia,Transfer,11.918397239722838,2,0,Tidak Churn,6.8935583e-06,0
DAD-01439,276,2,135000.0,2025-03-30,100000.0,Sambung Hidup Dhuafa,Transfer,11.813037464800539,1,1,Berpotensi Churn,0.9999982,1
DAD-01440,985,1,120000.0,2023-04-21,120000.0,Zakat Movement,Transfer,11.695255355062795,2,0,Tidak Churn,9.520237e-06,0
DAD-01441,985,1,65000.0,2023-04-21,65000.0,Zakat Movement,Transfer,11.082157933374816,2,0,Tidak Churn,1.3495156e-05,0
DAD-01442,985,1,200000.0,2023-04-21,200000.0,Zakat Movement,Transfer,12.206077645517674,2,0,Tidak Churn,4.8261622e-06,0
DAD-01443,986,2,110000.0,2023-04-20,50000.0,Wakaf Movement,Transfer,11.608244735642321,2,0,Tidak Churn,5.3967187e-06,0
DAD-01444,986,1,100000.0,2023-04-20,100000.0,Wakaf Movement,Transfer,11.51293546492023,2,0,Tidak Churn,1.10831315e-05,0
DAD-01445,986,4,400000.0,2023-04-20,150000.0,Wakaf Movement,Transfer,12.899222326086994,2,0,Tidak Churn,1.6122992e-06,0
DAD-01446,986,2,300000.0,2023-04-20,200000.0,Pulihkan Duka Negeri Palestina,Transfer,12.611541086966115,2,0,Tidak Churn,2.294864e-06,0
DAD-01447,986,3,400000.0,2023-04-20,200000.0,Wakaf Movement,Transfer,12.899222326086994,2,0,Tidak Churn,1.6657236e-06,0
DAD-01448,986,1,100000.0,2023-04-20,100000.0,Wakaf Movement,Transfer,11.51293546492023,2,0,Tidak Churn,1.10831315e-05,0
DAD-01449,12,3,450000.0,2025-12-19,200000.0,Pulihkan Duka Negeri Indonesia,Transfer,13.017005083966255,1,1,Berpotensi Churn,0.99991226,1
DAD-01450,632,2,362500.0,2024-04-08,200000.0,Ramadhan Bangkitkan Negeri,Transfer,12.80078251189375,1,1,Berpotensi Churn,0.99966896,1
DAD-01451,986,1,200000.0,2023-04-20,200000.0,Zakat Movement,Transfer,12.206077645517674,2,0,Tidak Churn,4.8261622e-06,0
DAD-01452,986,1,210000.0,2023-04-20,210000.0,Zakat Movement,Transfer,12.25486757159303,2,0,Tidak Churn,4.5548363e-06,0
DAD-01453,103,14,1770000.0,2025-09-19,150000.0,Pulihkan Duka Negeri Palestina,Transfer,14.386490669521603,1,1,Berpotensi Churn,0.99695253,1
DAD-01454,632,2,220000.0,2024-04-08,100000.0,Ramadhan Bangkitkan Negeri,Transfer,12.301387370778713,1,1,Berpotensi Churn,0.9999355,1
DAD-01455,632,1,100000.0,2024-04-08,100000.0,Ramadhan Bangkitkan Negeri,Transfer,11.51293546492023,1,1,Berpotensi Churn,0.99999416,1
DAD-01456,987,1,32500.0,2023-04-19,32500.0,Zakat Movement,Transfer,10.389026137075234,2,0,Tidak Churn,0.0023424346,0
DAD-01457,987,1,100000.0,2023-04-19,100000.0,Wakaf Movement,Transfer,11.51293546492023,2,0,Tidak Churn,1.10831315e-05,0
DAD-01458,987,2,200000.0,2023-04-19,100000.0,Wakaf Movement,Cash,12.206077645517674,2,0,Tidak Churn,2.7357921e-06,0
DAD-01460,988,1,100000.0,2023-04-18,100000.0,Wakaf Movement,Transfer,11.51293546492023,2,0,Tidak Churn,1.10831315e-05,0
DAD-01461,988,1,32500.0,2023-04-18,32500.0,Zakat Movement,Transfer,10.389026137075234,2,0,Tidak Churn,0.0023424346,0
DAD-01462,988,1,150000.0,2023-04-18,150000.0,Syiar Qur'an Indonesia,Transfer,11.918397239722838,2,0,Tidak Churn,6.8935583e-06,0
DAD-01463,988,1,32500.0,2023-04-18,32500.0,Zakat Movement,Transfer,10.389026137075234,2,0,Tidak Churn,0.0023424346,0
DAD-01464,988,1,100000.0,2023-04-18,100000.0,Ramadhan Fast Track,Transfer,11.51293546492023,2,0,Tidak Churn,1.10831315e-05,0
DAD-01465,988,1,32500.0,2023-04-18,32500.0,Zakat Movement,Transfer,10.389026137075234,2,0,Tidak Churn,0.0023424346,0
DAD-01466,989,1,25000.0,2023-04-17,25000.0,Ramadhan Fast Track,Transfer,10.12667110305036,2,0,Tidak Churn,0.0025447127,0
DAD-01467,989,1,97500.0,2023-04-17,97500.0,Zakat Movement,Transfer,11.487617913343598,2,0,Tidak Churn,1.10831315e-05,0
DAD-01468,989,3,250000.0,2023-04-17,50000.0,Wakaf Movement,Transfer,12.429220196836383,2,0,Tidak Churn,1.974661e-06,0
DAD-01469,991,2,450000.0,2023-04-15,300000.0,Syiar Qur'an Indonesia,Transfer,13.017005083966255,2,0,Tidak Churn,1.8350465e-06,0
DAD-01470,991,2,125000.0,2023-04-15,25000.0,Ramadhan Fast Track,Transfer,11.736077016252437,2,0,Tidak Churn,5.3967187e-06,0
DAD-01473,348,5,350000.0,2025-01-17,50000.0,Wakaf Movement,Transfer,12.765691290604371,1,1,Berpotensi Churn,0.99999094,1
DAD-01474,992,4,400000.0,2023-04-14,100000.0,Pulihkan Duka Negeri Palestina,Transfer,12.899222326086994,2,0,Tidak Churn,1.6122992e-06,0
DAD-01475,694,2,175000.0,2024-02-06,150000.0,Ramadhan Fast Track,Transfer,12.07254696717504,2,0,Tidak Churn,0.0026254447,0
DAD-01476,992,2,300000.0,2023-04-14,250000.0,Ramadhan Fast Track,Transfer,12.611541086966115,2,0,Tidak Churn,2.294864e-06,0
DAD-01477,300,4,450000.0,2025-03-06,200000.0,Pulihkan Duka Negeri Palestina,Transfer,13.017005083966255,1,1,Berpotensi Churn,0.99997795,1
DAD-01478,992,1,25000.0,2023-04-14,25000.0,Ramadhan Fast Track,Transfer,10.12667110305036,2,0,Tidak Churn,0.0025447127,0
DAD-01479,992,1,50000.0,2023-04-14,50000.0,Ramadhan Fast Track,Transfer,10.819798284210286,2,0,Tidak Churn,0.0003300747,0
DAD-01480,992,1,50000.0,2023-04-14,50000.0,Ramadhan Fast Track,Transfer,10.819798284210286,2,0,Tidak Churn,0.0003300747,0
DAD-01481,993,1,150000.0,2023-04-13,150000.0,Syiar Qur'an Indonesia,Transfer,11.918397239722838,2,0,Tidak Churn,6.8935583e-06,0
DAD-01482,993,1,100000.0,2023-04-13,100000.0,Wakaf Movement,Transfer,11.51293546492023,2,0,Tidak Churn,1.10831315e-05,0
DAD-01483,995,1,100000.0,2023-04-11,100000.0,Wakaf Movement,Transfer,11.51293546492023,2,0,Tidak Churn,1.10831315e-05,0
DAD-01484,995,1,150000.0,2023-04-11,150000.0,Syiar Qur'an Indonesia,Cash,11.918397239722838,2,0,Tidak Churn,6.8935583e-06,0
DAD-01485,633,3,400000.0,2024-04-07,180000.0,Ramadhan Bangkitkan Negeri,Transfer,12.899222326086994,1,1,Berpotensi Churn,0.9750054,1
DAD-01486,995,1,100000.0,2023-04-11,100000.0,Wakaf Movement,Cash,11.51293546492023,2,0,Tidak Churn,1.10831315e-05,0
DAD-01487,995,1,100000.0,2023-04-11,100000.0,Wakaf Movement,Cash,11.51293546492023,2,0,Tidak Churn,1.10831315e-05,0
DAD-01488,995,1,100000.0,2023-04-11,100000.0,Wakaf Movement,Cash,11.51293546492023,2,0,Tidak Churn,1.10831315e-05,0
DAD-01489,995,1,100000.0,2023-04-11,100000.0,Wakaf Movement,Cash,11.51293546492023,2,0,Tidak Churn,1.10831315e-05,0
DAD-01490,995,1,100000.0,2023-04-11,100000.0,Wakaf Movement,Cash,11.51293546492023,2,0,Tidak Churn,1.10831315e-05,0
DAD-01493,999,1,100000.0,2023-04-07,100000.0,Wakaf Movement,Transfer,11.51293546492023,2,0,Tidak Churn,1.10831315e-05,0
DAD-01494,999,2,200000.0,2023-04-07,100000.0,Ramadhan Fast Track,Transfer,12.206077645517674,2,0,Tidak Churn,2.7357921e-06,0
DAD-01495,656,2,150000.0,2024-03-15,50000.0,Ramadhan Bangkitkan Negeri,Transfer,11.918397239722838,1,1,Berpotensi Churn,0.99803776,1
DAD-01496,563,1,250000.0,2024-06-16,250000.0,Qurban Movement,Transfer,12.429220196836383,1,1,Berpotensi Churn,0.9999989,1
DAD-01497,999,1,100000.0,2023-04-07,100000.0,Wakaf Movement,Transfer,11.51293546492023,2,0,Tidak Churn,1.10831315e-05,0
DAD-01498,999,1,100000.0,2023-04-07,100000.0,Wakaf Movement,Transfer,11.51293546492023,2,0,Tidak Churn,1.10831315e-05,0
DAD-01499,999,3,350000.0,2023-04-07,200000.0,Wakaf Movement,Transfer,12.765691290604371,2,0,Tidak Churn,1.5999917e-06,0
DAD-01500,999,2,50000.0,2023-04-07,25000.0,Pulihkan Duka Negeri Palestina,Transfer,10.819798284210286,2,0,Tidak Churn,0.00018179281,0
DAD-01501,1000,1,100000.0,2023-04-06,100000.0,Ramadhan Fast Track,Transfer,11.51293546492023,2,0,Tidak Churn,1.10831315e-05,0
DAD-01502,1001,1,150000.0,2023-04-05,150000.0,Syiar Qur'an Indonesia,Transfer,11.918397239722838,2,0,Tidak Churn,6.8935583e-06,0
DAD-01503,1003,1,150000.0,2023-04-03,150000.0,Wali Asuh Santri,Transfer,11.918397239722838,2,0,Tidak Churn,6.8935583e-06,0
DAD-01504,1003,1,150000.0,2023-04-03,150000.0,Ramadhan Fast Track,Transfer,11.918397239722838,2,0,Tidak Churn,6.8935583e-06,0
DAD-01505,1004,1,150000.0,2023-04-02,150000.0,Syiar Qur'an Indonesia,Transfer,11.918397239722838,2,0,Tidak Churn,6.8935583e-06,0
DAD-01507,1005,1,150000.0,2023-04-01,150000.0,Wali Asuh Santri,Transfer,11.918397239722838,2,0,Tidak Churn,6.8935583e-06,0
DAD-01508,1006,1,150000.0,2023-03-31,150000.0,Ramadhan Fast Track,Transfer,11.918397239722838,2,0,Tidak Churn,6.8935583e-06,0
DAD-01509,1006,3,160000.0,2023-03-31,50000.0,Wali Asuh Santri,Transfer,11.982935344196433,2,0,Tidak Churn,2.1103692e-06,0
DAD-01510,1006,1,300000.0,2023-03-31,300000.0,Syiar Qur'an Indonesia,Transfer,12.611541086966115,2,0,Tidak Churn,4.04833e-06,0
DAD-01511,1006,1,10000.0,2023-03-31,10000.0,Ramadhan Fast Track,Transfer,9.210440366976517,2,0,Tidak Churn,0.010620697,0
DAD-01512,1006,2,100000.0,2023-03-31,50000.0,Syiar Qur'an Indonesia,Transfer,11.51293546492023,2,0,Tidak Churn,6.2826784e-06,0
DAD-01513,1008,2,35000.0,2023-03-29,25000.0,Ramadhan Fast Track,Transfer,10.463131911491967,2,0,Tidak Churn,0.0006064048,0
DAD-01515,278,5,510000.0,2025-03-28,160000.0,Ramadhan Bangkitkan Negeri,Transfer,13.1421679654829,1,1,Berpotensi Churn,0.99993265,1
DAD-01516,1012,1,100000.0,2023-03-25,100000.0,Ramadhan Fast Track,Transfer,11.51293546492023,2,0,Tidak Churn,1.10831315e-05,0
DAD-01517,1013,1,50000.0,2023-03-24,50000.0,Ramadhan Fast Track,Transfer,10.819798284210286,2,0,Tidak Churn,0.0003300747,0
DAD-01518,1013,1,25000.0,2023-03-24,25000.0,Ramadhan Fast Track,Transfer,10.12667110305036,2,0,Tidak Churn,0.0025447127,0
DAD-01520,725,3,525000.0,2024-01-06,100000.0,Ramadhan Fast Track,Transfer,13.171155446333852,2,0,Tidak Churn,4.9930645e-06,0
DAD-01521,1020,1,100000.0,2023-03-17,100000.0,Ramadhan Fast Track,Transfer,11.51293546492023,2,0,Tidak Churn,1.10831315e-05,0
DAD-01522,1020,1,25000.0,2023-03-17,25000.0,Ramadhan Fast Track,Transfer,10.12667110305036,2,0,Tidak Churn,0.0025447127,0
DAD-01523,1020,1,250000.0,2023-03-17,250000.0,Ramadhan Fast Track,Transfer,12.429220196836383,2,0,Tidak Churn,4.5548363e-06,0
DAD-01524,1020,1,50000.0,2023-03-17,50000.0,Wakaf Movement,Transfer,10.819798284210286,2,0,Tidak Churn,0.0003300747,0
DAD-01525,1026,2,150000.0,2023-03-11,100000.0,Wakaf Movement,Transfer,11.918397239722838,2,0,Tidak Churn,3.907734e-06,0
DAD-01526,1027,3,340000.0,2023-03-10,70000.0,Zakat Movement,Transfer,12.73670383776449,2,0,Tidak Churn,1.7550747e-06,0
DAD-01527,1027,1,150000.0,2023-03-10,150000.0,Wakaf Movement,Transfer,11.918397239722838,2,0,Tidak Churn,6.8935583e-06,0
DAD-01528,1027,1,150000.0,2023-03-10,150000.0,Wakaf Movement,Transfer,11.918397239722838,2,0,Tidak Churn,6.8935583e-06,0
DAD-01529,1027,1,50000.0,2023-03-10,50000.0,Wakaf Movement,Transfer,10.819798284210286,2,0,Tidak Churn,0.0003300747,0
DAD-01531,1030,1,150000.0,2023-03-07,150000.0,Zakat Movement,Transfer,11.918397239722838,2,0,Tidak Churn,6.8935583e-06,0
DAD-01532,1031,2,120000.0,2023-03-06,100000.0,Pulihkan Duka Negeri Palestina,Transfer,11.695255355062795,2,0,Tidak Churn,5.3967187e-06,0
DAD-01533,1031,1,150000.0,2023-03-06,150000.0,Wakaf Movement,Transfer,11.918397239722838,2,0,Tidak Churn,6.8935583e-06,0
DAD-01534,1031,1,125000.0,2023-03-06,125000.0,Zakat Movement,Transfer,11.736077016252437,2,0,Tidak Churn,9.520237e-06,0
DAD-01535,1034,1,50000.0,2023-03-03,50000.0,Wakaf Movement,Transfer,10.819798284210286,2,0,Tidak Churn,0.0003300747,0
DAD-01536,1034,1,150000.0,2023-03-03,150000.0,Wakaf Movement,Transfer,11.918397239722838,2,0,Tidak Churn,6.8935583e-06,0
DAD-01537,1034,2,150000.0,2023-03-03,100000.0,Wakaf Movement,Transfer,11.918397239722838,2,0,Tidak Churn,3.907734e-06,0
DAD-01538,1035,1,25000.0,2023-03-02,25000.0,Ramadhan Fast Track,Transfer,10.12667110305036,2,0,Tidak Churn,0.0025447127,0
DAD-01540,1036,1,175000.0,2023-03-01,175000.0,Ramadhan Fast Track,Transfer,12.07254696717504,2,0,Tidak Churn,4.8678658e-06,0
DAD-01542,705,2,200000.0,2024-01-26,100000.0,Wakaf Movement,Transfer,12.206077645517674,2,0,Tidak Churn,7.3920295e-05,0
DAD-01543,1039,1,100000.0,2023-02-26,100000.0,Ramadhan Fast Track,Transfer,11.51293546492023,2,0,Tidak Churn,1.10831315e-05,0
DAD-01545,1047,1,200000.0,2023-02-18,200000.0,Wali Asuh Santri,Transfer,12.206077645517674,2,0,Tidak Churn,4.8261622e-06,0
DAD-01546,108,19,1112425.0,2025-09-14,55075.0,Pulihkan Duka Negeri Palestina,Transfer,13.922053773956256,1,1,Berpotensi Churn,0.9010861,1
DAD-01547,376,2,500000.0,2024-12-20,200000.0,Wali Asuh Santri,Transfer,13.122365377402328,1,1,Berpotensi Churn,0.99999094,1
DAD-01548,1049,2,350000.0,2023-02-16,200000.0,Wali Asuh Santri,Transfer,12.765691290604371,2,0,Tidak Churn,2.092084e-06,0
DAD-01549,641,2,250000.0,2024-03-30,150000.0,Ramadhan Bangkitkan Negeri,Transfer,12.429220196836383,1,1,Berpotensi Churn,0.9997564,1
DAD-01550,1049,1,150000.0,2023-02-16,150000.0,Wali Asuh Santri,Transfer,11.918397239722838,2,0,Tidak Churn,6.8935583e-06,0
DAD-01551,26,3,250000.0,2025-12-05,50000.0,Wali Asuh Santri,Transfer,12.429220196836383,1,1,Berpotensi Churn,0.99997616,1
DAD-01552,1055,1,100000.0,2023-02-10,100000.0,Pulihkan Duka Negeri Palestina,Transfer,11.51293546492023,2,0,Tidak Churn,1.10831315e-05,0
DAD-01554,376,6,600000.0,2024-12-20,100000.0,Pulihkan Duka Negeri Palestina,Transfer,13.304686600863562,1,1,Berpotensi Churn,0.9999243,1
DAD-01555,1056,2,130030.0,2023-02-09,30015.0,Pulihkan Duka Negeri Palestina,Transfer,11.775528162548747,2,0,Tidak Churn,5.3967187e-06,0
DAD-01556,1056,1,50000.0,2023-02-09,50000.0,Pulihkan Duka Negeri Palestina,Transfer,10.819798284210286,2,0,Tidak Churn,0.0003300747,0
DAD-01557,1056,1,100000.0,2023-02-09,100000.0,Pulihkan Duka Negeri Palestina,Transfer,11.51293546492023,2,0,Tidak Churn,1.10831315e-05,0
DAD-01558,1057,1,300000.0,2023-02-08,300000.0,Pulihkan Duka Negeri Palestina,Transfer,12.611541086966115,2,0,Tidak Churn,4.04833e-06,0
DAD-01559,1057,1,300000.0,2023-02-08,300000.0,Pulihkan Duka Negeri Palestina,Transfer,12.611541086966115,2,0,Tidak Churn,4.04833e-06,0
DAD-01560,1058,1,20000.0,2023-02-07,20000.0,Pulihkan Duka Negeri Palestina,Transfer,9.90353755128617,2,0,Tidak Churn,0.0027544287,0
DAD-01561,1058,1,50000.0,2023-02-07,50000.0,Pulihkan Duka Negeri Palestina,Transfer,10.819798284210286,2,0,Tidak Churn,0.0003300747,0
DAD-01562,1061,2,200000.0,2023-02-04,100000.0,Wakaf Movement,Transfer,12.206077645517674,2,0,Tidak Churn,2.7357921e-06,0
DAD-01563,334,4,1200000.0,2025-01-31,300000.0,Syiar Qur'an Indonesia,Transfer,13.997832948091215,1,1,Berpotensi Churn,0.999864,1
DAD-01564,1062,2,400000.0,2023-02-03,200000.0,Wakaf Movement,Transfer,12.899222326086994,2,0,Tidak Churn,2.1780324e-06,0
DAD-01565,1062,2,150000.0,2023-02-03,50000.0,Wakaf Movement,Transfer,11.918397239722838,2,0,Tidak Churn,3.907734e-06,0
DAD-01566,1062,1,100000.0,2023-02-03,100000.0,Wakaf Movement,Transfer,11.51293546492023,2,0,Tidak Churn,1.10831315e-05,0
DAD-01567,1062,2,120000.0,2023-02-03,70000.0,Wakaf Movement,Transfer,11.695255355062795,2,0,Tidak Churn,5.3967187e-06,0
DAD-01568,1062,1,103050.0,2023-02-03,103050.0,Wakaf Movement,Transfer,11.542979290298693,2,0,Tidak Churn,1.0486721e-05,0
DAD-01569,698,2,200000.0,2024-02-02,100000.0,Wakaf Movement,Transfer,12.206077645517674,2,0,Tidak Churn,0.00030081504,0
DAD-01570,1062,1,200000.0,2023-02-03,200000.0,Wakaf Movement,Transfer,12.206077645517674,2,0,Tidak Churn,4.8261622e-06,0
DAD-01571,1063,3,202500.0,2023-02-02,67500.0,Zakat Movement,Transfer,12.218500103788143,2,0,Tidak Churn,2.0389082e-06,0
DAD-01572,1063,3,220000.0,2023-02-02,20000.0,Zakat Movement,Transfer,12.301387370778713,2,0,Tidak Churn,1.974661e-06,0
DAD-01573,275,2,147500.0,2025-03-31,80000.0,Sambung Hidup Dhuafa,Transfer,11.901590234400047,1,1,Berpotensi Churn,0.9999981,1
DAD-01574,30,4,440000.0,2025-12-01,150000.0,Pemuda Berdaya,Transfer,12.994532278619134,1,1,Berpotensi Churn,0.9999136,1
DAD-01575,1065,2,200000.0,2023-01-31,100000.0,Pemuda Berdaya,Transfer,12.206077645517674,2,0,Tidak Churn,2.7357921e-06,0
DAD-01576,1065,1,200000.0,2023-01-31,200000.0,Wakaf Movement,Transfer,12.206077645517674,2,0,Tidak Churn,4.8261622e-06,0
DAD-01577,1067,1,200000.0,2023-01-29,200000.0,Pemuda Berdaya,Transfer,12.206077645517674,2,0,Tidak Churn,4.8261622e-06,0
DAD-01578,1069,1,200000.0,2023-01-27,200000.0,Wakaf Movement,Transfer,12.206077645517674,2,0,Tidak Churn,4.8261622e-06,0
DAD-01579,1069,1,65000.0,2023-01-27,65000.0,Zakat Movement,Transfer,11.082157933374816,2,0,Tidak Churn,1.3495156e-05,0
DAD-01580,32,2,200000.0,2025-11-29,100000.0,Pulihkan Duka Negeri Indonesia,Transfer,12.206077645517674,1,1,Berpotensi Churn,0.9999901,1
DAD-01581,1076,1,20000.0,2023-01-20,20000.0,Wali Asuh Santri,Transfer,9.90353755128617,2,0,Tidak Churn,0.0027544287,0
DAD-01582,1080,1,47000.0,2023-01-16,47000.0,Wali Asuh Santri,Cash,10.757924157061597,2,0,Tidak Churn,0.00060891424,0
DAD-01583,1083,1,100000.0,2023-01-13,100000.0,Wakaf Movement,Transfer,11.51293546492023,2,0,Tidak Churn,1.10831315e-05,0
DAD-01584,1083,1,50000.0,2023-01-13,50000.0,Wakaf Movement,Transfer,10.819798284210286,2,0,Tidak Churn,0.0003300747,0
DAD-01585,1083,1,100000.0,2023-01-13,100000.0,Wakaf Movement,Transfer,11.51293546492023,2,0,Tidak Churn,1.10831315e-05,0
DAD-01586,1083,2,110000.0,2023-01-13,100000.0,Pulihkan Duka Negeri Palestina,Transfer,11.608244735642321,2,0,Tidak Churn,5.3967187e-06,0
DAD-01587,594,2,200000.0,2024-05-16,100000.0,Pulihkan Duka Negeri Palestina,Transfer,12.206077645517674,1,1,Berpotensi Churn,0.99999356,1
DAD-01588,704,2,350000.0,2024-01-27,250000.0,Wakaf Movement,Transfer,12.765691290604371,2,0,Tidak Churn,9.565624e-05,0
DAD-01589,1083,1,50000.0,2023-01-13,50000.0,Wali Asuh Santri,Transfer,10.819798284210286,2,0,Tidak Churn,0.0003300747,0
DAD-01590,1083,1,100000.0,2023-01-13,100000.0,Wali Asuh Santri,Transfer,11.51293546492023,2,0,Tidak Churn,1.10831315e-05,0
DAD-01591,1084,2,500000.0,2023-01-12,200000.0,Wakaf Movement,Transfer,13.122365377402328,2,0,Tidak Churn,1.8350465e-06,0
DAD-01593,12,2,400000.0,2025-12-19,300000.0,Pulihkan Duka Negeri Indonesia,Transfer,12.899222326086994,1,1,Berpotensi Churn,0.99997544,1
DAD-01594,1090,2,20000.0,2023-01-06,10000.0,Pulihkan Duka Negeri Palestina,Transfer,9.90353755128617,2,0,Tidak Churn,0.001563176,0
DAD-01595,1090,1,200000.0,2023-01-06,200000.0,Wakaf Movement,Transfer,12.206077645517674,2,0,Tidak Churn,4.8261622e-06,0
DAD-01596,1090,1,100000.0,2023-01-06,100000.0,Wakaf Movement,Transfer,11.51293546492023,2,0,Tidak Churn,1.10831315e-05,0
DAD-01597,425,2,600000.0,2024-11-01,300000.0,Wakaf Movement,Transfer,13.304686600863562,1,1,Berpotensi Churn,0.99997807,1
DAD-01598,1090,1,50000.0,2023-01-06,50000.0,Wakaf Movement,Transfer,10.819798284210286,2,0,Tidak Churn,0.0003300747,0
DAD-01599,1092,1,250000.0,2023-01-04,250000.0,Pulihkan Duka Negeri Palestina,Transfer,12.429220196836383,2,0,Tidak Churn,4.5548363e-06,0
DAD-01600,1093,1,50000.0,2023-01-03,50000.0,Pulihkan Duka Negeri Palestina,Transfer,10.819798284210286,2,0,Tidak Churn,0.0003300747,0
DAD-01601,1093,1,50000.0,2023-01-03,50000.0,Pulihkan Duka Negeri Palestina,Transfer,10.819798284210286,2,0,Tidak Churn,0.0003300747,0
DAD-01602,600,2,500000.0,2024-05-10,300000.0,Pulihkan Duka Negeri Palestina,Transfer,13.122365377402328,1,1,Berpotensi Churn,0.9992065,1
DAD-01603,1097,1,200000.0,2022-12-30,200000.0,Pulihkan Duka Negeri Palestina,Transfer,12.206077645517674,2,0,Tidak Churn,4.8261622e-06,0
DAD-01604,1097,1,100000.0,2022-12-30,100000.0,Pulihkan Duka Negeri Palestina,Transfer,11.51293546492023,2,0,Tidak Churn,1.10831315e-05,0
DAD-01605,1098,1,50000.0,2022-12-29,50000.0,Pulihkan Duka Negeri Palestina,Transfer,10.819798284210286,2,0,Tidak Churn,0.0003300747,0
DAD-01606,1100,1,50000.0,2022-12-27,50000.0,Pulihkan Duka Negeri Palestina,Transfer,10.819798284210286,2,0,Tidak Churn,0.0003300747,0
DAD-01607,1103,1,200000.0,2022-12-24,200000.0,Pulihkan Duka Negeri Palestina,Transfer,12.206077645517674,2,0,Tidak Churn,4.8261622e-06,0
DAD-01608,1103,1,100000.0,2022-12-24,100000.0,Pulihkan Duka Negeri Palestina,Transfer,11.51293546492023,2,0,Tidak Churn,1.10831315e-05,0
DAD-01609,1104,1,200000.0,2022-12-23,200000.0,Pulihkan Duka Negeri Palestina,Transfer,12.206077645517674,2,0,Tidak Churn,4.8261622e-06,0
DAD-01610,1108,1,100000.0,2022-12-19,100000.0,Wali Asuh Santri,Transfer,11.51293546492023,2,0,Tidak Churn,1.10831315e-05,0
DAD-01611,1108,1,167235.0,2022-12-19,167235.0,Pulihkan Duka Negeri Palestina,Transfer,12.027161267461436,2,0,Tidak Churn,4.8678658e-06,0
DAD-01612,1111,1,10000.0,2022-12-16,10000.0,Pulihkan Duka Negeri Palestina,Transfer,9.210440366976517,2,0,Tidak Churn,0.010620697,0
DAD-01613,1111,1,200000.0,2022-12-16,200000.0,Pulihkan Duka Negeri Palestina,Transfer,12.206077645517674,2,0,Tidak Churn,4.8261622e-06,0
DAD-01614,1111,1,50000.0,2022-12-16,50000.0,Pulihkan Duka Negeri Palestina,Transfer,10.819798284210286,2,0,Tidak Churn,0.0003300747,0
DAD-01615,1111,1,80000.0,2022-12-16,80000.0,Wali Asuh Santri,Transfer,11.289794413577894,2,0,Tidak Churn,1.2846708e-05,0
DAD-01616,1115,7,80000.0,2022-12-12,20000.0,Pulihkan Duka Negeri Palestina,Transfer,11.289794413577894,2,0,Tidak Churn,4.8557504e-06,0
DAD-01617,1117,1,80000.0,2022-12-10,80000.0,Wali Asuh Santri,Transfer,11.289794413577894,2,0,Tidak Churn,1.2846708e-05,0
DAD-01618,1117,1,150000.0,2022-12-10,150000.0,Pulihkan Duka Negeri Palestina,Transfer,11.918397239722838,2,0,Tidak Churn,6.8935583e-06,0
DAD-01619,354,4,330000.0,2025-01-11,100000.0,Syiar Qur'an Indonesia,Transfer,12.706850963741102,1,1,Berpotensi Churn,0.99999475,1
DAD-01620,1117,1,80000.0,2022-12-10,80000.0,Wali Asuh Santri,Cash,11.289794413577894,2,0,Tidak Churn,1.2846708e-05,0
DAD-01621,1117,1,80000.0,2022-12-10,80000.0,Wali Asuh Santri,Cash,11.289794413577894,2,0,Tidak Churn,1.2846708e-05,0
DAD-01625,1119,1,200000.0,2022-12-08,200000.0,Zakat Movement,Transfer,12.206077645517674,2,0,Tidak Churn,4.8261622e-06,0
DAD-01626,1120,1,50000.0,2022-12-07,50000.0,Wali Asuh Santri,Transfer,10.819798284210286,2,0,Tidak Churn,0.0003300747,0
DAD-01627,1121,1,100000.0,2022-12-06,100000.0,Wali Asuh Santri,Transfer,11.51293546492023,2,0,Tidak Churn,1.10831315e-05,0
DAD-01628,729,1,100000.0,2024-01-02,100000.0,Pulihkan Duka Negeri Palestina,Transfer,11.51293546492023,2,0,Tidak Churn,0.00035780828,0
DAD-01629,12,11,950000.0,2025-12-19,100000.0,Pulihkan Duka Negeri Palestina,Transfer,13.76421831620775,1,1,Berpotensi Churn,0.999863,1
DAD-01631,726,1,100000.0,2024-01-05,100000.0,Ramadhan Bangkitkan Negeri,Transfer,11.51293546492023,2,0,Tidak Churn,0.00035780828,0
DAD-01632,726,1,200000.0,2024-01-05,200000.0,Ramadhan Bangkitkan Negeri,Transfer,12.206077645517674,2,0,Tidak Churn,4.4662032e-05,0
DAD-01633,18,11,1100000.0,2025-12-13,100000.0,Pulihkan Duka Negeri Indonesia,Transfer,13.910821646859095,1,1,Berpotensi Churn,0.9998765,1
DAD-01634,5,76,1865000.0,2025-12-26,25000.0,Pulihkan Duka Negeri Palestina,Transfer,14.438772147252939,0,0,Tidak Churn,0.0011761592,0
DAD-01635,670,2,100000.0,2024-03-01,50000.0,Ramadhan Bangkitkan Negeri,Transfer,11.51293546492023,1,1,Berpotensi Churn,0.9975516,1
DAD-01636,103,5,250937.0,2025-09-19,50000.0,Pulihkan Duka Negeri Palestina,Transfer,12.432961175649252,1,1,Berpotensi Churn,0.999967,1
DAD-01637,726,1,50000.0,2024-01-05,50000.0,Pulihkan Duka Negeri Palestina,Transfer,10.819798284210286,1,1,Berpotensi Churn,0.4225564,0
DAD-01638,726,1,100000.0,2024-01-05,100000.0,Pulihkan Duka Negeri Palestina,Transfer,11.51293546492023,2,0,Tidak Churn,0.00035780828,0
DAD-01639,726,1,20000.0,2024-01-05,20000.0,Pulihkan Duka Negeri Palestina,Transfer,9.90353755128617,1,1,Berpotensi Churn,0.9890665,1
DAD-01640,124,11,320000.0,2025-08-29,20000.0,Pulihkan Duka Negeri Palestina,Transfer,12.676079399771027,1,1,Berpotensi Churn,0.9999528,1
DAD-01641,726,1,200000.0,2024-01-05,200000.0,Pulihkan Duka Negeri Palestina,Transfer,12.206077645517674,2,0,Tidak Churn,4.4662032e-05,0
DAD-01642,418,2,200000.0,2024-11-08,100000.0,Pulihkan Duka Negeri Palestina,Transfer,12.206077645517674,1,1,Berpotensi Churn,0.9999987,1
DAD-01643,18,33,930000.0,2025-12-13,100000.0,Pulihkan Duka Negeri Palestina,Transfer,13.742940940397677,0,0,Tidak Churn,0.0063078455,0
DAD-01645,724,1,50000.0,2024-01-07,50000.0,Pulihkan Duka Negeri Palestina,Transfer,10.819798284210286,1,1,Berpotensi Churn,0.8330157,1
DAD-01646,145,4,260000.0,2025-08-08,30000.0,Pulihkan Duka Negeri Palestina,Transfer,12.468440756144114,1,1,Berpotensi Churn,0.9999902,1
DAD-01647,722,1,100056.0,2024-01-09,100056.0,Pulihkan Duka Negeri Palestina,Transfer,11.513495302581934,2,0,Tidak Churn,0.0018825406,0
DAD-01648,569,2,100000.0,2024-06-10,50000.0,Qurban Movement,Transfer,11.51293546492023,1,1,Berpotensi Churn,0.9999989,1
DAD-01649,5,47,3275000.0,2025-12-26,50000.0,Pulihkan Duka Negeri Palestina,Transfer,15.001828732394953,0,0,Tidak Churn,0.0002543312,0
DAD-01650,313,2,400000.0,2025-02-21,250000.0,Pulihkan Duka Negeri Palestina,Transfer,12.899222326086994,1,1,Berpotensi Churn,0.99999523,1
DAD-01651,720,1,105000.0,2024-01-11,105000.0,Pulihkan Duka Negeri Palestina,Transfer,11.561725152903833,2,0,Tidak Churn,0.001140092,0
DAD-01652,720,1,200000.0,2024-01-11,200000.0,Syiar Qur'an Indonesia,Transfer,12.206077645517674,2,0,Tidak Churn,0.00013205154,0
DAD-01653,720,1,100000.0,2024-01-11,100000.0,Pulihkan Duka Negeri Palestina,Transfer,11.51293546492023,2,0,Tidak Churn,0.0018825406,0
DAD-01654,719,1,100000.0,2024-01-12,100000.0,Pulihkan Duka Negeri Palestina,Transfer,11.51293546492023,2,0,Tidak Churn,0.0019223528,0
DAD-01655,439,3,230000.0,2024-10-18,100000.0,Pulihkan Duka Negeri Palestina,Transfer,12.345838935721968,1,1,Berpotensi Churn,0.99999726,1
DAD-01656,719,1,100000.0,2024-01-12,100000.0,Pulihkan Duka Negeri Palestina,Transfer,11.51293546492023,2,0,Tidak Churn,0.0019223528,0
DAD-01657,719,1,100000.0,2024-01-12,100000.0,Pulihkan Duka Negeri Palestina,Transfer,11.51293546492023,2,0,Tidak Churn,0.0019223528,0
DAD-01658,425,3,550000.0,2024-11-01,150000.0,Pulihkan Duka Negeri Palestina,Transfer,13.217675375388819,1,1,Berpotensi Churn,0.9999627,1
DAD-01660,390,12,600000.0,2024-12-06,50000.0,Pulihkan Duka Negeri Palestina,Transfer,13.304686600863562,1,1,Berpotensi Churn,0.99988234,1
DAD-01661,718,1,100000.0,2024-01-13,100000.0,Pulihkan Duka Negeri Palestina,Transfer,11.51293546492023,2,0,Tidak Churn,0.0019223528,0
DAD-01662,432,3,216334.0,2024-10-25,33334.0,Pulihkan Duka Negeri Palestina,Transfer,12.284583411148686,1,1,Berpotensi Churn,0.99999726,1
DAD-01663,718,1,75000.0,2024-01-13,75000.0,Syiar Qur'an Indonesia,Transfer,11.225256725762893,2,0,Tidak Churn,0.004326937,0
DAD-01664,718,1,200000.0,2024-01-13,200000.0,Syiar Qur'an Indonesia,Transfer,12.206077645517674,2,0,Tidak Churn,0.00013205154,0
DAD-01665,717,1,100000.0,2024-01-14,100000.0,Pulihkan Duka Negeri Palestina,Transfer,11.51293546492023,2,0,Tidak Churn,0.0019223528,0
DAD-01666,716,2,350000.0,2024-01-15,275000.0,Pulihkan Duka Negeri Palestina,Transfer,12.765691290604371,2,0,Tidak Churn,1.8175175e-05,0
DAD-01667,716,1,50000.0,2024-01-15,50000.0,Pulihkan Duka Negeri Palestina,Transfer,10.819798284210286,1,1,Berpotensi Churn,0.8359119,1
DAD-01668,716,1,100000.0,2024-01-15,100000.0,Syiar Qur'an Indonesia,Transfer,11.51293546492023,2,0,Tidak Churn,0.0019223528,0
DAD-01669,360,56,2155000.0,2025-01-05,50000.0,Pulihkan Duka Negeri Palestina,Transfer,14.583301745557,0,0,Tidak Churn,0.0006942311,0
DAD-01670,712,1,50000.0,2024-01-19,50000.0,Syiar Qur'an Indonesia,Transfer,10.819798284210286,1,1,Berpotensi Churn,0.9829914,1
DAD-01671,712,1,100000.0,2024-01-19,100000.0,Pulihkan Duka Negeri Palestina,Transfer,11.51293546492023,2,0,Tidak Churn,0.012426119,0
DAD-01672,643,3,400000.0,2024-03-28,100000.0,Ramadhan Bangkitkan Negeri,Transfer,12.899222326086994,1,1,Berpotensi Churn,0.90261096,1
DAD-01673,712,1,100000.0,2024-01-19,100000.0,Syiar Qur'an Indonesia,Transfer,11.51293546492023,2,0,Tidak Churn,0.012426119,0
DAD-01674,712,1,50000.0,2024-01-19,50000.0,Syiar Qur'an Indonesia,Transfer,10.819798284210286,1,1,Berpotensi Churn,0.9829914,1
DAD-01675,712,1,250000.0,2024-01-19,250000.0,Pulihkan Duka Negeri Palestina,Transfer,12.429220196836383,2,0,Tidak Churn,0.00023068856,0
DAD-01676,649,2,180000.0,2024-03-22,80000.0,Pulihkan Duka Negeri Palestina,Transfer,12.100717685412471,1,1,Berpotensi Churn,0.9996666,1
DAD-01677,710,1,250000.0,2024-01-21,250000.0,Pulihkan Duka Negeri Palestina,Transfer,12.429220196836383,2,0,Tidak Churn,0.00023068856,0
DAD-01678,710,1,300000.0,2024-01-21,300000.0,Syiar Qur'an Indonesia,Transfer,12.611541086966115,2,0,Tidak Churn,0.00017897351,0
DAD-01679,292,7,450000.0,2025-03-14,50000.0,Pulihkan Duka Negeri Palestina,Transfer,13.017005083966255,1,1,Berpotensi Churn,0.99995255,1
DAD-01680,657,2,350000.0,2024-03-14,200000.0,Ramadhan Bangkitkan Negeri,Transfer,12.765691290604371,2,0,Tidak Churn,0.43115312,0
DAD-01681,439,6,450000.0,2024-10-18,25000.0,Ramadhan Bangkitkan Negeri,Transfer,13.017005083966255,1,1,Berpotensi Churn,0.9999672,1
DAD-01682,333,3,350000.0,2025-02-01,150000.0,Pulihkan Duka Negeri Palestina,Transfer,12.765691290604371,1,1,Berpotensi Churn,0.9999939,1
DAD-01683,103,4,900000.0,2025-09-19,200000.0,Pulihkan Duka Negeri Palestina,Transfer,13.710151153416941,1,1,Berpotensi Churn,0.9999126,1
DAD-01684,707,1,200000.0,2024-01-24,200000.0,Pulihkan Duka Negeri Palestina,Transfer,12.206077645517674,2,0,Tidak Churn,0.00029773242,0
DAD-01685,507,3,150000.0,2024-08-11,50000.0,Pulihkan Duka Negeri Palestina,Transfer,11.918397239722838,1,1,Berpotensi Churn,0.99999774,1
DAD-01686,279,1,300000.0,2025-03-27,300000.0,Pulihkan Duka Negeri Palestina,Transfer,12.611541086966115,1,1,Berpotensi Churn,0.9999976,1
DAD-01687,705,1,100000.0,2024-01-26,100000.0,Pulihkan Duka Negeri Palestina,Transfer,11.51293546492023,2,0,Tidak Churn,0.012426119,0
DAD-01688,705,1,300000.0,2024-01-26,300000.0,Ramadhan Bangkitkan Negeri,Transfer,12.611541086966115,2,0,Tidak Churn,0.00017897351,0
DAD-01689,656,2,425000.0,2024-03-15,125000.0,Ramadhan Bangkitkan Negeri,Transfer,12.959846800844963,2,0,Tidak Churn,0.02015453,0
DAD-01690,667,7,200000.0,2024-03-04,25000.0,Pulihkan Duka Negeri Palestina,Transfer,12.206077645517674,2,0,Tidak Churn,0.008797194,0
DAD-01691,656,2,75000.0,2024-03-15,25000.0,Pulihkan Duka Negeri Palestina,Transfer,11.225256725762893,1,1,Berpotensi Churn,0.99950147,1
DAD-01692,702,1,150000.0,2024-01-29,150000.0,Pulihkan Duka Negeri Palestina,Transfer,11.918397239722838,2,0,Tidak Churn,0.017921146,0
DAD-01693,702,1,100000.0,2024-01-29,100000.0,Pulihkan Duka Negeri Palestina,Transfer,11.51293546492023,2,0,Tidak Churn,0.23268877,0
DAD-01694,424,7,1600000.0,2024-11-02,224000.0,Zakat Movement,Transfer,14.285514812209815,1,1,Berpotensi Churn,0.9994165,1
DAD-01695,701,1,50000.0,2024-01-30,50000.0,Pulihkan Duka Negeri Palestina,Transfer,10.819798284210286,1,1,Berpotensi Churn,0.9982141,1
DAD-01696,280,14,1620935.0,2025-03-26,13685.0,Pulihkan Duka Negeri Palestina,Transfer,14.298514318137029,1,1,Berpotensi Churn,0.9984816,1
DAD-01697,578,2,450000.0,2024-06-01,200000.0,Pulihkan Duka Negeri Palestina,Transfer,13.017005083966255,1,1,Berpotensi Churn,0.9998067,1
DAD-01698,385,13,3500011.0,2024-12-11,300000.0,Pulihkan Duka Negeri Palestina,Transfer,15.068276955025192,1,1,Berpotensi Churn,0.90702087,1
DAD-01701,698,1,225000.0,2024-02-02,225000.0,Ramadhan Bangkitkan Negeri,Transfer,12.323860125621126,2,0,Tidak Churn,0.0010764509,0
DAD-01702,698,1,100000.0,2024-02-02,100000.0,Pulihkan Duka Negeri Palestina,Transfer,11.51293546492023,1,1,Berpotensi Churn,0.23268877,0
DAD-01703,22,11,1348000.0,2025-12-09,25000.0,Sambung Hidup Dhuafa,Transfer,14.114133312293877,1,1,Berpotensi Churn,0.99890685,1
DAD-01704,698,1,100000.0,2024-02-02,100000.0,Zakat Movement,Transfer,11.51293546492023,1,1,Berpotensi Churn,0.23268877,0
DAD-01705,292,9,1000000.0,2025-03-14,100000.0,Sambung Hidup Dhuafa,Transfer,13.815511557963774,1,1,Berpotensi Churn,0.9999534,1
DAD-01706,698,1,50000.0,2024-02-02,50000.0,Wali Asuh Santri,Transfer,10.819798284210286,1,1,Berpotensi Churn,0.9982141,1
DAD-01707,576,3,150000.0,2024-06-03,50000.0,Pulihkan Duka Negeri Palestina,Transfer,11.918397239722838,1,1,Berpotensi Churn,0.9999877,1
DAD-01708,696,1,50000.0,2024-02-04,50000.0,Pulihkan Duka Negeri Palestina,Transfer,10.819798284210286,1,1,Berpotensi Churn,0.9997278,1
DAD-01709,302,9,710000.0,2025-03-04,50000.0,Pulihkan Duka Negeri Palestina,Transfer,13.47302165746721,1,1,Berpotensi Churn,0.9999473,1
DAD-01710,695,1,100000.0,2024-02-05,100000.0,Pulihkan Duka Negeri Palestina,Transfer,11.51293546492023,1,1,Berpotensi Churn,0.96768904,1
DAD-01711,530,5,250000.0,2024-07-19,50000.0,Ramadhan Bangkitkan Negeri,Transfer,12.429220196836383,1,1,Berpotensi Churn,0.9999958,1
DAD-01712,635,3,135000.0,2024-04-05,10000.0,Ramadhan Bangkitkan Negeri,Transfer,11.813037464800539,1,1,Berpotensi Churn,0.99980444,1
DAD-01713,693,1,100000.0,2024-02-07,100000.0,Pulihkan Duka Negeri Palestina,Transfer,11.51293546492023,1,1,Berpotensi Churn,0.96768904,1
DAD-01714,642,2,300774.0,2024-03-29,200000.0,Pulihkan Duka Negeri Palestina,Transfer,12.614117755901725,1,1,Berpotensi Churn,0.9994205,1
DAD-01715,692,1,50000.0,2024-02-08,50000.0,Pulihkan Duka Negeri Palestina,Transfer,10.819798284210286,1,1,Berpotensi Churn,0.9997278,1
DAD-01716,691,1,25358.0,2024-02-09,25358.0,Pulihkan Duka Negeri Palestina,Transfer,10.140888975597038,1,1,Berpotensi Churn,0.9999496,1
DAD-01717,299,4,350000.0,2025-03-07,50000.0,Qurban Movement,Transfer,12.765691290604371,1,1,Berpotensi Churn,0.99999213,1
DAD-01718,690,1,50000.0,2024-02-10,50000.0,Pulihkan Duka Negeri Palestina,Transfer,10.819798284210286,1,1,Berpotensi Churn,0.9997278,1
DAD-01719,689,1,100000.0,2024-02-11,100000.0,Pulihkan Duka Negeri Palestina,Transfer,11.51293546492023,1,1,Berpotensi Churn,0.96768904,1
DAD-01721,684,1,200000.0,2024-02-16,200000.0,Pulihkan Duka Negeri Palestina,Transfer,12.206077645517674,2,0,Tidak Churn,0.056984935,0
DAD-01722,682,1,100000.0,2024-02-18,100000.0,Pulihkan Duka Negeri Palestina,Transfer,11.51293546492023,1,1,Berpotensi Churn,0.9924935,1
DAD-01723,681,1,100000.0,2024-02-19,100000.0,Pulihkan Duka Negeri Palestina,Transfer,11.51293546492023,1,1,Berpotensi Churn,0.9924935,1
DAD-01724,681,1,50000.0,2024-02-19,50000.0,Pulihkan Duka Negeri Palestina,Transfer,10.819798284210286,1,1,Berpotensi Churn,0.99982953,1
DAD-01725,150,7,350000.0,2025-08-03,50000.0,Pulihkan Duka Negeri Palestina,Transfer,12.765691290604371,1,1,Berpotensi Churn,0.9999826,1
DAD-01726,12,7,1400000.0,2025-12-19,200000.0,Pulihkan Duka Negeri Palestina,Transfer,14.151983508870947,1,1,Berpotensi Churn,0.99926096,1
DAD-01727,680,1,200000.0,2024-02-20,200000.0,Pulihkan Duka Negeri Palestina,Transfer,12.206077645517674,2,0,Tidak Churn,0.056984935,0
DAD-01728,680,1,40000.0,2024-02-20,40000.0,Zakat Movement,Transfer,10.596659732783579,1,1,Berpotensi Churn,0.99992716,1
DAD-01730,530,2,400000.0,2024-07-19,200000.0,Pulihkan Duka Negeri Palestina,Transfer,12.899222326086994,1,1,Berpotensi Churn,0.99999607,1
DAD-01731,505,4,135000.0,2024-08-13,50000.0,Pulihkan Duka Negeri Palestina,Transfer,11.813037464800539,1,1,Berpotensi Churn,0.9999975,1
DAD-01732,680,1,100000.0,2024-02-20,100000.0,Pulihkan Duka Negeri Palestina,Transfer,11.51293546492023,1,1,Berpotensi Churn,0.9924935,1
DAD-01733,680,1,150000.0,2024-02-20,150000.0,Pulihkan Duka Negeri Palestina,Transfer,11.918397239722838,1,1,Berpotensi Churn,0.883192,1
DAD-01734,565,5,500000.0,2024-06-14,100000.0,Ramadhan Bangkitkan Negeri,Transfer,13.122365377402328,1,1,Berpotensi Churn,0.99997663,1
DAD-01735,33,9,1040000.0,2025-11-28,100000.0,Pulihkan Duka Negeri Palestina,Transfer,13.854732232655556,1,1,Berpotensi Churn,0.99992764,1
DAD-01736,678,1,250000.0,2024-02-22,250000.0,Pulihkan Duka Negeri Palestina,Transfer,12.429220196836383,2,0,Tidak Churn,0.031130042,0
DAD-01737,678,1,100495.0,2024-02-22,100495.0,Pulihkan Duka Negeri Palestina,Transfer,11.517873204694162,1,1,Berpotensi Churn,0.98406893,1
DAD-01738,677,1,50000.0,2024-02-23,50000.0,Pulihkan Duka Negeri Palestina,Transfer,10.819798284210286,1,1,Berpotensi Churn,0.99982953,1
DAD-01739,516,2,400000.0,2024-08-02,300000.0,Pulihkan Duka Negeri Palestina,Transfer,12.899222326086994,1,1,Berpotensi Churn,0.99999607,1
DAD-01740,103,3,150000.0,2025-09-19,50000.0,Pulihkan Duka Negeri Palestina,Transfer,11.918397239722838,1,1,Berpotensi Churn,0.99998355,1
DAD-01741,563,2,75000.0,2024-06-16,25000.0,Pulihkan Duka Negeri Palestina,Transfer,11.225256725762893,1,1,Berpotensi Churn,0.99999905,1
DAD-01742,18,7,630000.0,2025-12-13,250000.0,Pulihkan Duka Negeri Palestina,Transfer,13.353476685668044,1,1,Berpotensi Churn,0.99980026,1
DAD-01743,677,1,100000.0,2024-02-23,100000.0,Pulihkan Duka Negeri Palestina,Transfer,11.51293546492023,1,1,Berpotensi Churn,0.9924935,1
DAD-01744,565,2,200625.0,2024-06-14,100000.0,Pulihkan Duka Negeri Palestina,Transfer,12.209197757277671,1,1,Berpotensi Churn,0.9999987,1
DAD-01745,369,9,900000.0,2024-12-27,100000.0,Pulihkan Duka Negeri Palestina,Transfer,13.710151153416941,1,1,Berpotensi Churn,0.99995184,1
DAD-01747,5,59,3903500.0,2025-12-26,50000.0,Pulihkan Duka Negeri Palestina,Transfer,15.1773844007228,0,0,Tidak Churn,0.0002543312,0
DAD-01748,671,1,25000.0,2024-02-29,25000.0,Ramadhan Bangkitkan Negeri,Transfer,10.12667110305036,1,1,Berpotensi Churn,0.9999846,1
DAD-01749,30,10,1860000.0,2025-12-01,300000.0,Qurban Movement,Transfer,14.436087583323648,1,1,Berpotensi Churn,0.9988738,1
DAD-01750,424,3,300000.0,2024-11-02,100000.0,Pulihkan Duka Negeri Palestina,Transfer,12.611541086966115,1,1,Berpotensi Churn,0.9999964,1
DAD-01751,670,1,150000.0,2024-03-01,150000.0,Ramadhan Bangkitkan Negeri,Transfer,11.918397239722838,1,1,Berpotensi Churn,0.99802387,1
DAD-01752,670,1,200000.0,2024-03-01,200000.0,Ramadhan Bangkitkan Negeri,Transfer,12.206077645517674,1,1,Berpotensi Churn,0.85319734,1
DAD-01753,670,1,80000.0,2024-03-01,80000.0,Ramadhan Bangkitkan Negeri,Transfer,11.289794413577894,1,1,Berpotensi Churn,0.99973196,1
DAD-01754,292,7,410000.0,2025-03-14,50000.0,Ramadhan Bangkitkan Negeri,Transfer,12.923914877701906,1,1,Berpotensi Churn,0.9999677,1
DAD-01755,670,1,100000.0,2024-03-01,100000.0,Ramadhan Bangkitkan Negeri,Transfer,11.51293546492023,1,1,Berpotensi Churn,0.99967885,1
DAD-01756,670,1,80000.0,2024-03-01,80000.0,Ramadhan Bangkitkan Negeri,Transfer,11.289794413577894,1,1,Berpotensi Churn,0.99973196,1
DAD-01757,110,6,360000.0,2025-09-12,100000.0,Pulihkan Duka Negeri Palestina,Transfer,12.793862088206213,1,1,Berpotensi Churn,0.9999391,1
DAD-01758,369,5,600000.0,2024-12-27,200000.0,Pulihkan Duka Negeri Palestina,Transfer,13.304686600863562,1,1,Berpotensi Churn,0.9999449,1
DAD-01759,659,2,400000.0,2024-03-12,200000.0,Ramadhan Bangkitkan Negeri,Transfer,12.899222326086994,2,0,Tidak Churn,0.08899155,0
DAD-01760,667,1,100000.0,2024-03-04,100000.0,Ramadhan Bangkitkan Negeri,Transfer,11.51293546492023,1,1,Berpotensi Churn,0.99967885,1
DAD-01762,667,1,150000.0,2024-03-04,150000.0,Ramadhan Bangkitkan Negeri,Transfer,11.918397239722838,1,1,Berpotensi Churn,0.99802387,1
DAD-01763,666,1,50000.0,2024-03-05,50000.0,Ramadhan Bangkitkan Negeri,Transfer,10.819798284210286,1,1,Berpotensi Churn,0.99998236,1
DAD-01764,537,2,200000.0,2024-07-12,100000.0,Pulihkan Duka Negeri Palestina,Transfer,12.206077645517674,1,1,Berpotensi Churn,0.9999987,1
DAD-01765,549,9,1500000.0,2024-06-30,200000.0,Pulihkan Duka Negeri Palestina,Transfer,14.220976332738882,1,1,Berpotensi Churn,0.99862456,1
DAD-01766,317,8,1200000.0,2025-02-17,100000.0,Pulihkan Duka Negeri Palestina,Transfer,13.997832948091215,1,1,Berpotensi Churn,0.9998012,1
DAD-01767,254,14,700000.0,2025-04-21,50000.0,Pulihkan Duka Negeri Palestina,Transfer,13.45883704259595,1,1,Berpotensi Churn,0.99977,1
DAD-01768,292,3,435000.0,2025-03-14,200000.0,Ramadhan Bangkitkan Negeri,Transfer,12.983103608918753,1,1,Berpotensi Churn,0.9999759,1
DAD-01769,577,4,400000.0,2024-06-02,100000.0,Pulihkan Duka Negeri Palestina,Transfer,12.899222326086994,1,1,Berpotensi Churn,0.99979097,1
DAD-01770,577,2,350000.0,2024-06-02,150000.0,Pulihkan Duka Negeri Palestina,Transfer,12.765691290604371,1,1,Berpotensi Churn,0.99997985,1
DAD-01771,664,1,25000.0,2024-03-07,25000.0,Ramadhan Bangkitkan Negeri,Transfer,10.12667110305036,1,1,Berpotensi Churn,0.9999906,1
DAD-01773,663,1,50000.0,2024-03-08,50000.0,Ramadhan Bangkitkan Negeri,Transfer,10.819798284210286,1,1,Berpotensi Churn,0.99998236,1
DAD-01774,663,1,175000.0,2024-03-08,175000.0,Ramadhan Bangkitkan Negeri,Transfer,12.07254696717504,1,1,Berpotensi Churn,0.9951003,1
DAD-01775,631,7,28500.0,2024-04-09,5000.0,Ramadhan Bangkitkan Negeri,Transfer,10.25769445336048,1,1,Berpotensi Churn,0.99971515,1
DAD-01776,12,9,480000.0,2025-12-19,50000.0,Pulihkan Duka Negeri Palestina,Transfer,13.081543466215237,1,1,Berpotensi Churn,0.99983466,1
DAD-01777,523,3,152500.0,2024-07-26,52500.0,Ramadhan Bangkitkan Negeri,Transfer,11.934926432385152,1,1,Berpotensi Churn,0.99999774,1
DAD-01778,564,2,400000.0,2024-06-15,200000.0,Qurban Movement,Transfer,12.899222326086994,1,1,Berpotensi Churn,0.9999962,1
DAD-01779,660,1,100000.0,2024-03-11,100000.0,Ramadhan Bangkitkan Negeri,Transfer,11.51293546492023,1,1,Berpotensi Churn,0.9998841,1
DAD-01781,271,4,850455.0,2025-04-04,200000.0,Pulihkan Duka Negeri Palestina,Transfer,13.653527955205833,1,1,Berpotensi Churn,0.9999596,1
DAD-01782,659,1,100271.0,2024-03-12,100271.0,Ramadhan Bangkitkan Negeri,Transfer,11.515641772464457,1,1,Berpotensi Churn,0.9998636,1
DAD-01783,278,3,430000.0,2025-03-28,200000.0,Pulihkan Duka Negeri Palestina,Transfer,12.971542813248437,1,1,Berpotensi Churn,0.9999715,1
DAD-01784,270,53,2631500.0,2025-04-05,50000.0,Ramadhan Bangkitkan Negeri,Transfer,14.783064963787298,0,0,Tidak Churn,0.0004912571,0
DAD-01785,657,1,100000.0,2024-03-14,100000.0,Ramadhan Bangkitkan Negeri,Transfer,11.51293546492023,1,1,Berpotensi Churn,0.9998841,1
DAD-01786,418,4,520555.0,2024-11-08,100185.0,Pulihkan Duka Negeri Palestina,Transfer,13.162652750106764,1,1,Berpotensi Churn,0.99995923,1
DAD-01787,652,2,300000.0,2024-03-19,150000.0,Ramadhan Bangkitkan Negeri,Transfer,12.611541086966115,1,1,Berpotensi Churn,0.9985702,1
DAD-01788,467,3,260000.0,2024-09-20,100000.0,Pulihkan Duka Negeri Palestina,Transfer,12.468440756144114,1,1,Berpotensi Churn,0.9999957,1
DAD-01789,657,1,100000.0,2024-03-14,100000.0,Ramadhan Bangkitkan Negeri,Transfer,11.51293546492023,1,1,Berpotensi Churn,0.9998841,1
DAD-01790,635,2,370000.0,2024-04-05,170000.0,Ramadhan Bangkitkan Negeri,Cash,12.821260987319457,1,1,Berpotensi Churn,0.99940205,1
DAD-01791,117,13,1700000.0,2025-09-05,150000.0,Pulihkan Duka Negeri Palestina,Transfer,14.346139397261565,1,1,Berpotensi Churn,0.9990615,1
DAD-01792,656,1,25000.0,2024-03-15,25000.0,Ramadhan Bangkitkan Negeri,Transfer,10.12667110305036,1,1,Berpotensi Churn,0.9999906,1
DAD-01793,656,1,100000.0,2024-03-15,100000.0,Ramadhan Bangkitkan Negeri,Transfer,11.51293546492023,1,1,Berpotensi Churn,0.9998841,1
DAD-01794,635,4,230000.0,2024-04-05,25000.0,Ramadhan Bangkitkan Negeri,Transfer,12.345838935721968,1,1,Berpotensi Churn,0.99787354,1
DAD-01795,656,1,100000.0,2024-03-15,100000.0,Ramadhan Bangkitkan Negeri,Transfer,11.51293546492023,1,1,Berpotensi Churn,0.9998841,1
DAD-01796,656,1,250000.0,2024-03-15,250000.0,Ramadhan Bangkitkan Negeri,Transfer,12.429220196836383,1,1,Berpotensi Churn,0.9857393,1
DAD-01797,656,1,100000.0,2024-03-15,100000.0,Ramadhan Bangkitkan Negeri,Transfer,11.51293546492023,1,1,Berpotensi Churn,0.9998841,1
DAD-01798,656,1,100000.0,2024-03-15,100000.0,Ramadhan Bangkitkan Negeri,Transfer,11.51293546492023,1,1,Berpotensi Churn,0.9998841,1
DAD-01799,656,1,50000.0,2024-03-15,50000.0,Ramadhan Bangkitkan Negeri,Transfer,10.819798284210286,1,1,Berpotensi Churn,0.99998236,1
DAD-01800,656,1,25000.0,2024-03-15,25000.0,Ramadhan Bangkitkan Negeri,Transfer,10.12667110305036,1,1,Berpotensi Churn,0.9999906,1
DAD-01801,354,16,1604284.0,2025-01-11,100500.0,Pulihkan Duka Negeri Palestina,Transfer,14.288188732423238,1,1,Berpotensi Churn,0.9960206,1
DAD-01802,292,4,1000000.0,2025-03-14,300000.0,Ramadhan Bangkitkan Negeri,Transfer,13.815511557963774,1,1,Berpotensi Churn,0.99996924,1
DAD-01803,124,6,293904.0,2025-08-29,30000.0,Pulihkan Duka Negeri Palestina,Transfer,12.591011864851613,1,1,Berpotensi Churn,0.9999633,1
DAD-01804,655,1,250000.0,2024-03-16,250000.0,Ramadhan Bangkitkan Negeri,Transfer,12.429220196836383,1,1,Berpotensi Churn,0.9996604,1
DAD-01806,655,1,125000.0,2024-03-16,125000.0,Ramadhan Bangkitkan Negeri,Transfer,11.736077016252437,1,1,Berpotensi Churn,0.9999745,1
DAD-01808,655,1,200000.0,2024-03-16,200000.0,Ramadhan Bangkitkan Negeri,Transfer,12.206077645517674,1,1,Berpotensi Churn,0.9997985,1
DAD-01809,212,6,310000.0,2025-06-02,125000.0,Qurban Movement,Transfer,12.644330802262578,1,1,Berpotensi Churn,0.9999845,1
DAD-01810,654,1,50094.0,2024-03-17,50094.0,Ramadhan Bangkitkan Negeri,Transfer,10.821676481693363,1,1,Berpotensi Churn,0.99998975,1
DAD-01811,530,3,400000.0,2024-07-19,100000.0,Qurban Movement,Transfer,12.899222326086994,1,1,Berpotensi Churn,0.99999225,1
DAD-01812,653,1,50000.0,2024-03-18,50000.0,Ramadhan Bangkitkan Negeri,Transfer,10.819798284210286,1,1,Berpotensi Churn,0.99999595,1
DAD-01813,652,1,80000.0,2024-03-19,80000.0,Ramadhan Bangkitkan Negeri,Transfer,11.289794413577894,1,1,Berpotensi Churn,0.9999876,1
DAD-01814,652,1,25000.0,2024-03-19,25000.0,Ramadhan Bangkitkan Negeri,Transfer,10.12667110305036,1,1,Berpotensi Churn,0.9999968,1
DAD-01815,651,1,50000.0,2024-03-20,50000.0,Ramadhan Bangkitkan Negeri,Transfer,10.819798284210286,1,1,Berpotensi Churn,0.99999595,1
DAD-01816,651,1,250000.0,2024-03-20,250000.0,Ramadhan Bangkitkan Negeri,Transfer,12.429220196836383,1,1,Berpotensi Churn,0.99983704,1
DAD-01817,651,1,80000.0,2024-03-20,80000.0,Ramadhan Bangkitkan Negeri,Transfer,11.289794413577894,1,1,Berpotensi Churn,0.9999876,1
DAD-01818,651,2,105000.0,2024-03-20,25000.0,Ramadhan Bangkitkan Negeri,Transfer,11.561725152903833,1,1,Berpotensi Churn,0.9999496,1
DAD-01819,650,1,80000.0,2024-03-21,80000.0,Ramadhan Bangkitkan Negeri,Transfer,11.289794413577894,1,1,Berpotensi Churn,0.9999876,1
DAD-01820,650,1,124000.0,2024-03-21,124000.0,Ramadhan Bangkitkan Negeri,Cash,11.728044909070785,1,1,Berpotensi Churn,0.9999821,1
DAD-01821,306,2,200000.0,2025-02-28,100000.0,Ramadhan Bangkitkan Negeri,Transfer,12.206077645517674,1,1,Berpotensi Churn,0.99999833,1
DAD-01822,649,1,25000.0,2024-03-22,25000.0,Ramadhan Bangkitkan Negeri,Transfer,10.12667110305036,1,1,Berpotensi Churn,0.9999968,1
DAD-01823,634,3,165000.0,2024-04-06,35000.0,Ramadhan Bangkitkan Negeri,Transfer,12.013706813470414,1,1,Berpotensi Churn,0.99941504,1
DAD-01824,565,4,250000.0,2024-06-14,50000.0,Ramadhan Bangkitkan Negeri,Transfer,12.429220196836383,1,1,Berpotensi Churn,0.9999968,1
DAD-01825,649,1,50000.0,2024-03-22,50000.0,Ramadhan Bangkitkan Negeri,Transfer,10.819798284210286,1,1,Berpotensi Churn,0.99999595,1
DAD-01826,649,1,250062.0,2024-03-22,250062.0,Ramadhan Bangkitkan Negeri,Transfer,12.429468165097717,1,1,Berpotensi Churn,0.99983704,1
DAD-01827,414,3,300000.0,2024-11-12,100000.0,Pulihkan Duka Negeri Palestina,Transfer,12.611541086966115,1,1,Berpotensi Churn,0.9999964,1
DAD-01828,278,6,850194.0,2025-03-28,100000.0,Pulihkan Duka Negeri Palestina,Transfer,13.65322101392035,1,1,Berpotensi Churn,0.9999449,1
DAD-01829,646,1,25000.0,2024-03-25,25000.0,Ramadhan Bangkitkan Negeri,Transfer,10.12667110305036,1,1,Berpotensi Churn,0.9999975,1
DAD-01830,565,2,330000.0,2024-06-14,250000.0,Qurban Movement,Transfer,12.706850963741102,1,1,Berpotensi Churn,0.9999982,1
DAD-01831,646,1,80000.0,2024-03-25,80000.0,Ramadhan Bangkitkan Negeri,Cash,11.289794413577894,1,1,Berpotensi Churn,0.99999154,1
DAD-01832,646,1,210000.0,2024-03-25,210000.0,Ramadhan Bangkitkan Negeri,Transfer,12.25486757159303,1,1,Berpotensi Churn,0.99991906,1
DAD-01833,646,1,140000.0,2024-03-25,140000.0,Ramadhan Bangkitkan Negeri,Transfer,11.849404844423074,1,1,Berpotensi Churn,0.9999815,1
DAD-01834,646,1,25000.0,2024-03-25,25000.0,Ramadhan Bangkitkan Negeri,Transfer,10.12667110305036,1,1,Berpotensi Churn,0.9999975,1
DAD-01836,74,5,470000.0,2025-10-18,50000.0,Pulihkan Duka Negeri Palestina,Transfer,13.060490101343552,1,1,Berpotensi Churn,0.9998925,1
DAD-01837,645,1,100000.0,2024-03-26,100000.0,Ramadhan Bangkitkan Negeri,Transfer,11.51293546492023,1,1,Berpotensi Churn,0.99999034,1
DAD-01838,645,1,50165.0,2024-03-26,50165.0,Ramadhan Bangkitkan Negeri,Transfer,10.823092785378114,1,1,Berpotensi Churn,0.9999927,1
DAD-01839,460,2,400130.0,2024-09-27,200000.0,Ramadhan Bangkitkan Negeri,Transfer,12.8995472724737,1,1,Berpotensi Churn,0.99999607,1
DAD-01840,644,1,25000.0,2024-03-27,25000.0,Ramadhan Bangkitkan Negeri,Transfer,10.12667110305036,1,1,Berpotensi Churn,0.9999975,1
DAD-01841,643,1,50000.0,2024-03-28,50000.0,Ramadhan Bangkitkan Negeri,Transfer,10.819798284210286,1,1,Berpotensi Churn,0.9999969,1
DAD-01842,340,5,95000.0,2025-01-25,30000.0,Ramadhan Bangkitkan Negeri,Transfer,11.461642696843066,1,1,Berpotensi Churn,0.99999595,1
DAD-01843,643,1,300000.0,2024-03-28,300000.0,Ramadhan Bangkitkan Negeri,Transfer,12.611541086966115,1,1,Berpotensi Churn,0.9997962,1
DAD-01844,299,4,950000.0,2025-03-07,200000.0,Pulihkan Duka Negeri Palestina,Transfer,13.76421831620775,1,1,Berpotensi Churn,0.9999727,1
DAD-01846,280,3,300371.0,2025-03-26,100123.0,Pulihkan Duka Negeri Palestina,Transfer,12.612776985473289,1,1,Berpotensi Churn,0.99999297,1
DAD-01847,341,10,690000.0,2025-01-24,20000.0,Pulihkan Duka Negeri Palestina,Transfer,13.444448325847754,1,1,Berpotensi Churn,0.999931,1
DAD-01848,327,3,220000.0,2025-02-07,70000.0,Pulihkan Duka Negeri Palestina,Transfer,12.301387370778713,1,1,Berpotensi Churn,0.99999654,1
DAD-01849,642,1,80000.0,2024-03-29,80000.0,Ramadhan Bangkitkan Negeri,Transfer,11.289794413577894,1,1,Berpotensi Churn,0.99999154,1
DAD-01850,173,2,150000.0,2025-07-11,50000.0,Pulihkan Duka Negeri Palestina,Transfer,11.918397239722838,1,1,Berpotensi Churn,0.999998,1
DAD-01851,640,1,25000.0,2024-03-31,25000.0,Ramadhan Bangkitkan Negeri,Transfer,10.12667110305036,1,1,Berpotensi Churn,0.9999975,1
DAD-01853,640,1,100000.0,2024-03-31,100000.0,Ramadhan Bangkitkan Negeri,Transfer,11.51293546492023,1,1,Berpotensi Churn,0.99999034,1
DAD-01854,577,2,405000.0,2024-06-02,200000.0,Pulihkan Duka Negeri Palestina,Transfer,12.91164481522143,1,1,Berpotensi Churn,0.99995863,1
DAD-01855,616,2,355000.0,2024-04-24,200000.0,Ramadhan Bangkitkan Negeri,Transfer,12.779875885354993,1,1,Berpotensi Churn,0.9999634,1
DAD-01856,447,6,325000.0,2024-10-10,50000.0,Ramadhan Bangkitkan Negeri,Transfer,12.691583538230217,1,1,Berpotensi Churn,0.9999925,1
DAD-01857,297,7,800000.0,2025-03-09,100000.0,Pulihkan Duka Negeri Palestina,Transfer,13.592368256649284,1,1,Berpotensi Churn,0.9999484,1
DAD-01858,636,2,300030.0,2024-04-04,100030.0,Ramadhan Bangkitkan Negeri,Transfer,12.61164108163315,1,1,Berpotensi Churn,0.9997584,1
DAD-01859,637,1,100077.0,2024-04-03,100077.0,Ramadhan Bangkitkan Negeri,Transfer,11.51370516092832,1,1,Berpotensi Churn,0.99999297,1
DAD-01860,636,1,100000.0,2024-04-04,100000.0,Ramadhan Bangkitkan Negeri,Transfer,11.51293546492023,1,1,Berpotensi Churn,0.99999297,1
DAD-01861,516,2,150000.0,2024-08-02,50000.0,Pulihkan Duka Negeri Palestina,Transfer,11.918397239722838,1,1,Berpotensi Churn,0.9999989,1
DAD-01862,320,2,130000.0,2025-02-14,50000.0,Ramadhan Bangkitkan Negeri,Transfer,11.775297421715827,1,1,Berpotensi Churn,0.9999987,1
DAD-01863,285,2,60000.0,2025-03-21,50000.0,Ramadhan Bangkitkan Negeri,Transfer,11.002116507732017,1,1,Berpotensi Churn,0.99999845,1
DAD-01864,565,2,30000.0,2024-06-14,10000.0,Qurban Movement,Transfer,10.308985993422082,1,1,Berpotensi Churn,0.9999994,1
DAD-01865,509,2,250000.0,2024-08-09,150000.0,Pulihkan Duka Negeri Palestina,Transfer,12.429220196836383,1,1,Berpotensi Churn,0.99999857,1
DAD-01866,636,1,180000.0,2024-04-04,180000.0,Ramadhan Bangkitkan Negeri,Transfer,12.100717685412471,1,1,Berpotensi Churn,0.9999721,1
DAD-01868,635,1,25000.0,2024-04-05,25000.0,Ramadhan Bangkitkan Negeri,Transfer,10.12667110305036,1,1,Berpotensi Churn,0.99999785,1
DAD-01869,544,2,400000.0,2024-07-05,300000.0,Ramadhan Bangkitkan Negeri,Transfer,12.899222326086994,1,1,Berpotensi Churn,0.9999962,1
DAD-01870,278,5,600000.0,2025-03-28,200000.0,Pulihkan Duka Negeri Palestina,Transfer,13.304686600863562,1,1,Berpotensi Churn,0.9999218,1
DAD-01872,635,1,60000.0,2024-04-05,60000.0,Ramadhan Bangkitkan Negeri,Transfer,11.002116507732017,1,1,Berpotensi Churn,0.9999939,1
DAD-01874,635,1,200000.0,2024-04-05,200000.0,Ramadhan Bangkitkan Negeri,Transfer,12.206077645517674,1,1,Berpotensi Churn,0.9999721,1
DAD-01875,579,2,200000.0,2024-05-31,100000.0,Pulihkan Duka Negeri Palestina,Transfer,12.206077645517674,1,1,Berpotensi Churn,0.9999945,1
DAD-01876,635,1,200000.0,2024-04-05,200000.0,Ramadhan Bangkitkan Negeri,Transfer,12.206077645517674,1,1,Berpotensi Churn,0.9999721,1
DAD-01877,635,1,50000.0,2024-04-05,50000.0,Ramadhan Bangkitkan Negeri,Transfer,10.819798284210286,1,1,Berpotensi Churn,0.9999975,1
DAD-01878,635,1,100000.0,2024-04-05,100000.0,Ramadhan Bangkitkan Negeri,Transfer,11.51293546492023,1,1,Berpotensi Churn,0.99999297,1
DAD-01879,292,2,150000.0,2025-03-14,50000.0,Ramadhan Bangkitkan Negeri,Transfer,11.918397239722838,1,1,Berpotensi Churn,0.99999833,1
DAD-01880,327,2,160000.0,2025-02-07,60000.0,Ramadhan Bangkitkan Negeri,Transfer,11.982935344196433,1,1,Berpotensi Churn,0.99999845,1
DAD-01881,635,1,150000.0,2024-04-05,150000.0,Ramadhan Bangkitkan Negeri,Transfer,11.918397239722838,1,1,Berpotensi Churn,0.9999876,1
DAD-01882,635,1,50000.0,2024-04-05,50000.0,Ramadhan Bangkitkan Negeri,Transfer,10.819798284210286,1,1,Berpotensi Churn,0.9999975,1
DAD-01883,635,1,50000.0,2024-04-05,50000.0,Ramadhan Bangkitkan Negeri,Transfer,10.819798284210286,1,1,Berpotensi Churn,0.9999975,1
DAD-01884,124,8,725000.0,2025-08-29,25000.0,Wakaf Pembangunan Masjid,Transfer,13.493928313146206,1,1,Berpotensi Churn,0.99992883,1
DAD-01886,634,1,50000.0,2024-04-06,50000.0,Ramadhan Bangkitkan Negeri,Transfer,10.819798284210286,1,1,Berpotensi Churn,0.9999975,1
DAD-01887,529,2,200000.0,2024-07-20,100000.0,Pulihkan Duka Negeri Palestina,Transfer,12.206077645517674,1,1,Berpotensi Churn,0.9999987,1
DAD-01888,633,1,40000.0,2024-04-07,40000.0,Ramadhan Bangkitkan Negeri,Transfer,10.596659732783579,1,1,Berpotensi Churn,0.99999785,1
DAD-01891,633,1,100000.0,2024-04-07,100000.0,Ramadhan Bangkitkan Negeri,Transfer,11.51293546492023,1,1,Berpotensi Churn,0.99999297,1
DAD-01894,632,1,200000.0,2024-04-08,200000.0,Ramadhan Bangkitkan Negeri,Transfer,12.206077645517674,1,1,Berpotensi Churn,0.99998116,1
DAD-01895,632,1,100000.0,2024-04-08,100000.0,Ramadhan Bangkitkan Negeri,Transfer,11.51293546492023,1,1,Berpotensi Churn,0.99999416,1
DAD-01896,632,1,100000.0,2024-04-08,100000.0,Ramadhan Bangkitkan Negeri,Transfer,11.51293546492023,1,1,Berpotensi Churn,0.99999416,1
DAD-01897,572,2,100000.0,2024-06-07,50000.0,Qurban Movement,Transfer,11.51293546492023,1,1,Berpotensi Churn,0.99999714,1
DAD-01898,632,1,50000.0,2024-04-08,50000.0,Ramadhan Bangkitkan Negeri,Transfer,10.819798284210286,1,1,Berpotensi Churn,0.99999785,1
DAD-01899,632,1,100000.0,2024-04-08,100000.0,Ramadhan Bangkitkan Negeri,Transfer,11.51293546492023,1,1,Berpotensi Churn,0.99999416,1
DAD-01900,632,1,50000.0,2024-04-08,50000.0,Ramadhan Bangkitkan Negeri,Transfer,10.819798284210286,1,1,Berpotensi Churn,0.99999785,1
DAD-01901,632,1,25000.0,2024-04-08,25000.0,Ramadhan Bangkitkan Negeri,Transfer,10.12667110305036,1,1,Berpotensi Churn,0.9999982,1
DAD-01902,215,3,175000.0,2025-05-30,25000.0,Pulihkan Duka Negeri Palestina,Transfer,12.07254696717504,1,1,Berpotensi Churn,0.99999464,1
DAD-01903,632,1,20000.0,2024-04-08,20000.0,Ramadhan Bangkitkan Negeri,Transfer,9.90353755128617,1,1,Berpotensi Churn,0.9999982,1
DAD-01904,632,1,50000.0,2024-04-08,50000.0,Ramadhan Bangkitkan Negeri,Transfer,10.819798284210286,1,1,Berpotensi Churn,0.99999785,1
DAD-01905,632,1,100000.0,2024-04-08,100000.0,Ramadhan Bangkitkan Negeri,Transfer,11.51293546492023,1,1,Berpotensi Churn,0.99999416,1
DAD-01906,632,1,200000.0,2024-04-08,200000.0,Ramadhan Bangkitkan Negeri,Transfer,12.206077645517674,1,1,Berpotensi Churn,0.99998116,1
DAD-01907,285,2,150000.0,2025-03-21,100000.0,Ramadhan Bangkitkan Negeri,Transfer,11.918397239722838,1,1,Berpotensi Churn,0.9999981,1
DAD-01908,632,1,100000.0,2024-04-08,100000.0,Ramadhan Bangkitkan Negeri,Transfer,11.51293546492023,1,1,Berpotensi Churn,0.99999416,1
DAD-01910,509,2,400000.0,2024-08-09,100000.0,Pulihkan Duka Negeri Palestina,Transfer,12.899222326086994,1,1,Berpotensi Churn,0.99999607,1
DAD-01911,632,1,250000.0,2024-04-08,250000.0,Ramadhan Bangkitkan Negeri,Transfer,12.429220196836383,1,1,Berpotensi Churn,0.99997425,1
DAD-01912,299,2,45000.0,2025-03-07,25000.0,Pulihkan Duka Negeri Palestina,Transfer,10.714439990727769,1,1,Berpotensi Churn,0.99999917,1
DAD-01913,131,2,100000.0,2025-08-22,50000.0,Pulihkan Duka Negeri Palestina,Transfer,11.51293546492023,1,1,Berpotensi Churn,0.9999963,1
DAD-01914,631,2,200000.0,2024-04-09,160000.0,Ramadhan Bangkitkan Negeri,Transfer,12.206077645517674,1,1,Berpotensi Churn,0.9999529,1
DAD-01915,383,3,115000.0,2024-12-13,25000.0,Pulihkan Duka Negeri Palestina,Transfer,11.652696102959753,1,1,Berpotensi Churn,0.99999774,1
DAD-01916,631,1,40000.0,2024-04-09,40000.0,Ramadhan Bangkitkan Negeri,Transfer,10.596659732783579,1,1,Berpotensi Churn,0.9999982,1
DAD-01917,467,4,750000.0,2024-09-20,200000.0,Syiar Qur'an Indonesia,Transfer,13.527829818844937,1,1,Berpotensi Churn,0.9999627,1
DAD-01918,631,1,250000.0,2024-04-09,250000.0,Ramadhan Bangkitkan Negeri,Transfer,12.429220196836383,1,1,Berpotensi Churn,0.99997425,1
DAD-01919,631,1,100000.0,2024-04-09,100000.0,Ramadhan Bangkitkan Negeri,Transfer,11.51293546492023,1,1,Berpotensi Churn,0.99999416,1
DAD-01920,565,2,30000.0,2024-06-14,20000.0,Qurban Movement,Transfer,10.308985993422082,1,1,Berpotensi Churn,0.9999994,1
DAD-01921,631,1,40000.0,2024-04-09,40000.0,Ramadhan Bangkitkan Negeri,Transfer,10.596659732783579,1,1,Berpotensi Churn,0.9999982,1
DAD-01922,631,1,200000.0,2024-04-09,200000.0,Ramadhan Bangkitkan Negeri,Transfer,12.206077645517674,1,1,Berpotensi Churn,0.99998116,1
DAD-01923,286,2,81250.0,2025-03-20,40000.0,Ramadhan Bangkitkan Negeri,Transfer,11.305298407808552,1,1,Berpotensi Churn,0.99999857,1
DAD-01925,631,1,200000.0,2024-04-09,200000.0,Ramadhan Bangkitkan Negeri,Transfer,12.206077645517674,1,1,Berpotensi Churn,0.99998116,1
DAD-01926,631,1,100000.0,2024-04-09,100000.0,Ramadhan Bangkitkan Negeri,Transfer,11.51293546492023,1,1,Berpotensi Churn,0.99999416,1
DAD-01927,631,1,100000.0,2024-04-09,100000.0,Ramadhan Bangkitkan Negeri,Transfer,11.51293546492023,1,1,Berpotensi Churn,0.99999416,1
DAD-01928,631,2,100000.0,2024-04-09,40000.0,Ramadhan Bangkitkan Negeri,Transfer,11.51293546492023,1,1,Berpotensi Churn,0.99998534,1
DAD-01929,631,2,100000.0,2024-04-09,40000.0,Ramadhan Bangkitkan Negeri,Transfer,11.51293546492023,1,1,Berpotensi Churn,0.99998534,1
DAD-01930,631,1,40000.0,2024-04-09,40000.0,Ramadhan Bangkitkan Negeri,Transfer,10.596659732783579,1,1,Berpotensi Churn,0.9999982,1
DAD-01931,631,1,100000.0,2024-04-09,100000.0,Ramadhan Bangkitkan Negeri,Transfer,11.51293546492023,1,1,Berpotensi Churn,0.99999416,1
DAD-01932,631,1,100000.0,2024-04-09,100000.0,Ramadhan Bangkitkan Negeri,Transfer,11.51293546492023,1,1,Berpotensi Churn,0.99999416,1
DAD-01933,631,1,100000.0,2024-04-09,100000.0,Ramadhan Bangkitkan Negeri,Transfer,11.51293546492023,1,1,Berpotensi Churn,0.99999416,1
DAD-01934,630,1,120000.0,2024-04-10,120000.0,Ramadhan Bangkitkan Negeri,Transfer,11.695255355062795,1,1,Berpotensi Churn,0.9999974,1
DAD-01936,626,1,50032.0,2024-04-14,50032.0,Ramadhan Bangkitkan Negeri,Transfer,10.820438066706068,1,1,Berpotensi Churn,0.9999989,1
DAD-01941,618,1,300000.0,2024-04-22,300000.0,Ramadhan Bangkitkan Negeri,Transfer,12.611541086966115,1,1,Berpotensi Churn,0.9999883,1
DAD-01942,617,1,100000.0,2024-04-23,100000.0,Qurban Movement,Transfer,11.51293546492023,1,1,Berpotensi Churn,0.9999976,1
DAD-01943,327,17,1700000.0,2025-02-07,100000.0,Pulihkan Duka Negeri Palestina,Transfer,14.346139397261565,1,1,Berpotensi Churn,0.99104637,1
DAD-01944,616,1,100000.0,2024-04-24,100000.0,Ramadhan Bangkitkan Negeri,Transfer,11.51293546492023,1,1,Berpotensi Churn,0.9999976,1
DAD-01947,368,4,270000.0,2024-12-28,100000.0,Pulihkan Duka Negeri Palestina,Transfer,12.506180941677357,1,1,Berpotensi Churn,0.99999475,1
DAD-01948,520,3,250000.0,2024-07-29,100000.0,Pulihkan Duka Negeri Palestina,Transfer,12.429220196836383,1,1,Berpotensi Churn,0.99999714,1
DAD-01950,611,1,31500.0,2024-04-29,31500.0,Ramadhan Bangkitkan Negeri,Cash,10.357774570341576,1,1,Berpotensi Churn,0.99999905,1
DAD-01951,496,6,400360.0,2024-08-22,100000.0,Wakaf Movement,Transfer,12.900121919081858,1,1,Berpotensi Churn,0.9999851,1
DAD-01952,609,1,150000.0,2024-05-01,150000.0,Pulihkan Duka Negeri Palestina,Transfer,11.918397239722838,1,1,Berpotensi Churn,0.9999974,1
DAD-01953,607,1,100000.0,2024-05-03,100000.0,Pulihkan Duka Negeri Palestina,Transfer,11.51293546492023,1,1,Berpotensi Churn,0.99999774,1
DAD-01954,607,1,200000.0,2024-05-03,200000.0,Pulihkan Duka Negeri Palestina,Transfer,12.206077645517674,1,1,Berpotensi Churn,0.9999963,1
DAD-01955,607,1,50000.0,2024-05-03,50000.0,Pulihkan Duka Negeri Palestina,Transfer,10.819798284210286,1,1,Berpotensi Churn,0.9999989,1
DAD-01956,606,1,200000.0,2024-05-04,200000.0,Pulihkan Duka Negeri Palestina,Transfer,12.206077645517674,1,1,Berpotensi Churn,0.9999963,1
DAD-01957,393,7,1220000.0,2024-12-03,200000.0,Qurban Movement,Transfer,14.014362236381235,1,1,Berpotensi Churn,0.9997428,1
DAD-01958,606,1,50000.0,2024-05-04,50000.0,Pulihkan Duka Negeri Palestina,Transfer,10.819798284210286,1,1,Berpotensi Churn,0.9999989,1
DAD-01959,432,3,250000.0,2024-10-25,100000.0,Pulihkan Duka Negeri Palestina,Transfer,12.429220196836383,1,1,Berpotensi Churn,0.99999726,1
DAD-01960,431,2,100000.0,2024-10-26,50000.0,Pulihkan Duka Negeri Palestina,Transfer,11.51293546492023,1,1,Berpotensi Churn,0.9999989,1
DAD-01961,603,1,40000.0,2024-05-07,40000.0,Pulihkan Duka Negeri Palestina,Transfer,10.596659732783579,1,1,Berpotensi Churn,0.99999905,1
DAD-01962,299,4,1200000.0,2025-03-07,300000.0,Pulihkan Duka Negeri Palestina,Transfer,13.997832948091215,1,1,Berpotensi Churn,0.99987257,1
DAD-01963,603,1,35000.0,2024-05-07,35000.0,Wakaf Movement,Transfer,10.463131911491967,1,1,Berpotensi Churn,0.99999905,1
DAD-01964,603,1,250000.0,2024-05-07,250000.0,Pulihkan Duka Negeri Palestina,Transfer,12.429220196836383,1,1,Berpotensi Churn,0.9999956,1
DAD-01965,602,1,100000.0,2024-05-08,100000.0,Pulihkan Duka Negeri Palestina,Transfer,11.51293546492023,1,1,Berpotensi Churn,0.99999774,1
DAD-01966,461,2,200000.0,2024-09-26,100000.0,Pulihkan Duka Negeri Palestina,Transfer,12.206077645517674,1,1,Berpotensi Churn,0.9999987,1
DAD-01970,551,3,150000.0,2024-06-28,50000.0,Pulihkan Duka Negeri Palestina,Transfer,11.918397239722838,1,1,Berpotensi Churn,0.99999785,1
DAD-01971,600,1,60000.0,2024-05-10,60000.0,Pulihkan Duka Negeri Palestina,Transfer,11.002116507732017,1,1,Berpotensi Churn,0.999998,1
DAD-01972,559,14,685000.0,2024-06-20,50000.0,Pulihkan Duka Negeri Palestina,Transfer,13.437175577097312,1,1,Berpotensi Churn,0.999757,1
DAD-01973,299,8,370500.0,2025-03-07,50000.0,Pulihkan Duka Negeri Palestina,Transfer,12.822611422769967,1,1,Berpotensi Churn,0.9999862,1
DAD-01974,599,1,50000.0,2024-05-11,50000.0,Pulihkan Duka Negeri Palestina,Transfer,10.819798284210286,1,1,Berpotensi Churn,0.9999989,1
DAD-01975,599,1,50000.0,2024-05-11,50000.0,Pulihkan Duka Negeri Palestina,Transfer,10.819798284210286,1,1,Berpotensi Churn,0.9999989,1
DAD-01976,597,1,150000.0,2024-05-13,150000.0,Pulihkan Duka Negeri Palestina,Transfer,11.918397239722838,1,1,Berpotensi Churn,0.9999975,1
DAD-01978,513,3,300000.0,2024-08-05,100000.0,Pulihkan Duka Negeri Palestina,Transfer,12.611541086966115,1,1,Berpotensi Churn,0.9999963,1
DAD-01979,18,9,1600000.0,2025-12-13,250000.0,Pulihkan Duka Negeri Palestina,Transfer,14.285514812209815,1,1,Berpotensi Churn,0.9993024,1
DAD-01980,453,2,100000.0,2024-10-04,50000.0,Pulihkan Duka Negeri Palestina,Transfer,11.51293546492023,1,1,Berpotensi Churn,0.9999989,1
DAD-01982,16,14,1351167.0,2025-12-15,100000.0,Pulihkan Duka Negeri Palestina,Transfer,14.116479961542831,1,1,Berpotensi Churn,0.9971998,1
DAD-01983,124,4,510000.0,2025-08-29,200000.0,Pulihkan Duka Negeri Palestina,Transfer,13.1421679654829,1,1,Berpotensi Churn,0.99992406,1
DAD-01984,332,3,105072.0,2025-02-02,25000.0,Pulihkan Duka Negeri Palestina,Transfer,11.562410625668852,1,1,Berpotensi Churn,0.99999726,1
DAD-01985,270,4,400000.0,2025-04-05,100000.0,Pulihkan Duka Negeri Palestina,Transfer,12.899222326086994,1,1,Berpotensi Churn,0.99998474,1
DAD-01986,592,1,100000.0,2024-05-18,100000.0,Qurban Movement,Transfer,11.51293546492023,1,1,Berpotensi Churn,0.99999785,1
DAD-01988,588,1,225000.0,2024-05-22,225000.0,Ramadhan Bangkitkan Negeri,Transfer,12.323860125621126,1,1,Berpotensi Churn,0.9999958,1
DAD-01990,586,1,100000.0,2024-05-24,100000.0,Pulihkan Duka Negeri Palestina,Transfer,11.51293546492023,1,1,Berpotensi Churn,0.99999785,1
DAD-01991,586,1,250000.0,2024-05-24,250000.0,Pulihkan Duka Negeri Palestina,Transfer,12.429220196836383,1,1,Berpotensi Churn,0.9999958,1
DAD-01995,515,5,600000.0,2024-08-03,50000.0,Pulihkan Duka Negeri Palestina,Transfer,13.304686600863562,1,1,Berpotensi Churn,0.99993825,1
DAD-01996,581,1,100000.0,2024-05-29,100000.0,Pulihkan Duka Negeri Palestina,Transfer,11.51293546492023,1,1,Berpotensi Churn,0.99999785,1
DAD-01997,124,11,1650000.0,2025-08-29,200000.0,Pulihkan Duka Negeri Palestina,Transfer,14.316286451937186,1,1,Berpotensi Churn,0.99937695,1
DAD-01998,581,1,100000.0,2024-05-29,100000.0,Pulihkan Duka Negeri Palestina,Transfer,11.51293546492023,1,1,Berpotensi Churn,0.99999785,1
DAD-02000,580,1,150000.0,2024-05-30,150000.0,Pulihkan Duka Negeri Palestina,Transfer,11.918397239722838,1,1,Berpotensi Churn,0.9999976,1
DAD-02001,572,2,150000.0,2024-06-07,50000.0,Pulihkan Duka Negeri Palestina,Transfer,11.918397239722838,1,1,Berpotensi Churn,0.9999968,1
DAD-02002,579,1,65000.0,2024-05-31,65000.0,Pulihkan Duka Negeri Palestina,Transfer,11.082157933374816,1,1,Berpotensi Churn,0.9999981,1
DAD-02003,579,1,50000.0,2024-05-31,50000.0,Pulihkan Duka Negeri Palestina,Transfer,10.819798284210286,1,1,Berpotensi Churn,0.99999905,1
DAD-02004,488,2,200000.0,2024-08-30,100000.0,Pulihkan Duka Negeri Palestina,Transfer,12.206077645517674,1,1,Berpotensi Churn,0.9999987,1
DAD-02005,380,3,130000.0,2024-12-16,50000.0,Pulihkan Duka Negeri Palestina,Transfer,11.775297421715827,1,1,Berpotensi Churn,0.99999774,1
DAD-02006,488,2,200127.0,2024-08-30,100000.0,Pulihkan Duka Negeri Palestina,Transfer,12.206712440817514,1,1,Berpotensi Churn,0.9999987,1
DAD-02007,578,1,100000.0,2024-06-01,100000.0,Pulihkan Duka Negeri Palestina,Transfer,11.51293546492023,1,1,Berpotensi Churn,0.99999785,1
DAD-02008,28,2,80000.0,2025-12-03,30000.0,Pulihkan Duka Negeri Indonesia,Transfer,11.289794413577894,1,1,Berpotensi Churn,0.99999404,1
DAD-02009,488,3,400000.0,2024-08-30,100000.0,Pulihkan Duka Negeri Palestina,Transfer,12.899222326086994,1,1,Berpotensi Churn,0.9999925,1
DAD-02010,365,6,1450000.0,2024-12-31,200000.0,Qurban Movement,Transfer,14.187074804051692,1,1,Berpotensi Churn,0.9995542,1
DAD-02011,438,2,150000.0,2024-10-19,100000.0,Pulihkan Duka Negeri Palestina,Transfer,11.918397239722838,1,1,Berpotensi Churn,0.9999989,1
DAD-02012,516,2,300000.0,2024-08-02,200000.0,Pulihkan Duka Negeri Palestina,Transfer,12.611541086966115,1,1,Berpotensi Churn,0.9999981,1
DAD-02013,467,2,350012.0,2024-09-20,150006.0,Pulihkan Duka Negeri Palestina,Transfer,12.76572557563296,1,1,Berpotensi Churn,0.9999974,1
DAD-02014,576,1,150000.0,2024-06-03,150000.0,Pulihkan Duka Negeri Palestina,Transfer,11.918397239722838,1,1,Berpotensi Churn,0.9999976,1
DAD-02015,576,1,50000.0,2024-06-03,50000.0,Syiar Qur'an Indonesia,Transfer,10.819798284210286,1,1,Berpotensi Churn,0.99999905,1
DAD-02016,17,2,100082.0,2025-12-14,50000.0,Pulihkan Duka Negeri Indonesia,Transfer,11.513755120710705,1,1,Berpotensi Churn,0.9999927,1
DAD-02018,279,1,80000.0,2025-03-27,80000.0,Sambung Hidup Dhuafa,Transfer,11.289794413577894,1,1,Berpotensi Churn,0.9999988,1
DAD-02019,574,1,100000.0,2024-06-05,100000.0,Pulihkan Duka Negeri Palestina,Transfer,11.51293546492023,1,1,Berpotensi Churn,0.9999982,1
DAD-02021,574,1,10000.0,2024-06-05,10000.0,Qurban Movement,Transfer,9.210440366976517,1,1,Berpotensi Churn,0.99999917,1
DAD-02023,573,1,250000.0,2024-06-06,250000.0,Pulihkan Duka Negeri Palestina,Transfer,12.429220196836383,1,1,Berpotensi Churn,0.9999968,1
DAD-02024,17,5,550000.0,2025-12-14,100000.0,Pulihkan Duka Negeri Palestina,Transfer,13.217675375388819,1,1,Berpotensi Churn,0.9998462,1
DAD-02025,236,2,400000.0,2025-05-09,100000.0,Pulihkan Duka Negeri Indonesia,Transfer,12.899222326086994,1,1,Berpotensi Churn,0.99999285,1
DAD-02026,573,1,150000.0,2024-06-06,150000.0,Pulihkan Duka Negeri Palestina,Transfer,11.918397239722838,1,1,Berpotensi Churn,0.999998,1
DAD-02027,573,1,50000.0,2024-06-06,50000.0,Pulihkan Duka Negeri Palestina,Transfer,10.819798284210286,1,1,Berpotensi Churn,0.99999905,1
DAD-02028,573,1,200000.0,2024-06-06,200000.0,Pulihkan Duka Negeri Palestina,Transfer,12.206077645517674,1,1,Berpotensi Churn,0.9999974,1
DAD-02029,432,2,300000.0,2024-10-25,200000.0,Pulihkan Duka Negeri Palestina,Transfer,12.611541086966115,1,1,Berpotensi Churn,0.9999982,1
DAD-02031,563,1,250000.0,2024-06-16,250000.0,Qurban Movement,Transfer,12.429220196836383,1,1,Berpotensi Churn,0.9999989,1
DAD-02033,334,5,403000.0,2025-01-31,100000.0,Pulihkan Duka Negeri Palestina,Transfer,12.90669432231532,1,1,Berpotensi Churn,0.9999875,1
DAD-02034,109,4,600000.0,2025-09-13,100000.0,Pulihkan Duka Negeri Palestina,Transfer,13.304686600863562,1,1,Berpotensi Churn,0.9998652,1
DAD-02035,572,1,100000.0,2024-06-07,100000.0,Pulihkan Duka Negeri Palestina,Transfer,11.51293546492023,1,1,Berpotensi Churn,0.9999982,1
DAD-02036,571,1,100000.0,2024-06-08,100000.0,Qurban Movement,Transfer,11.51293546492023,1,1,Berpotensi Churn,0.9999982,1
DAD-02037,32,4,250000.0,2025-11-29,100000.0,Pulihkan Duka Negeri Palestina,Transfer,12.429220196836383,1,1,Berpotensi Churn,0.99997306,1
DAD-02038,571,1,200000.0,2024-06-08,200000.0,Pulihkan Duka Negeri Palestina,Transfer,12.206077645517674,1,1,Berpotensi Churn,0.9999974,1
DAD-02040,569,2,190000.0,2024-06-10,100000.0,Pulihkan Duka Negeri Palestina,Transfer,12.154784614286667,1,1,Berpotensi Churn,0.9999987,1
DAD-02041,570,1,50000.0,2024-06-09,50000.0,Qurban Movement,Transfer,10.819798284210286,1,1,Berpotensi Churn,0.9999995,1
DAD-02042,570,1,50000.0,2024-06-09,50000.0,Pulihkan Duka Negeri Palestina,Transfer,10.819798284210286,1,1,Berpotensi Churn,0.9999995,1
DAD-02043,570,1,100000.0,2024-06-09,100000.0,Pulihkan Duka Negeri Palestina,Transfer,11.51293546492023,1,1,Berpotensi Churn,0.99999917,1
DAD-02044,570,1,250000.0,2024-06-09,250000.0,Pulihkan Duka Negeri Palestina,Transfer,12.429220196836383,1,1,Berpotensi Churn,0.9999989,1
DAD-02045,569,1,300000.0,2024-06-10,300000.0,Syiar Qur'an Indonesia,Transfer,12.611541086966115,1,1,Berpotensi Churn,0.99999857,1
DAD-02046,327,2,300000.0,2025-02-07,100000.0,Pulihkan Duka Negeri Palestina,Transfer,12.611541086966115,1,1,Berpotensi Churn,0.99999774,1
DAD-02047,299,3,300000.0,2025-03-07,100000.0,Sambung Hidup Dhuafa,Transfer,12.611541086966115,1,1,Berpotensi Churn,0.9999951,1
DAD-02048,568,1,50000.0,2024-06-11,50000.0,Qurban Movement,Transfer,10.819798284210286,1,1,Berpotensi Churn,0.9999995,1
DAD-02050,278,4,450000.0,2025-03-28,50000.0,Pulihkan Duka Negeri Palestina,Transfer,13.017005083966255,1,1,Berpotensi Churn,0.99996865,1
DAD-02051,306,2,525000.0,2025-02-28,225000.0,Qurban Movement,Transfer,13.171155446333852,1,1,Berpotensi Churn,0.9999819,1
DAD-02052,370,3,900000.0,2024-12-26,300000.0,Qurban Movement,Cash,13.710151153416941,1,1,Berpotensi Churn,0.99997115,1
DAD-02053,566,2,250000.0,2024-06-13,100000.0,Pulihkan Duka Negeri Palestina,Transfer,12.429220196836383,1,1,Berpotensi Churn,0.99999857,1
DAD-02054,278,2,112500.0,2025-03-28,100000.0,Qurban Movement,Transfer,11.630717389475995,1,1,Berpotensi Churn,0.9999982,1
DAD-02055,566,1,10000.0,2024-06-13,10000.0,Qurban Movement,Transfer,9.210440366976517,1,1,Berpotensi Churn,0.9999995,1
DAD-02059,565,2,100000.0,2024-06-14,50000.0,Pulihkan Duka Negeri Palestina,Transfer,11.51293546492023,1,1,Berpotensi Churn,0.9999989,1
DAD-02060,565,1,40000.0,2024-06-14,40000.0,Qurban Movement,Transfer,10.596659732783579,1,1,Berpotensi Churn,0.9999995,1
DAD-02062,565,1,100000.0,2024-06-14,100000.0,Pulihkan Duka Negeri Palestina,Transfer,11.51293546492023,1,1,Berpotensi Churn,0.99999917,1
DAD-02063,502,2,250000.0,2024-08-16,50000.0,Pulihkan Duka Negeri Palestina,Transfer,12.429220196836383,1,1,Berpotensi Churn,0.99999857,1
DAD-02064,565,1,100000.0,2024-06-14,100000.0,Qurban Movement,Transfer,11.51293546492023,1,1,Berpotensi Churn,0.99999917,1
DAD-02065,565,1,50000.0,2024-06-14,50000.0,Qurban Movement,Transfer,10.819798284210286,1,1,Berpotensi Churn,0.9999995,1
DAD-02066,565,1,10000.0,2024-06-14,10000.0,Qurban Movement,Transfer,9.210440366976517,1,1,Berpotensi Churn,0.9999995,1
DAD-02067,565,1,260000.0,2024-06-14,260000.0,Qurban Movement,Transfer,12.468440756144114,1,1,Berpotensi Churn,0.99999833,1
DAD-02070,564,1,50000.0,2024-06-15,50000.0,Qurban Movement,Transfer,10.819798284210286,1,1,Berpotensi Churn,0.9999995,1
DAD-02071,564,1,150000.0,2024-06-15,150000.0,Qurban Movement,Transfer,11.918397239722838,1,1,Berpotensi Churn,0.99999917,1
DAD-02072,564,1,150000.0,2024-06-15,150000.0,Qurban Movement,Transfer,11.918397239722838,1,1,Berpotensi Churn,0.99999917,1
DAD-02073,467,1,100000.0,2024-09-20,100000.0,Pulihkan Duka Negeri Palestina,Transfer,11.51293546492023,1,1,Berpotensi Churn,0.99999917,1
DAD-02074,563,1,125000.0,2024-06-16,125000.0,Qurban Movement,Transfer,11.736077016252437,1,1,Berpotensi Churn,0.99999917,1
DAD-02075,563,1,50000.0,2024-06-16,50000.0,Qurban Movement,Transfer,10.819798284210286,1,1,Berpotensi Churn,0.9999995,1
DAD-02076,563,1,25000.0,2024-06-16,25000.0,Qurban Movement,Transfer,10.12667110305036,1,1,Berpotensi Churn,0.9999995,1
DAD-02077,341,1,100000.0,2025-01-24,100000.0,Wakaf Pembangunan Masjid,Transfer,11.51293546492023,1,1,Berpotensi Churn,0.99999905,1
DAD-02078,19,2,100000.0,2025-12-12,50000.0,Pulihkan Duka Negeri Indonesia,Transfer,11.51293546492023,1,1,Berpotensi Churn,0.9999927,1
DAD-02079,299,2,400000.0,2025-03-07,250000.0,Qurban Movement,Transfer,12.899222326086994,1,1,Berpotensi Churn,0.99999535,1
DAD-02080,563,1,30000.0,2024-06-16,30000.0,Qurban Movement,Transfer,10.308985993422082,1,1,Berpotensi Churn,0.9999995,1
DAD-02081,215,3,125000.0,2025-05-30,25000.0,Qurban Movement,Transfer,11.736077016252437,1,1,Berpotensi Churn,0.9999957,1
DAD-02082,563,1,125000.0,2024-06-16,125000.0,Qurban Movement,Transfer,11.736077016252437,1,1,Berpotensi Churn,0.99999917,1
DAD-02083,563,1,250000.0,2024-06-16,250000.0,Qurban Movement,Transfer,12.429220196836383,1,1,Berpotensi Churn,0.9999989,1
DAD-02084,563,1,125000.0,2024-06-16,125000.0,Qurban Movement,Transfer,11.736077016252437,1,1,Berpotensi Churn,0.99999917,1
DAD-02085,563,1,100000.0,2024-06-16,100000.0,Qurban Movement,Transfer,11.51293546492023,1,1,Berpotensi Churn,0.99999917,1
DAD-02087,563,1,25000.0,2024-06-16,25000.0,Qurban Movement,Transfer,10.12667110305036,1,1,Berpotensi Churn,0.9999995,1
DAD-02088,563,1,100000.0,2024-06-16,100000.0,Pulihkan Duka Negeri Palestina,Transfer,11.51293546492023,1,1,Berpotensi Churn,0.99999917,1
DAD-02089,376,3,40000.0,2024-12-20,20000.0,Qurban Movement,Transfer,10.596659732783579,1,1,Berpotensi Churn,0.99999857,1
DAD-02090,516,1,50000.0,2024-08-02,50000.0,Pulihkan Duka Negeri Palestina,Transfer,10.819798284210286,1,1,Berpotensi Churn,0.9999995,1
DAD-02093,229,2,200000.0,2025-05-16,100000.0,Pulihkan Duka Negeri Palestina,Transfer,12.206077645517674,1,1,Berpotensi Churn,0.9999974,1
DAD-02094,430,2,200000.0,2024-10-27,100000.0,Pulihkan Duka Negeri Palestina,Transfer,12.206077645517674,1,1,Berpotensi Churn,0.9999987,1
DAD-02095,558,1,50000.0,2024-06-21,50000.0,Pulihkan Duka Negeri Palestina,Transfer,10.819798284210286,1,1,Berpotensi Churn,0.9999995,1
DAD-02096,383,10,200000.0,2024-12-13,20000.0,Pulihkan Duka Negeri Palestina,Transfer,12.206077645517674,1,1,Berpotensi Churn,0.99999166,1
DAD-02097,539,2,200000.0,2024-07-10,100000.0,Pulihkan Duka Negeri Palestina,Transfer,12.206077645517674,1,1,Berpotensi Churn,0.9999987,1
DAD-02099,29,4,600000.0,2025-12-02,150000.0,Pulihkan Duka Negeri Palestina,Transfer,13.304686600863562,1,1,Berpotensi Churn,0.9998652,1
DAD-02101,366,7,1300000.0,2024-12-30,200000.0,Qurban Movement,Transfer,14.077875591662238,1,1,Berpotensi Churn,0.99961156,1
DAD-02102,550,1,100000.0,2024-06-29,100000.0,Syiar Qur'an Indonesia,Transfer,11.51293546492023,1,1,Berpotensi Churn,0.99999917,1
DAD-02103,400,5,1000000.0,2024-11-26,200000.0,Qurban Movement,Transfer,13.815511557963774,1,1,Berpotensi Churn,0.99996305,1
DAD-02104,424,3,300000.0,2024-11-02,100000.0,Pulihkan Duka Negeri Palestina,Transfer,12.611541086966115,1,1,Berpotensi Churn,0.9999964,1
DAD-02105,294,11,715000.0,2025-03-12,10000.0,Wakaf Pembangunan Masjid,Transfer,13.480039220276565,1,1,Berpotensi Churn,0.9999168,1
DAD-02106,456,3,500000.0,2024-10-01,200000.0,Pulihkan Duka Negeri Palestina,Transfer,13.122365377402328,1,1,Berpotensi Churn,0.99998224,1
DAD-02107,544,1,27847.0,2024-07-05,27847.0,Pulihkan Duka Negeri Palestina,Transfer,10.234516429491276,1,1,Berpotensi Churn,0.9999995,1
DAD-02108,395,4,605000.0,2024-12-01,250000.0,Qurban Movement,Transfer,13.312985389904174,1,1,Berpotensi Churn,0.9999496,1
DAD-02109,131,19,2200000.0,2025-08-22,100000.0,Pulihkan Duka Negeri Palestina,Transfer,14.603968372873895,0,0,Tidak Churn,0.006858637,0
DAD-02110,115,3,350000.0,2025-09-07,200000.0,Pulihkan Duka Negeri Palestina,Transfer,12.765691290604371,1,1,Berpotensi Churn,0.9999652,1
DAD-02111,540,1,300000.0,2024-07-09,300000.0,Wali Asuh Santri,Transfer,12.611541086966115,1,1,Berpotensi Churn,0.99999857,1
DAD-02112,539,1,30000.0,2024-07-10,30000.0,Pulihkan Duka Negeri Palestina,Transfer,10.308985993422082,1,1,Berpotensi Churn,0.9999995,1
DAD-02113,538,1,100000.0,2024-07-11,100000.0,Pulihkan Duka Negeri Palestina,Transfer,11.51293546492023,1,1,Berpotensi Churn,0.99999917,1
DAD-02114,538,1,10000.0,2024-07-11,10000.0,Wali Asuh Santri,Transfer,9.210440366976517,1,1,Berpotensi Churn,0.9999995,1
DAD-02115,536,1,300000.0,2024-07-13,300000.0,Wali Asuh Santri,Transfer,12.611541086966115,1,1,Berpotensi Churn,0.99999857,1
DAD-02116,384,6,600000.0,2024-12-12,100000.0,Pulihkan Duka Negeri Palestina,Transfer,13.304686600863562,1,1,Berpotensi Churn,0.99992585,1
DAD-02117,124,7,400000.0,2025-08-29,50000.0,Pulihkan Duka Negeri Palestina,Transfer,12.899222326086994,1,1,Berpotensi Churn,0.9999491,1
DAD-02118,264,14,1000000.0,2025-04-11,50000.0,Wakaf Pembangunan Masjid,Transfer,13.815511557963774,1,1,Berpotensi Churn,0.9998253,1
DAD-02119,531,1,250136.0,2024-07-18,250136.0,Pulihkan Duka Negeri Palestina,Transfer,12.429764046747216,1,1,Berpotensi Churn,0.9999988,1
DAD-02120,530,1,200000.0,2024-07-19,200000.0,Pulihkan Duka Negeri Palestina,Transfer,12.206077645517674,1,1,Berpotensi Churn,0.9999989,1
DAD-02121,386,2,75000.0,2024-12-10,25000.0,Pulihkan Duka Negeri Palestina,Transfer,11.225256725762893,1,1,Berpotensi Churn,0.99999905,1
DAD-02122,530,1,100000.0,2024-07-19,100000.0,Pulihkan Duka Negeri Palestina,Transfer,11.51293546492023,1,1,Berpotensi Churn,0.99999917,1
DAD-02123,530,1,100000.0,2024-07-19,100000.0,Pulihkan Duka Negeri Palestina,Transfer,11.51293546492023,1,1,Berpotensi Churn,0.99999917,1
DAD-02124,210,3,355000.0,2025-06-04,25000.0,Qurban Movement,Transfer,12.779875885354993,1,1,Berpotensi Churn,0.99998975,1
DAD-02125,378,6,900000.0,2024-12-18,150000.0,Qurban Movement,Transfer,13.710151153416941,1,1,Berpotensi Churn,0.9999522,1
DAD-02126,527,1,50000.0,2024-07-22,50000.0,Wali Asuh Santri,Transfer,10.819798284210286,1,1,Berpotensi Churn,0.9999995,1
DAD-02127,527,1,50000.0,2024-07-22,50000.0,Pulihkan Duka Negeri Palestina,Transfer,10.819798284210286,1,1,Berpotensi Churn,0.9999995,1
DAD-02128,527,1,50000.0,2024-07-22,50000.0,Pulihkan Duka Negeri Palestina,Transfer,10.819798284210286,1,1,Berpotensi Churn,0.9999995,1
DAD-02129,467,2,450000.0,2024-09-20,200000.0,Pulihkan Duka Negeri Palestina,Transfer,13.017005083966255,1,1,Berpotensi Churn,0.99999106,1
DAD-02130,435,3,500000.0,2024-10-22,100000.0,Pulihkan Duka Negeri Palestina,Transfer,13.122365377402328,1,1,Berpotensi Churn,0.9999831,1
DAD-02131,249,14,850000.0,2025-04-26,100000.0,Pulihkan Duka Negeri Palestina,Transfer,13.652992804936396,1,1,Berpotensi Churn,0.9997843,1
DAD-02132,496,2,100000.0,2024-08-22,50000.0,Qurban Movement,Cash,11.51293546492023,1,1,Berpotensi Churn,0.9999989,1
DAD-02133,378,6,300000.0,2024-12-18,50000.0,Qurban Movement,Cash,12.611541086966115,1,1,Berpotensi Churn,0.9999918,1
DAD-02134,405,3,150000.0,2024-11-21,50000.0,Qurban Movement,Cash,11.918397239722838,1,1,Berpotensi Churn,0.9999976,1
DAD-02135,410,3,300000.0,2024-11-16,100000.0,Pulihkan Duka Negeri Palestina,Transfer,12.611541086966115,1,1,Berpotensi Churn,0.9999964,1
DAD-02136,524,1,300000.0,2024-07-25,300000.0,Pulihkan Duka Negeri Palestina,Transfer,12.611541086966115,1,1,Berpotensi Churn,0.99999857,1
DAD-02137,166,20,1025000.0,2025-07-18,50000.0,Pulihkan Duka Negeri Palestina,Transfer,13.840204146163925,1,1,Berpotensi Churn,0.81220293,1
DAD-02138,280,13,1100000.0,2025-03-26,300000.0,Pulihkan Duka Negeri Palestina,Transfer,13.910821646859095,1,1,Berpotensi Churn,0.99993646,1
DAD-02139,166,3,300000.0,2025-07-18,100000.0,Pulihkan Duka Negeri Palestina,Transfer,12.611541086966115,1,1,Berpotensi Churn,0.9999924,1
DAD-02140,229,4,476117.0,2025-05-16,100000.0,Pulihkan Duka Negeri Palestina,Transfer,13.073421001651301,1,1,Berpotensi Churn,0.99996793,1
DAD-02141,320,6,600000.0,2025-02-14,100000.0,Pulihkan Duka Negeri Palestina,Transfer,13.304686600863562,1,1,Berpotensi Churn,0.9999255,1
DAD-02142,98,14,1850000.0,2025-09-24,100000.0,Pulihkan Duka Negeri Palestina,Transfer,14.430696737594902,1,1,Berpotensi Churn,0.99695253,1
DAD-02143,285,11,573000.0,2025-03-21,40000.0,Pulihkan Duka Negeri Palestina,Transfer,13.258642740896052,1,1,Berpotensi Churn,0.99985075,1
DAD-02145,482,3,400000.0,2024-09-05,150000.0,Pulihkan Duka Negeri Palestina,Transfer,12.899222326086994,1,1,Berpotensi Churn,0.9999925,1
DAD-02146,523,1,50000.0,2024-07-26,50000.0,Pulihkan Duka Negeri Palestina,Transfer,10.819798284210286,1,1,Berpotensi Churn,0.9999995,1
DAD-02147,464,6,596250.0,2024-09-23,78750.0,Pulihkan Duka Negeri Palestina,Transfer,13.29841699833213,1,1,Berpotensi Churn,0.9999224,1
DAD-02148,271,6,550000.0,2025-04-04,100000.0,Pulihkan Duka Negeri Palestina,Transfer,13.217675375388819,1,1,Berpotensi Churn,0.9999031,1
DAD-02149,519,1,50000.0,2024-07-30,50000.0,Pulihkan Duka Negeri Palestina,Transfer,10.819798284210286,1,1,Berpotensi Churn,0.9999995,1
DAD-02150,518,1,100000.0,2024-07-31,100000.0,Pulihkan Duka Negeri Palestina,Transfer,11.51293546492023,1,1,Berpotensi Churn,0.99999917,1
DAD-02152,280,2,150000.0,2025-03-26,100000.0,Pulihkan Duka Negeri Palestina,Transfer,11.918397239722838,1,1,Berpotensi Churn,0.9999981,1
DAD-02153,488,2,300000.0,2024-08-30,100000.0,Pulihkan Duka Negeri Palestina,Transfer,12.611541086966115,1,1,Berpotensi Churn,0.9999982,1
DAD-02154,517,1,100000.0,2024-08-01,100000.0,Pulihkan Duka Negeri Palestina,Transfer,11.51293546492023,1,1,Berpotensi Churn,0.99999917,1
DAD-02155,408,3,150000.0,2024-11-18,50000.0,Qurban Movement,Transfer,11.918397239722838,1,1,Berpotensi Churn,0.9999976,1
DAD-02156,516,1,50000.0,2024-08-02,50000.0,Pulihkan Duka Negeri Palestina,Transfer,10.819798284210286,1,1,Berpotensi Churn,0.9999995,1
DAD-02157,369,7,350000.0,2024-12-27,50000.0,Pulihkan Duka Negeri Palestina,Transfer,12.765691290604371,1,1,Berpotensi Churn,0.9999888,1
DAD-02158,516,1,100142.0,2024-08-02,100142.0,Pulihkan Duka Negeri Palestina,Transfer,11.51435444349392,1,1,Berpotensi Churn,0.99999917,1
DAD-02159,515,1,100000.0,2024-08-03,100000.0,Pulihkan Duka Negeri Palestina,Transfer,11.51293546492023,1,1,Berpotensi Churn,0.99999917,1
DAD-02160,361,2,200000.0,2025-01-04,100000.0,Pulihkan Duka Negeri Palestina,Transfer,12.206077645517674,1,1,Berpotensi Churn,0.99999845,1
DAD-02161,482,2,300000.0,2024-09-05,200000.0,Pulihkan Duka Negeri Palestina,Transfer,12.611541086966115,1,1,Berpotensi Churn,0.9999982,1
DAD-02162,284,5,190170.0,2025-03-22,30000.0,Pulihkan Duka Negeri Palestina,Transfer,12.155678946385459,1,1,Berpotensi Churn,0.9999927,1
DAD-02163,438,3,30500.0,2024-10-19,10500.0,Pulihkan Duka Negeri Palestina,Transfer,10.32551474894327,1,1,Berpotensi Churn,0.9999987,1
DAD-02164,120,9,2650000.0,2025-09-02,300000.0,Pulihkan Duka Negeri Palestina,Transfer,14.790070575320824,1,1,Berpotensi Churn,0.9949608,1
DAD-02165,365,6,180000.0,2024-12-31,30000.0,Qurban Movement,Transfer,12.100717685412471,1,1,Berpotensi Churn,0.9999938,1
DAD-02166,159,5,425000.0,2025-07-25,25000.0,Pulihkan Duka Negeri Palestina,Transfer,12.959846800844963,1,1,Berpotensi Churn,0.9999708,1
DAD-02167,457,2,150000.0,2024-09-30,100000.0,Qurban Movement,Transfer,11.918397239722838,1,1,Berpotensi Churn,0.9999989,1
DAD-02168,332,7,400000.0,2025-02-02,50000.0,Pulihkan Duka Negeri Palestina,Transfer,12.899222326086994,1,1,Berpotensi Churn,0.9999821,1
DAD-02169,513,1,60000.0,2024-08-05,60000.0,Pulihkan Duka Negeri Palestina,Transfer,11.002116507732017,1,1,Berpotensi Churn,0.9999993,1
DAD-02170,513,1,50000.0,2024-08-05,50000.0,Pulihkan Duka Negeri Palestina,Transfer,10.819798284210286,1,1,Berpotensi Churn,0.9999995,1
DAD-02171,138,3,200165.0,2025-08-15,50000.0,Pulihkan Duka Negeri Palestina,Transfer,12.20690230127065,1,1,Berpotensi Churn,0.9999939,1
DAD-02172,513,1,100190.0,2024-08-05,100190.0,Pulihkan Duka Negeri Palestina,Transfer,11.51483364323953,1,1,Berpotensi Churn,0.99999917,1
DAD-02174,513,1,200000.0,2024-08-05,200000.0,Pulihkan Duka Negeri Palestina,Transfer,12.206077645517674,1,1,Berpotensi Churn,0.9999989,1
DAD-02175,513,1,50238.0,2024-08-05,50238.0,Pulihkan Duka Negeri Palestina,Transfer,10.824546896485385,1,1,Berpotensi Churn,0.9999993,1
DAD-02177,513,1,50000.0,2024-08-05,50000.0,Pulihkan Duka Negeri Palestina,Transfer,10.819798284210286,1,1,Berpotensi Churn,0.9999995,1
DAD-02178,457,2,100508.0,2024-09-30,50250.0,Pulihkan Duka Negeri Palestina,Transfer,11.518002554710511,1,1,Berpotensi Churn,0.9999989,1
DAD-02179,513,1,50000.0,2024-08-05,50000.0,Pulihkan Duka Negeri Palestina,Transfer,10.819798284210286,1,1,Berpotensi Churn,0.9999995,1
DAD-02180,512,1,250000.0,2024-08-06,250000.0,Pulihkan Duka Negeri Palestina,Transfer,12.429220196836383,1,1,Berpotensi Churn,0.9999988,1
DAD-02182,511,1,202500.0,2024-08-07,202500.0,Pulihkan Duka Negeri Palestina,Transfer,12.218500103788143,1,1,Berpotensi Churn,0.9999989,1
DAD-02183,411,2,200000.0,2024-11-15,100000.0,Pulihkan Duka Negeri Palestina,Transfer,12.206077645517674,1,1,Berpotensi Churn,0.9999987,1
DAD-02184,292,3,300000.0,2025-03-14,100000.0,Pulihkan Duka Negeri Palestina,Transfer,12.611541086966115,1,1,Berpotensi Churn,0.99999416,1
DAD-02185,488,2,100000.0,2024-08-30,50000.0,Pulihkan Duka Negeri Palestina,Transfer,11.51293546492023,1,1,Berpotensi Churn,0.9999989,1
DAD-02186,119,2,150000.0,2025-09-03,100000.0,Pulihkan Duka Negeri Palestina,Transfer,11.918397239722838,1,1,Berpotensi Churn,0.9999927,1
DAD-02188,509,1,100000.0,2024-08-09,100000.0,Pulihkan Duka Negeri Palestina,Transfer,11.51293546492023,1,1,Berpotensi Churn,0.99999917,1
DAD-02189,509,1,250000.0,2024-08-09,250000.0,Pulihkan Duka Negeri Palestina,Transfer,12.429220196836383,1,1,Berpotensi Churn,0.9999988,1
DAD-02190,341,3,250000.0,2025-01-24,100000.0,Pulihkan Duka Negeri Palestina,Transfer,12.429220196836383,1,1,Berpotensi Churn,0.99999654,1
DAD-02191,355,2,250515.0,2025-01-10,100281.0,Pulihkan Duka Negeri Palestina,Transfer,12.4312780697228,1,1,Berpotensi Churn,0.9999982,1
DAD-02192,455,2,100000.0,2024-10-02,50000.0,Pulihkan Duka Negeri Palestina,Transfer,11.51293546492023,1,1,Berpotensi Churn,0.9999989,1
DAD-02194,432,6,315516.0,2024-10-25,60000.0,Pulihkan Duka Negeri Palestina,Transfer,12.661967842237615,1,1,Berpotensi Churn,0.9999925,1
DAD-02195,285,2,100000.0,2025-03-21,50000.0,Pulihkan Duka Negeri Palestina,Transfer,11.51293546492023,1,1,Berpotensi Churn,0.9999982,1
DAD-02196,299,20,1355000.0,2025-03-07,70000.0,Pulihkan Duka Negeri Palestina,Transfer,14.119312750303045,0,0,Tidak Churn,0.024570089,0
DAD-02197,151,7,1950000.0,2025-08-02,300000.0,Pulihkan Duka Negeri Palestina,Transfer,14.48334044336031,1,1,Berpotensi Churn,0.99959046,1
DAD-02198,243,11,2000000.0,2025-05-02,300000.0,Pulihkan Duka Negeri Palestina,Transfer,14.508658238524095,1,1,Berpotensi Churn,0.99907625,1
DAD-02199,12,8,500000.0,2025-12-19,50000.0,Pulihkan Duka Negeri Palestina,Transfer,13.122365377402328,1,1,Berpotensi Churn,0.9998497,1
DAD-02200,446,5,730000.0,2024-10-11,130000.0,Pulihkan Duka Negeri Palestina,Transfer,13.500801182986649,1,1,Berpotensi Churn,0.9999558,1
DAD-02201,509,1,100000.0,2024-08-09,100000.0,Pulihkan Duka Negeri Palestina,Transfer,11.51293546492023,1,1,Berpotensi Churn,0.99999917,1
DAD-02202,298,5,190000.0,2025-03-08,30000.0,Pulihkan Duka Negeri Palestina,Transfer,12.154784614286667,1,1,Berpotensi Churn,0.9999937,1
DAD-02203,299,9,1020000.0,2025-03-07,150000.0,Pulihkan Duka Negeri Palestina,Transfer,13.83531416565213,1,1,Berpotensi Churn,0.9999676,1
DAD-02204,508,1,50000.0,2024-08-10,50000.0,Pulihkan Duka Negeri Palestina,Transfer,10.819798284210286,1,1,Berpotensi Churn,0.9999995,1
DAD-02205,115,7,650077.0,2025-09-07,100000.0,Pulihkan Duka Negeri Palestina,Transfer,13.384847634672395,1,1,Berpotensi Churn,0.99984515,1
DAD-02206,506,1,50000.0,2024-08-12,50000.0,Pulihkan Duka Negeri Palestina,Transfer,10.819798284210286,1,1,Berpotensi Churn,0.9999995,1
DAD-02207,264,4,185000.0,2025-04-11,25000.0,Pulihkan Duka Negeri Palestina,Transfer,12.128116509451258,1,1,Berpotensi Churn,0.9999943,1
DAD-02208,383,2,250165.0,2024-12-13,150000.0,Pulihkan Duka Negeri Palestina,Transfer,12.42987997649392,1,1,Berpotensi Churn,0.99999857,1
DAD-02209,249,7,1800000.0,2025-04-26,300000.0,Pulihkan Duka Negeri Palestina,Transfer,14.403297778421795,1,1,Berpotensi Churn,0.999549,1
DAD-02210,505,1,200000.0,2024-08-13,200000.0,Pulihkan Duka Negeri Palestina,Transfer,12.206077645517674,1,1,Berpotensi Churn,0.9999989,1
DAD-02211,407,4,950000.0,2024-11-19,250000.0,Qurban Movement,Transfer,13.76421831620775,1,1,Berpotensi Churn,0.9999708,1
DAD-02212,504,1,270000.0,2024-08-14,270000.0,Pulihkan Duka Negeri Palestina,Transfer,12.506180941677357,1,1,Berpotensi Churn,0.99999833,1
DAD-02213,124,5,525000.0,2025-08-29,100000.0,Pulihkan Duka Negeri Palestina,Transfer,13.171155446333852,1,1,Berpotensi Churn,0.999907,1
DAD-02214,443,4,515000.0,2024-10-14,150000.0,Pulihkan Duka Negeri Palestina,Transfer,13.151924121391561,1,1,Berpotensi Churn,0.99995923,1
DAD-02215,503,1,100000.0,2024-08-15,100000.0,Pulihkan Duka Negeri Palestina,Transfer,11.51293546492023,1,1,Berpotensi Churn,0.99999917,1
DAD-02216,332,3,450000.0,2025-02-02,100000.0,Pulihkan Duka Negeri Palestina,Transfer,13.017005083966255,1,1,Berpotensi Churn,0.9999802,1
DAD-02217,503,1,300000.0,2024-08-15,300000.0,Pulihkan Duka Negeri Palestina,Transfer,12.611541086966115,1,1,Berpotensi Churn,0.99999857,1
DAD-02218,264,5,300000.0,2025-04-11,75000.0,Pulihkan Duka Negeri Palestina,Transfer,12.611541086966115,1,1,Berpotensi Churn,0.99998975,1
DAD-02219,503,1,150000.0,2024-08-15,150000.0,Pulihkan Duka Negeri Palestina,Transfer,11.918397239722838,1,1,Berpotensi Churn,0.99999917,1
DAD-02220,299,4,1200000.0,2025-03-07,300000.0,Pulihkan Duka Negeri Palestina,Transfer,13.997832948091215,1,1,Berpotensi Churn,0.99987257,1
DAD-02221,30,2,65000.0,2025-12-01,35000.0,Pulihkan Duka Negeri Indonesia,Transfer,11.082157933374816,1,1,Berpotensi Churn,0.99999404,1
DAD-02222,502,1,100000.0,2024-08-16,100000.0,Pulihkan Duka Negeri Palestina,Transfer,11.51293546492023,1,1,Berpotensi Churn,0.99999917,1
DAD-02223,502,1,50000.0,2024-08-16,50000.0,Pulihkan Duka Negeri Palestina,Transfer,10.819798284210286,1,1,Berpotensi Churn,0.9999995,1
DAD-02224,264,4,750000.0,2025-04-11,200000.0,Pulihkan Duka Negeri Palestina,Transfer,13.527829818844937,1,1,Berpotensi Churn,0.9999583,1
DAD-02225,502,1,100000.0,2024-08-16,100000.0,Pulihkan Duka Negeri Palestina,Transfer,11.51293546492023,1,1,Berpotensi Churn,0.99999917,1
DAD-02226,249,6,350000.0,2025-04-26,50000.0,Pulihkan Duka Negeri Palestina,Transfer,12.765691290604371,1,1,Berpotensi Churn,0.9999782,1
DAD-02227,502,1,50000.0,2024-08-16,50000.0,Pulihkan Duka Negeri Palestina,Transfer,10.819798284210286,1,1,Berpotensi Churn,0.9999995,1
DAD-02228,306,10,1350000.0,2025-02-28,300000.0,Pulihkan Duka Negeri Palestina,Transfer,14.115615891155079,1,1,Berpotensi Churn,0.99951553,1
DAD-02229,264,5,230000.0,2025-04-11,50000.0,Pulihkan Duka Negeri Palestina,Transfer,12.345838935721968,1,1,Berpotensi Churn,0.99999213,1
DAD-02230,502,1,250000.0,2024-08-16,250000.0,Pulihkan Duka Negeri Palestina,Transfer,12.429220196836383,1,1,Berpotensi Churn,0.9999989,1
DAD-02231,502,1,200000.0,2024-08-16,200000.0,Pulihkan Duka Negeri Palestina,Transfer,12.206077645517674,1,1,Berpotensi Churn,0.99999905,1
DAD-02232,502,1,50000.0,2024-08-16,50000.0,Pulihkan Duka Negeri Palestina,Transfer,10.819798284210286,1,1,Berpotensi Churn,0.9999995,1
DAD-02233,249,8,400000.0,2025-04-26,50000.0,Pulihkan Duka Negeri Palestina,Transfer,12.899222326086994,1,1,Berpotensi Churn,0.9999702,1
DAD-02234,502,1,200000.0,2024-08-16,200000.0,Pulihkan Duka Negeri Palestina,Transfer,12.206077645517674,1,1,Berpotensi Churn,0.99999905,1
DAD-02235,1,11,945000.0,2025-12-30,100000.0,Pulihkan Duka Negeri Palestina,Transfer,13.758941264676379,1,1,Berpotensi Churn,0.99982977,1
DAD-02236,502,1,50000.0,2024-08-16,50000.0,Pulihkan Duka Negeri Palestina,Transfer,10.819798284210286,1,1,Berpotensi Churn,0.9999995,1
DAD-02237,271,3,200000.0,2025-04-04,50000.0,Pulihkan Duka Negeri Palestina,Transfer,12.206077645517674,1,1,Berpotensi Churn,0.9999951,1
DAD-02238,501,1,50000.0,2024-08-17,50000.0,Pulihkan Duka Negeri Palestina,Transfer,10.819798284210286,1,1,Berpotensi Churn,0.9999995,1
DAD-02240,23,4,125000.0,2025-12-08,25000.0,Pulihkan Duka Negeri Palestina,Transfer,11.736077016252437,1,1,Berpotensi Churn,0.99998283,1
DAD-02241,278,6,1500000.0,2025-03-28,250000.0,Pulihkan Duka Negeri Palestina,Transfer,14.220976332738882,1,1,Berpotensi Churn,0.9995958,1
DAD-02242,499,1,200000.0,2024-08-19,200000.0,Pulihkan Duka Negeri Palestina,Transfer,12.206077645517674,1,1,Berpotensi Churn,0.99999905,1
DAD-02243,474,2,150000.0,2024-09-13,50000.0,Pulihkan Duka Negeri Palestina,Transfer,11.918397239722838,1,1,Berpotensi Churn,0.9999989,1
DAD-02244,383,3,400000.0,2024-12-13,200000.0,Pulihkan Duka Negeri Palestina,Transfer,12.899222326086994,1,1,Berpotensi Churn,0.9999924,1
DAD-02245,499,1,100000.0,2024-08-19,100000.0,Pulihkan Duka Negeri Palestina,Transfer,11.51293546492023,1,1,Berpotensi Churn,0.99999917,1
DAD-02246,431,2,100000.0,2024-10-26,50000.0,Pulihkan Duka Negeri Palestina,Transfer,11.51293546492023,1,1,Berpotensi Churn,0.9999989,1
DAD-02247,407,3,300000.0,2024-11-19,100000.0,Pulihkan Duka Negeri Palestina,Transfer,12.611541086966115,1,1,Berpotensi Churn,0.9999962,1
DAD-02248,439,1,200000.0,2024-10-18,200000.0,Pulihkan Duka Negeri Palestina,Transfer,12.206077645517674,1,1,Berpotensi Churn,0.9999989,1
DAD-02250,498,1,100000.0,2024-08-20,100000.0,Pulihkan Duka Negeri Palestina,Transfer,11.51293546492023,1,1,Berpotensi Churn,0.99999917,1
DAD-02252,498,1,100000.0,2024-08-20,100000.0,Pulihkan Duka Negeri Palestina,Transfer,11.51293546492023,1,1,Berpotensi Churn,0.99999917,1
DAD-02253,410,6,300500.0,2024-11-16,50000.0,Pulihkan Duka Negeri Palestina,Transfer,12.613206360738884,1,1,Berpotensi Churn,0.9999925,1
DAD-02254,12,14,1010000.0,2025-12-19,35000.0,Sambung Hidup Dhuafa,Transfer,13.825461878915961,1,1,Berpotensi Churn,0.9996736,1
DAD-02255,374,2,100000.0,2024-12-22,50000.0,Pulihkan Duka Negeri Palestina,Transfer,11.51293546492023,1,1,Berpotensi Churn,0.9999989,1
DAD-02256,254,4,200194.0,2025-04-21,50194.0,Pulihkan Duka Negeri Palestina,Transfer,12.207047170526401,1,1,Berpotensi Churn,0.99999356,1
DAD-02257,496,1,50000.0,2024-08-22,50000.0,Qurban Movement,Cash,10.819798284210286,1,1,Berpotensi Churn,0.9999995,1
DAD-02258,496,1,100000.0,2024-08-22,100000.0,Pulihkan Duka Negeri Palestina,Transfer,11.51293546492023,1,1,Berpotensi Churn,0.99999917,1
DAD-02260,124,10,1000000.0,2025-08-29,100000.0,Pulihkan Duka Negeri Palestina,Transfer,13.815511557963774,1,1,Berpotensi Churn,0.99992144,1
DAD-02261,369,5,500000.0,2024-12-27,100000.0,Qurban Movement,Transfer,13.122365377402328,1,1,Berpotensi Churn,0.99997544,1
DAD-02262,495,1,200000.0,2024-08-23,200000.0,Pulihkan Duka Negeri Palestina,Transfer,12.206077645517674,1,1,Berpotensi Churn,0.99999905,1
DAD-02263,495,1,150000.0,2024-08-23,150000.0,Pulihkan Duka Negeri Palestina,Transfer,11.918397239722838,1,1,Berpotensi Churn,0.99999917,1
DAD-02264,336,3,90000.0,2025-01-29,10000.0,Pulihkan Duka Negeri Palestina,Transfer,11.407576060361786,1,1,Berpotensi Churn,0.9999976,1
DAD-02265,494,2,500000.0,2024-08-24,250000.0,Pulihkan Duka Negeri Palestina,Transfer,13.122365377402328,1,1,Berpotensi Churn,0.9999913,1
DAD-02266,424,2,85000.0,2024-11-02,50000.0,Pulihkan Duka Negeri Palestina,Transfer,11.350418300109132,1,1,Berpotensi Churn,0.99999905,1
DAD-02267,445,3,500000.0,2024-10-12,200000.0,Pulihkan Duka Negeri Palestina,Transfer,13.122365377402328,1,1,Berpotensi Churn,0.9999831,1
DAD-02268,495,1,150000.0,2024-08-23,150000.0,Syiar Qur'an Indonesia,Transfer,11.918397239722838,1,1,Berpotensi Churn,0.99999917,1
DAD-02269,481,2,200000.0,2024-09-06,100000.0,Pulihkan Duka Negeri Palestina,Transfer,12.206077645517674,1,1,Berpotensi Churn,0.9999987,1
DAD-02270,385,5,1500000.0,2024-12-11,300000.0,Qurban Movement,Transfer,14.220976332738882,1,1,Berpotensi Churn,0.999433,1
DAD-02271,451,3,600000.0,2024-10-06,200000.0,Qurban Movement,Transfer,13.304686600863562,1,1,Berpotensi Churn,0.99995565,1
DAD-02272,494,1,100000.0,2024-08-24,100000.0,Pulihkan Duka Negeri Palestina,Transfer,11.51293546492023,1,1,Berpotensi Churn,0.99999917,1
DAD-02273,139,3,150270.0,2025-08-14,50000.0,Pulihkan Duka Negeri Palestina,Transfer,11.920195609685857,1,1,Berpotensi Churn,0.99999464,1
DAD-02275,493,1,90000.0,2024-08-25,90000.0,Pulihkan Duka Negeri Palestina,Transfer,11.407576060361786,1,1,Berpotensi Churn,0.9999993,1
DAD-02276,492,1,100000.0,2024-08-26,100000.0,Pulihkan Duka Negeri Palestina,Transfer,11.51293546492023,1,1,Berpotensi Churn,0.99999917,1
DAD-02278,491,1,75000.0,2024-08-27,75000.0,Pulihkan Duka Negeri Palestina,Transfer,11.225256725762893,1,1,Berpotensi Churn,0.9999993,1
DAD-02279,490,1,100000.0,2024-08-28,100000.0,Pulihkan Duka Negeri Palestina,Transfer,11.51293546492023,1,1,Berpotensi Churn,0.99999917,1
DAD-02280,284,2,300000.0,2025-03-22,200000.0,Pulihkan Duka Negeri Palestina,Transfer,12.611541086966115,1,1,Berpotensi Churn,0.99999666,1
DAD-02281,490,1,50000.0,2024-08-28,50000.0,Pulihkan Duka Negeri Palestina,Transfer,10.819798284210286,1,1,Berpotensi Churn,0.9999995,1
DAD-02282,490,1,100000.0,2024-08-28,100000.0,Pulihkan Duka Negeri Palestina,Transfer,11.51293546492023,1,1,Berpotensi Churn,0.99999917,1
DAD-02283,481,2,200000.0,2024-09-06,100000.0,Pulihkan Duka Negeri Palestina,Transfer,12.206077645517674,1,1,Berpotensi Churn,0.9999987,1
DAD-02284,448,3,300000.0,2024-10-09,100000.0,Pulihkan Duka Negeri Palestina,Transfer,12.611541086966115,1,1,Berpotensi Churn,0.9999964,1
DAD-02285,369,3,800000.0,2024-12-27,200000.0,Pulihkan Duka Negeri Palestina,Transfer,13.592368256649284,1,1,Berpotensi Churn,0.99997115,1
DAD-02286,489,1,250000.0,2024-08-29,250000.0,Pulihkan Duka Negeri Palestina,Transfer,12.429220196836383,1,1,Berpotensi Churn,0.9999989,1
DAD-02287,489,1,75000.0,2024-08-29,75000.0,Pulihkan Duka Negeri Palestina,Transfer,11.225256725762893,1,1,Berpotensi Churn,0.9999993,1
DAD-02288,448,2,280000.0,2024-10-09,30000.0,Pulihkan Duka Negeri Palestina,Transfer,12.54254845357358,1,1,Berpotensi Churn,0.99999785,1
DAD-02289,489,1,300000.0,2024-08-29,300000.0,Pulihkan Duka Negeri Palestina,Transfer,12.611541086966115,1,1,Berpotensi Churn,0.99999857,1
DAD-02290,299,2,150000.0,2025-03-07,100000.0,Pulihkan Duka Negeri Palestina,Transfer,11.918397239722838,1,1,Berpotensi Churn,0.9999987,1
DAD-02291,488,1,50000.0,2024-08-30,50000.0,Pulihkan Duka Negeri Palestina,Transfer,10.819798284210286,1,1,Berpotensi Churn,0.9999995,1
DAD-02292,383,3,400309.0,2024-12-13,100103.0,Pulihkan Duka Negeri Palestina,Transfer,12.89999452593269,1,1,Berpotensi Churn,0.9999924,1
DAD-02293,488,1,50000.0,2024-08-30,50000.0,Pulihkan Duka Negeri Palestina,Transfer,10.819798284210286,1,1,Berpotensi Churn,0.9999995,1
DAD-02294,488,1,200000.0,2024-08-30,200000.0,Pulihkan Duka Negeri Palestina,Transfer,12.206077645517674,1,1,Berpotensi Churn,0.99999905,1
DAD-02295,488,1,20000.0,2024-08-30,20000.0,Pulihkan Duka Negeri Palestina,Transfer,9.90353755128617,1,1,Berpotensi Churn,0.9999995,1
DAD-02296,313,3,350000.0,2025-02-21,150000.0,Pulihkan Duka Negeri Palestina,Transfer,12.765691290604371,1,1,Berpotensi Churn,0.9999932,1
DAD-02297,12,10,950000.0,2025-12-19,50000.0,Pulihkan Duka Negeri Palestina,Transfer,13.76421831620775,1,1,Berpotensi Churn,0.99987185,1
DAD-02298,397,5,1000000.0,2024-11-29,300000.0,Pulihkan Duka Negeri Palestina,Transfer,13.815511557963774,1,1,Berpotensi Churn,0.99996305,1
DAD-02299,372,3,151000.0,2024-12-24,50000.0,Pulihkan Duka Negeri Palestina,Transfer,11.92504173829169,1,1,Berpotensi Churn,0.9999975,1
DAD-02300,264,3,200207.0,2025-04-11,50000.0,Pulihkan Duka Negeri Palestina,Transfer,12.207112105104835,1,1,Berpotensi Churn,0.9999951,1
DAD-02302,150,7,1600000.0,2025-08-03,200000.0,Pulihkan Duka Negeri Palestina,Transfer,14.285514812209815,1,1,Berpotensi Churn,0.9997863,1
DAD-02303,485,1,200000.0,2024-09-02,200000.0,Pulihkan Duka Negeri Palestina,Transfer,12.206077645517674,1,1,Berpotensi Churn,0.99999905,1
DAD-02304,241,10,800000.0,2025-05-04,100000.0,Pulihkan Duka Negeri Palestina,Transfer,13.592368256649284,1,1,Berpotensi Churn,0.9999299,1
DAD-02305,12,13,2325000.0,2025-12-19,100000.0,Pulihkan Duka Negeri Palestina,Transfer,14.659231027111028,1,1,Berpotensi Churn,0.9931786,1
DAD-02306,162,9,2600000.0,2025-07-22,200000.0,Pulihkan Duka Negeri Palestina,Transfer,14.77102238760702,1,1,Berpotensi Churn,0.99796367,1
DAD-02307,484,1,100000.0,2024-09-03,100000.0,Pulihkan Duka Negeri Palestina,Transfer,11.51293546492023,1,1,Berpotensi Churn,0.99999917,1
DAD-02309,257,4,200000.0,2025-04-18,50000.0,Sambung Hidup Dhuafa,Transfer,12.206077645517674,1,1,Berpotensi Churn,0.99999356,1
DAD-02310,483,1,100000.0,2024-09-04,100000.0,Pulihkan Duka Negeri Palestina,Transfer,11.51293546492023,1,1,Berpotensi Churn,0.99999917,1
DAD-02311,151,9,450000.0,2025-08-02,50000.0,Sambung Hidup Dhuafa,Transfer,13.017005083966255,1,1,Berpotensi Churn,0.99995804,1
DAD-02313,483,1,50000.0,2024-09-04,50000.0,Pulihkan Duka Negeri Palestina,Transfer,10.819798284210286,1,1,Berpotensi Churn,0.9999995,1
DAD-02314,483,1,50131.0,2024-09-04,50131.0,Pulihkan Duka Negeri Palestina,Transfer,10.822414805731412,1,1,Berpotensi Churn,0.9999993,1
DAD-02315,26,7,650000.0,2025-12-05,50000.0,Pulihkan Duka Negeri Palestina,Transfer,13.384729180332174,1,1,Berpotensi Churn,0.99984515,1
DAD-02316,123,3,150000.0,2025-08-30,50000.0,Pulihkan Duka Negeri Palestina,Transfer,11.918397239722838,1,1,Berpotensi Churn,0.9999875,1
DAD-02317,482,1,100000.0,2024-09-05,100000.0,Pulihkan Duka Negeri Palestina,Transfer,11.51293546492023,1,1,Berpotensi Churn,0.99999917,1
DAD-02319,327,2,150258.0,2025-02-07,50000.0,Pulihkan Duka Negeri Palestina,Transfer,11.9201157507699,1,1,Berpotensi Churn,0.9999987,1
DAD-02320,152,7,650000.0,2025-08-01,100000.0,Pulihkan Duka Negeri Palestina,Transfer,13.384729180332174,1,1,Berpotensi Churn,0.9999511,1
DAD-02321,29,9,1000000.0,2025-12-02,100000.0,Pulihkan Duka Negeri Palestina,Transfer,13.815511557963774,1,1,Berpotensi Churn,0.99990594,1
DAD-02322,376,3,700000.0,2024-12-20,200000.0,Pulihkan Duka Negeri Palestina,Transfer,13.45883704259595,1,1,Berpotensi Churn,0.99996924,1
DAD-02323,481,1,50000.0,2024-09-06,50000.0,Pulihkan Duka Negeri Palestina,Transfer,10.819798284210286,1,1,Berpotensi Churn,0.9999995,1
DAD-02324,481,1,150000.0,2024-09-06,150000.0,Pulihkan Duka Negeri Palestina,Transfer,11.918397239722838,1,1,Berpotensi Churn,0.99999917,1
DAD-02325,481,1,150000.0,2024-09-06,150000.0,Pulihkan Duka Negeri Palestina,Transfer,11.918397239722838,1,1,Berpotensi Churn,0.99999917,1
DAD-02326,268,5,550297.0,2025-04-07,150000.0,Pulihkan Duka Negeri Palestina,Transfer,13.218215228659998,1,1,Berpotensi Churn,0.9999324,1
DAD-02327,166,4,400000.0,2025-07-18,100000.0,Pulihkan Duka Negeri Palestina,Transfer,12.899222326086994,1,1,Berpotensi Churn,0.99998534,1
DAD-02328,480,1,50166.0,2024-09-07,50166.0,Pulihkan Duka Negeri Palestina,Transfer,10.823112718999155,1,1,Berpotensi Churn,0.9999993,1
DAD-02329,480,1,50000.0,2024-09-07,50000.0,Pulihkan Duka Negeri Palestina,Transfer,10.819798284210286,1,1,Berpotensi Churn,0.9999995,1
DAD-02330,480,1,150000.0,2024-09-07,150000.0,Pulihkan Duka Negeri Palestina,Transfer,11.918397239722838,1,1,Berpotensi Churn,0.99999917,1
DAD-02331,447,2,252500.0,2024-10-10,152500.0,Pulihkan Duka Negeri Palestina,Transfer,12.439170488085749,1,1,Berpotensi Churn,0.99999857,1
DAD-02332,479,1,200000.0,2024-09-08,200000.0,Pulihkan Duka Negeri Palestina,Transfer,12.206077645517674,1,1,Berpotensi Churn,0.99999905,1
DAD-02334,357,4,200000.0,2025-01-08,50000.0,Pulihkan Duka Negeri Palestina,Transfer,12.206077645517674,1,1,Berpotensi Churn,0.9999963,1
DAD-02335,477,1,50000.0,2024-09-10,50000.0,Pulihkan Duka Negeri Palestina,Transfer,10.819798284210286,1,1,Berpotensi Churn,0.9999995,1
DAD-02336,408,3,150000.0,2024-11-18,50000.0,Pulihkan Duka Negeri Palestina,Transfer,11.918397239722838,1,1,Berpotensi Churn,0.9999976,1
DAD-02337,264,2,100000.0,2025-04-11,50000.0,Pulihkan Duka Negeri Palestina,Transfer,11.51293546492023,1,1,Berpotensi Churn,0.9999982,1
DAD-02338,476,1,50000.0,2024-09-11,50000.0,Pulihkan Duka Negeri Palestina,Transfer,10.819798284210286,1,1,Berpotensi Churn,0.9999995,1
DAD-02339,383,4,400000.0,2024-12-13,100000.0,Qurban Movement,Transfer,12.899222326086994,1,1,Berpotensi Churn,0.99999154,1
DAD-02340,17,8,801581.0,2025-12-14,100000.0,Pulihkan Duka Negeri Palestina,Transfer,13.594342553970797,1,1,Berpotensi Churn,0.9998865,1
DAD-02341,475,1,150000.0,2024-09-12,150000.0,Pulihkan Duka Negeri Palestina,Transfer,11.918397239722838,1,1,Berpotensi Churn,0.99999917,1
DAD-02342,475,1,100000.0,2024-09-12,100000.0,Pulihkan Duka Negeri Palestina,Transfer,11.51293546492023,1,1,Berpotensi Churn,0.99999917,1
DAD-02343,383,5,250000.0,2024-12-13,50000.0,Pulihkan Duka Negeri Palestina,Transfer,12.429220196836383,1,1,Berpotensi Churn,0.9999957,1
DAD-02344,474,1,100000.0,2024-09-13,100000.0,Pulihkan Duka Negeri Palestina,Transfer,11.51293546492023,1,1,Berpotensi Churn,0.99999917,1
DAD-02345,410,2,150000.0,2024-11-16,50000.0,Pulihkan Duka Negeri Palestina,Transfer,11.918397239722838,1,1,Berpotensi Churn,0.9999989,1
DAD-02346,474,1,100000.0,2024-09-13,100000.0,Syiar Qur'an Indonesia,Transfer,11.51293546492023,1,1,Berpotensi Churn,0.99999917,1
DAD-02347,473,1,250000.0,2024-09-14,250000.0,Pulihkan Duka Negeri Palestina,Transfer,12.429220196836383,1,1,Berpotensi Churn,0.9999988,1
DAD-02349,376,3,450000.0,2024-12-20,150000.0,Pulihkan Duka Negeri Palestina,Transfer,13.017005083966255,1,1,Berpotensi Churn,0.99998236,1
DAD-02350,446,2,100000.0,2024-10-11,50000.0,Pulihkan Duka Negeri Palestina,Transfer,11.51293546492023,1,1,Berpotensi Churn,0.9999989,1
DAD-02351,472,1,100000.0,2024-09-15,100000.0,Pulihkan Duka Negeri Palestina,Transfer,11.51293546492023,1,1,Berpotensi Churn,0.99999917,1
DAD-02352,249,5,175000.0,2025-04-26,50000.0,Pulihkan Duka Negeri Palestina,Transfer,12.07254696717504,1,1,Berpotensi Churn,0.9999918,1
DAD-02353,392,2,100000.0,2024-12-04,50000.0,Pulihkan Duka Negeri Palestina,Transfer,11.51293546492023,1,1,Berpotensi Churn,0.9999989,1
DAD-02354,397,3,250000.0,2024-11-29,50000.0,Pulihkan Duka Negeri Palestina,Transfer,12.429220196836383,1,1,Berpotensi Churn,0.999997,1
DAD-02355,278,2,400000.0,2025-03-28,100000.0,Pulihkan Duka Negeri Palestina,Transfer,12.899222326086994,1,1,Berpotensi Churn,0.99999344,1
DAD-02356,469,1,100000.0,2024-09-18,100000.0,Pulihkan Duka Negeri Palestina,Transfer,11.51293546492023,1,1,Berpotensi Churn,0.99999917,1
DAD-02357,280,4,300000.0,2025-03-26,100000.0,Pulihkan Duka Negeri Palestina,Transfer,12.611541086966115,1,1,Berpotensi Churn,0.9999918,1
DAD-02358,12,2,485000.0,2025-12-19,250000.0,Pulihkan Duka Negeri Indonesia,Transfer,13.091906231773164,1,1,Berpotensi Churn,0.99995875,1
DAD-02359,467,1,50000.0,2024-09-20,50000.0,Pulihkan Duka Negeri Palestina,Transfer,10.819798284210286,1,1,Berpotensi Churn,0.9999995,1
DAD-02360,285,4,1000000.0,2025-03-21,100000.0,Pulihkan Duka Negeri Palestina,Transfer,13.815511557963774,1,1,Berpotensi Churn,0.9999672,1
DAD-02361,467,1,100000.0,2024-09-20,100000.0,Pulihkan Duka Negeri Palestina,Transfer,11.51293546492023,1,1,Berpotensi Churn,0.99999917,1
DAD-02362,466,1,100000.0,2024-09-21,100000.0,Pulihkan Duka Negeri Palestina,Transfer,11.51293546492023,1,1,Berpotensi Churn,0.99999917,1
DAD-02363,466,1,200000.0,2024-09-21,200000.0,Pulihkan Duka Negeri Palestina,Transfer,12.206077645517674,1,1,Berpotensi Churn,0.9999989,1
DAD-02364,12,9,180000.0,2025-12-19,50000.0,Pulihkan Duka Negeri Indonesia,Transfer,12.100717685412471,1,1,Berpotensi Churn,0.9999503,1
DAD-02365,138,4,350000.0,2025-08-15,50000.0,Pulihkan Duka Negeri Palestina,Transfer,12.765691290604371,1,1,Berpotensi Churn,0.9999875,1
DAD-02366,466,1,50000.0,2024-09-21,50000.0,Pulihkan Duka Negeri Palestina,Transfer,10.819798284210286,1,1,Berpotensi Churn,0.9999995,1
DAD-02367,464,1,200000.0,2024-09-23,200000.0,Pulihkan Duka Negeri Palestina,Transfer,12.206077645517674,1,1,Berpotensi Churn,0.9999989,1
DAD-02368,463,1,10000.0,2024-09-24,10000.0,Pulihkan Duka Negeri Palestina,Transfer,9.210440366976517,1,1,Berpotensi Churn,0.9999995,1
DAD-02369,457,4,125000.0,2024-09-30,25000.0,Pulihkan Duka Negeri Palestina,Transfer,11.736077016252437,1,1,Berpotensi Churn,0.9999974,1
DAD-02370,462,1,100000.0,2024-09-25,100000.0,Pulihkan Duka Negeri Palestina,Transfer,11.51293546492023,1,1,Berpotensi Churn,0.99999917,1
DAD-02371,103,12,705000.0,2025-09-19,50000.0,Sambung Hidup Dhuafa,Transfer,13.465954500233115,1,1,Berpotensi Churn,0.9998313,1
DAD-02372,382,4,230000.0,2024-12-14,100000.0,Pulihkan Duka Negeri Palestina,Transfer,12.345838935721968,1,1,Berpotensi Churn,0.99999666,1
DAD-02373,460,1,100102.0,2024-09-27,100102.0,Pulihkan Duka Negeri Palestina,Transfer,11.51395493488419,1,1,Berpotensi Churn,0.99999917,1
DAD-02374,404,1,200000.0,2024-11-22,200000.0,Pulihkan Duka Negeri Palestina,Transfer,12.206077645517674,1,1,Berpotensi Churn,0.9999989,1
DAD-02375,404,4,350000.0,2024-11-22,100000.0,Pulihkan Duka Negeri Palestina,Transfer,12.765691290604371,1,1,Berpotensi Churn,0.9999939,1
DAD-02376,458,1,100000.0,2024-09-29,100000.0,Pulihkan Duka Negeri Palestina,Transfer,11.51293546492023,1,1,Berpotensi Churn,0.99999917,1
DAD-02377,334,5,500000.0,2025-01-31,100000.0,Pulihkan Duka Negeri Palestina,Transfer,13.122365377402328,1,1,Berpotensi Churn,0.99997234,1
DAD-02378,457,1,50000.0,2024-09-30,50000.0,Pulihkan Duka Negeri Palestina,Transfer,10.819798284210286,1,1,Berpotensi Churn,0.9999995,1
DAD-02379,375,2,200000.0,2024-12-21,100000.0,Pulihkan Duka Negeri Palestina,Transfer,12.206077645517674,1,1,Berpotensi Churn,0.99999857,1
DAD-02380,457,1,50000.0,2024-09-30,50000.0,Pulihkan Duka Negeri Palestina,Transfer,10.819798284210286,1,1,Berpotensi Churn,0.9999995,1
DAD-02381,457,1,50000.0,2024-09-30,50000.0,Pulihkan Duka Negeri Palestina,Transfer,10.819798284210286,1,1,Berpotensi Churn,0.9999995,1
DAD-02382,117,13,630891.0,2025-09-05,30000.0,Pulihkan Duka Negeri Palestina,Transfer,13.354889969980519,1,1,Berpotensi Churn,0.99972147,1
DAD-02383,456,1,200000.0,2024-10-01,200000.0,Pulihkan Duka Negeri Palestina,Transfer,12.206077645517674,1,1,Berpotensi Churn,0.9999989,1
DAD-02384,456,1,50000.0,2024-10-01,50000.0,Pulihkan Duka Negeri Palestina,Transfer,10.819798284210286,1,1,Berpotensi Churn,0.9999995,1
DAD-02385,456,1,150000.0,2024-10-01,150000.0,Pulihkan Duka Negeri Palestina,Transfer,11.918397239722838,1,1,Berpotensi Churn,0.99999917,1
DAD-02386,456,1,200000.0,2024-10-01,200000.0,Pulihkan Duka Negeri Palestina,Transfer,12.206077645517674,1,1,Berpotensi Churn,0.9999989,1
DAD-02387,456,1,100144.0,2024-10-01,100144.0,Pulihkan Duka Negeri Palestina,Transfer,11.514374414735332,1,1,Berpotensi Churn,0.99999917,1
DAD-02388,369,2,100123.0,2024-12-27,50000.0,Pulihkan Duka Negeri Palestina,Transfer,11.51416469680518,1,1,Berpotensi Churn,0.9999989,1
DAD-02389,341,4,200000.0,2025-01-24,50000.0,Pulihkan Duka Negeri Palestina,Transfer,12.206077645517674,1,1,Berpotensi Churn,0.9999963,1
DAD-02390,456,1,50000.0,2024-10-01,50000.0,Pulihkan Duka Negeri Palestina,Transfer,10.819798284210286,1,1,Berpotensi Churn,0.9999995,1
DAD-02391,392,2,400000.0,2024-12-04,200000.0,Qurban Movement,Transfer,12.899222326086994,1,1,Berpotensi Churn,0.99999607,1
DAD-02392,295,2,550000.0,2025-03-11,300000.0,Pulihkan Duka Negeri Palestina,Transfer,13.217675375388819,1,1,Berpotensi Churn,0.9999789,1
DAD-02393,333,2,300000.0,2025-02-01,150000.0,Pulihkan Duka Negeri Palestina,Transfer,12.611541086966115,1,1,Berpotensi Churn,0.99999774,1
DAD-02394,455,1,100000.0,2024-10-02,100000.0,Pulihkan Duka Negeri Palestina,Transfer,11.51293546492023,1,1,Berpotensi Churn,0.99999917,1
DAD-02395,455,1,150000.0,2024-10-02,150000.0,Pulihkan Duka Negeri Palestina,Transfer,11.918397239722838,1,1,Berpotensi Churn,0.99999917,1
DAD-02396,439,2,100000.0,2024-10-18,50000.0,Pulihkan Duka Negeri Palestina,Transfer,11.51293546492023,1,1,Berpotensi Churn,0.9999989,1
DAD-02397,455,1,100000.0,2024-10-02,100000.0,Pulihkan Duka Negeri Palestina,Transfer,11.51293546492023,1,1,Berpotensi Churn,0.99999917,1
DAD-02398,455,1,55000.0,2024-10-02,55000.0,Pulihkan Duka Negeri Palestina,Transfer,10.915106645867503,1,1,Berpotensi Churn,0.9999993,1
DAD-02399,341,3,300000.0,2025-01-24,100000.0,Pulihkan Duka Negeri Palestina,Transfer,12.611541086966115,1,1,Berpotensi Churn,0.99999547,1
DAD-02400,358,4,400000.0,2025-01-07,100000.0,Pulihkan Duka Negeri Palestina,Transfer,12.899222326086994,1,1,Berpotensi Churn,0.99998975,1
DAD-02401,320,6,350000.0,2025-02-14,100000.0,Pulihkan Duka Negeri Palestina,Transfer,12.765691290604371,1,1,Berpotensi Churn,0.99998736,1
DAD-02402,131,9,1250000.0,2025-08-22,50000.0,Pulihkan Duka Negeri Palestina,Transfer,14.038654909278163,1,1,Berpotensi Churn,0.9996093,1
DAD-02403,453,1,50129.0,2024-10-04,50129.0,Pulihkan Duka Negeri Palestina,Transfer,10.82237491025755,1,1,Berpotensi Churn,0.9999993,1
DAD-02404,453,1,50000.0,2024-10-04,50000.0,Wakaf Movement,Transfer,10.819798284210286,1,1,Berpotensi Churn,0.9999995,1
DAD-02405,124,8,223000.0,2025-08-29,50000.0,Wakaf Movement,Transfer,12.314931534737134,1,1,Berpotensi Churn,0.9999732,1
DAD-02406,453,1,50000.0,2024-10-04,50000.0,Pulihkan Duka Negeri Palestina,Transfer,10.819798284210286,1,1,Berpotensi Churn,0.9999995,1
DAD-02407,453,1,50000.0,2024-10-04,50000.0,Pulihkan Duka Negeri Palestina,Transfer,10.819798284210286,1,1,Berpotensi Churn,0.9999995,1
DAD-02408,453,1,250000.0,2024-10-04,250000.0,Pulihkan Duka Negeri Palestina,Transfer,12.429220196836383,1,1,Berpotensi Churn,0.9999988,1
DAD-02409,453,1,110000.0,2024-10-04,110000.0,Pulihkan Duka Negeri Palestina,Transfer,11.608244735642321,1,1,Berpotensi Churn,0.99999917,1
DAD-02410,277,6,600000.0,2025-03-29,100000.0,Pulihkan Duka Negeri Palestina,Transfer,13.304686600863562,1,1,Berpotensi Churn,0.9999031,1
DAD-02412,243,4,750000.0,2025-05-02,200000.0,Pulihkan Duka Negeri Palestina,Transfer,13.527829818844937,1,1,Berpotensi Churn,0.999962,1
DAD-02413,453,1,50000.0,2024-10-04,50000.0,Pulihkan Duka Negeri Palestina,Transfer,10.819798284210286,1,1,Berpotensi Churn,0.9999995,1
DAD-02414,142,5,225000.0,2025-08-11,25000.0,Pulihkan Duka Negeri Palestina,Transfer,12.323860125621126,1,1,Berpotensi Churn,0.9999906,1
DAD-02415,453,1,100000.0,2024-10-04,100000.0,Pulihkan Duka Negeri Palestina,Transfer,11.51293546492023,1,1,Berpotensi Churn,0.99999917,1
DAD-02416,452,1,100000.0,2024-10-05,100000.0,Pulihkan Duka Negeri Palestina,Transfer,11.51293546492023,1,1,Berpotensi Churn,0.99999917,1
DAD-02417,452,1,100000.0,2024-10-05,100000.0,Pulihkan Duka Negeri Palestina,Transfer,11.51293546492023,1,1,Berpotensi Churn,0.99999917,1
DAD-02418,382,4,450000.0,2024-12-14,150000.0,Pulihkan Duka Negeri Palestina,Transfer,13.017005083966255,1,1,Berpotensi Churn,0.99998164,1
DAD-02419,450,1,100000.0,2024-10-07,100000.0,Pulihkan Duka Negeri Palestina,Transfer,11.51293546492023,1,1,Berpotensi Churn,0.99999917,1
DAD-02420,390,2,150000.0,2024-12-06,50000.0,Pulihkan Duka Negeri Palestina,Transfer,11.918397239722838,1,1,Berpotensi Churn,0.9999989,1
DAD-02421,450,1,50000.0,2024-10-07,50000.0,Pulihkan Duka Negeri Palestina,Transfer,10.819798284210286,1,1,Berpotensi Churn,0.9999995,1
DAD-02422,397,4,1200000.0,2024-11-29,300000.0,Pulihkan Duka Negeri Palestina,Transfer,13.997832948091215,1,1,Berpotensi Churn,0.9998004,1
DAD-02423,450,1,100000.0,2024-10-07,100000.0,Pulihkan Duka Negeri Palestina,Transfer,11.51293546492023,1,1,Berpotensi Churn,0.99999917,1
DAD-02424,449,1,50000.0,2024-10-08,50000.0,Pulihkan Duka Negeri Palestina,Transfer,10.819798284210286,1,1,Berpotensi Churn,0.9999995,1
DAD-02425,12,19,950000.0,2025-12-19,50000.0,Pulihkan Duka Negeri Palestina,Transfer,13.76421831620775,1,1,Berpotensi Churn,0.9015167,1
DAD-02426,449,1,100000.0,2024-10-08,100000.0,Pulihkan Duka Negeri Palestina,Transfer,11.51293546492023,1,1,Berpotensi Churn,0.99999917,1
DAD-02427,449,1,100000.0,2024-10-08,100000.0,Pulihkan Duka Negeri Palestina,Transfer,11.51293546492023,1,1,Berpotensi Churn,0.99999917,1
DAD-02428,449,1,100000.0,2024-10-08,100000.0,Pulihkan Duka Negeri Palestina,Transfer,11.51293546492023,1,1,Berpotensi Churn,0.99999917,1
DAD-02429,449,1,150000.0,2024-10-08,150000.0,Pulihkan Duka Negeri Palestina,Transfer,11.918397239722838,1,1,Berpotensi Churn,0.99999917,1
DAD-02430,431,2,200000.0,2024-10-26,100000.0,Pulihkan Duka Negeri Palestina,Transfer,12.206077645517674,1,1,Berpotensi Churn,0.9999987,1
DAD-02431,449,1,13000.0,2024-10-08,13000.0,Pulihkan Duka Negeri Palestina,Transfer,9.472781556562168,1,1,Berpotensi Churn,0.9999995,1
DAD-02434,447,1,25000.0,2024-10-10,25000.0,Pulihkan Duka Negeri Palestina,Transfer,10.12667110305036,1,1,Berpotensi Churn,0.9999995,1
DAD-02435,447,1,200093.0,2024-10-10,200093.0,Pulihkan Duka Negeri Palestina,Transfer,12.20654253511477,1,1,Berpotensi Churn,0.9999989,1
DAD-02436,387,5,500000.0,2024-12-09,100000.0,Pulihkan Duka Negeri Palestina,Transfer,13.122365377402328,1,1,Berpotensi Churn,0.99997663,1
DAD-02437,306,3,350000.0,2025-02-28,150000.0,Pulihkan Duka Negeri Palestina,Transfer,12.765691290604371,1,1,Berpotensi Churn,0.9999932,1
DAD-02438,447,1,50000.0,2024-10-10,50000.0,Pulihkan Duka Negeri Palestina,Transfer,10.819798284210286,1,1,Berpotensi Churn,0.9999995,1
DAD-02439,447,1,100098.0,2024-10-10,100098.0,Pulihkan Duka Negeri Palestina,Transfer,11.513914975243422,1,1,Berpotensi Churn,0.99999917,1
DAD-02440,447,1,50000.0,2024-10-10,50000.0,Pulihkan Duka Negeri Palestina,Transfer,10.819798284210286,1,1,Berpotensi Churn,0.9999995,1
DAD-02442,285,2,150000.0,2025-03-21,50000.0,Pulihkan Duka Negeri Palestina,Transfer,11.918397239722838,1,1,Berpotensi Churn,0.9999981,1
DAD-02443,446,1,50000.0,2024-10-11,50000.0,Pulihkan Duka Negeri Palestina,Transfer,10.819798284210286,1,1,Berpotensi Churn,0.9999995,1
DAD-02444,13,7,350000.0,2025-12-18,50000.0,Pulihkan Duka Negeri Palestina,Transfer,12.765691290604371,1,1,Berpotensi Churn,0.99993277,1
DAD-02445,414,2,100000.0,2024-11-12,50000.0,Pulihkan Duka Negeri Palestina,Transfer,11.51293546492023,1,1,Berpotensi Churn,0.9999989,1
DAD-02446,392,4,600000.0,2024-12-04,100000.0,Pulihkan Duka Negeri Palestina,Transfer,13.304686600863562,1,1,Berpotensi Churn,0.9999523,1
DAD-02447,445,1,100000.0,2024-10-12,100000.0,Pulihkan Duka Negeri Palestina,Transfer,11.51293546492023,1,1,Berpotensi Churn,0.99999917,1
DAD-02448,444,1,50000.0,2024-10-13,50000.0,Pulihkan Duka Negeri Palestina,Transfer,10.819798284210286,1,1,Berpotensi Churn,0.9999995,1
DAD-02450,116,9,850000.0,2025-09-06,50000.0,Pulihkan Duka Negeri Palestina,Transfer,13.652992804936396,1,1,Berpotensi Churn,0.9998841,1
DAD-02451,443,1,100000.0,2024-10-14,100000.0,Pulihkan Duka Negeri Palestina,Cash,11.51293546492023,1,1,Berpotensi Churn,0.99999917,1
DAD-02452,443,1,100000.0,2024-10-14,100000.0,Pulihkan Duka Negeri Palestina,Cash,11.51293546492023,1,1,Berpotensi Churn,0.99999917,1
DAD-02453,442,1,200000.0,2024-10-15,200000.0,Pulihkan Duka Negeri Palestina,Transfer,12.206077645517674,1,1,Berpotensi Churn,0.9999989,1
DAD-02454,442,1,200000.0,2024-10-15,200000.0,Pulihkan Duka Negeri Palestina,Transfer,12.206077645517674,1,1,Berpotensi Churn,0.9999989,1
DAD-02455,145,4,950000.0,2025-08-08,300000.0,Pulihkan Duka Negeri Palestina,Transfer,13.76421831620775,1,1,Berpotensi Churn,0.9999778,1
DAD-02456,441,1,150000.0,2024-10-16,150000.0,Pulihkan Duka Negeri Palestina,Transfer,11.918397239722838,1,1,Berpotensi Churn,0.99999917,1
DAD-02457,441,1,100000.0,2024-10-16,100000.0,Pulihkan Duka Negeri Palestina,Transfer,11.51293546492023,1,1,Berpotensi Churn,0.99999917,1
DAD-02458,441,1,100000.0,2024-10-16,100000.0,Pulihkan Duka Negeri Palestina,Transfer,11.51293546492023,1,1,Berpotensi Churn,0.99999917,1
DAD-02459,26,5,1000000.0,2025-12-05,200000.0,Pulihkan Duka Negeri Palestina,Transfer,13.815511557963774,1,1,Berpotensi Churn,0.9999131,1
DAD-02460,440,1,50500.0,2024-10-17,50500.0,Pulihkan Duka Negeri Palestina,Transfer,10.829748417047593,1,1,Berpotensi Churn,0.9999993,1
DAD-02461,155,6,600792.0,2025-07-29,100132.0,Pulihkan Duka Negeri Palestina,Transfer,13.306005728232362,1,1,Berpotensi Churn,0.99994135,1
DAD-02462,194,6,601290.0,2025-06-20,100258.0,Pulihkan Duka Negeri Palestina,Transfer,13.30683428934538,1,1,Berpotensi Churn,0.9999206,1
DAD-02463,439,2,402500.0,2024-10-18,200000.0,Pulihkan Duka Negeri Palestina,Transfer,12.905452860309719,1,1,Berpotensi Churn,0.9999962,1
DAD-02464,439,1,50000.0,2024-10-18,50000.0,Pulihkan Duka Negeri Palestina,Transfer,10.819798284210286,1,1,Berpotensi Churn,0.9999995,1
DAD-02465,237,4,405500.0,2025-05-08,100000.0,Pulihkan Duka Negeri Palestina,Transfer,12.91287861862581,1,1,Berpotensi Churn,0.99998343,1
DAD-02466,439,1,30000.0,2024-10-18,30000.0,Pulihkan Duka Negeri Palestina,Transfer,10.308985993422082,1,1,Berpotensi Churn,0.9999995,1
DAD-02467,439,1,50000.0,2024-10-18,50000.0,Pulihkan Duka Negeri Palestina,Transfer,10.819798284210286,1,1,Berpotensi Churn,0.9999995,1
DAD-02468,439,1,200000.0,2024-10-18,200000.0,Pulihkan Duka Negeri Palestina,Transfer,12.206077645517674,1,1,Berpotensi Churn,0.9999989,1
DAD-02469,242,2,151398.0,2025-05-03,100898.0,Pulihkan Duka Negeri Palestina,Transfer,11.927674014943857,1,1,Berpotensi Churn,0.99999785,1
DAD-02470,437,1,150274.0,2024-10-20,150274.0,Pulihkan Duka Negeri Palestina,Transfer,11.920222227907363,1,1,Berpotensi Churn,0.99999917,1
DAD-02471,437,1,250000.0,2024-10-20,250000.0,Pulihkan Duka Negeri Palestina,Transfer,12.429220196836383,1,1,Berpotensi Churn,0.9999988,1
DAD-02473,435,1,300000.0,2024-10-22,300000.0,Pulihkan Duka Negeri Palestina,Transfer,12.611541086966115,1,1,Berpotensi Churn,0.99999857,1
DAD-02474,435,1,50000.0,2024-10-22,50000.0,Pulihkan Duka Negeri Palestina,Transfer,10.819798284210286,1,1,Berpotensi Churn,0.9999995,1
DAD-02475,12,10,1645000.0,2025-12-19,100000.0,Pulihkan Duka Negeri Palestina,Transfer,14.31325155008416,1,1,Berpotensi Churn,0.99908674,1
DAD-02476,413,3,275000.0,2024-11-13,100000.0,Pulihkan Duka Negeri Palestina,Transfer,12.524530013005734,1,1,Berpotensi Churn,0.9999958,1
DAD-02478,432,1,100000.0,2024-10-25,100000.0,Pulihkan Duka Negeri Palestina,Transfer,11.51293546492023,1,1,Berpotensi Churn,0.99999917,1
DAD-02479,432,1,100000.0,2024-10-25,100000.0,Pulihkan Duka Negeri Palestina,Transfer,11.51293546492023,1,1,Berpotensi Churn,0.99999917,1
DAD-02480,432,1,110000.0,2024-10-25,110000.0,Pulihkan Duka Negeri Palestina,Transfer,11.608244735642321,1,1,Berpotensi Churn,0.99999917,1
DAD-02481,432,1,50242.0,2024-10-25,50242.0,Pulihkan Duka Negeri Palestina,Transfer,10.824626512735104,1,1,Berpotensi Churn,0.9999993,1
DAD-02482,432,1,114000.0,2024-10-25,114000.0,Pulihkan Duka Negeri Palestina,Transfer,11.643962499267984,1,1,Berpotensi Churn,0.99999917,1
DAD-02483,432,1,100000.0,2024-10-25,100000.0,Qurban Movement,Transfer,11.51293546492023,1,1,Berpotensi Churn,0.99999917,1
DAD-02484,428,1,100000.0,2024-10-29,100000.0,Pulihkan Duka Negeri Palestina,Transfer,11.51293546492023,1,1,Berpotensi Churn,0.99999917,1
DAD-02485,376,2,350000.0,2024-12-20,150000.0,Pulihkan Duka Negeri Palestina,Transfer,12.765691290604371,1,1,Berpotensi Churn,0.99999726,1
DAD-02486,428,1,50500.0,2024-10-29,50500.0,Pulihkan Duka Negeri Palestina,Transfer,10.829748417047593,1,1,Berpotensi Churn,0.9999993,1
DAD-02488,428,1,100000.0,2024-10-29,100000.0,Pulihkan Duka Negeri Palestina,Transfer,11.51293546492023,1,1,Berpotensi Churn,0.99999917,1
DAD-02489,391,3,300000.0,2024-12-05,100000.0,Pulihkan Duka Negeri Palestina,Transfer,12.611541086966115,1,1,Berpotensi Churn,0.9999963,1
DAD-02490,427,1,102500.0,2024-10-30,102500.0,Pulihkan Duka Negeri Palestina,Transfer,11.537627833610571,1,1,Berpotensi Churn,0.99999917,1
DAD-02491,418,2,101450.0,2024-11-08,50250.0,Pulihkan Duka Negeri Palestina,Transfer,11.52733120227783,1,1,Berpotensi Churn,0.9999989,1
DAD-02492,426,1,50000.0,2024-10-31,50000.0,Pulihkan Duka Negeri Palestina,Transfer,10.819798284210286,1,1,Berpotensi Churn,0.9999995,1
DAD-02493,426,1,50000.0,2024-10-31,50000.0,Pulihkan Duka Negeri Palestina,Transfer,10.819798284210286,1,1,Berpotensi Churn,0.9999995,1
DAD-02494,425,2,300000.0,2024-11-01,150000.0,Pulihkan Duka Negeri Palestina,Transfer,12.611541086966115,1,1,Berpotensi Churn,0.9999982,1
DAD-02495,30,4,800000.0,2025-12-01,300000.0,Pulihkan Duka Negeri Indonesia,Transfer,13.592368256649284,1,1,Berpotensi Churn,0.9999126,1
DAD-02497,369,1,300000.0,2024-12-27,300000.0,Wakaf Pembangunan Masjid,Transfer,12.611541086966115,1,1,Berpotensi Churn,0.99999845,1
DAD-02498,18,6,1500000.0,2025-12-13,250000.0,Pulihkan Duka Negeri Palestina,Transfer,14.220976332738882,1,1,Berpotensi Churn,0.99926096,1
DAD-02499,425,1,100000.0,2024-11-01,100000.0,Wali Asuh Santri,Transfer,11.51293546492023,1,1,Berpotensi Churn,0.99999917,1
DAD-02500,425,1,50000.0,2024-11-01,50000.0,Pulihkan Duka Negeri Palestina,Transfer,10.819798284210286,1,1,Berpotensi Churn,0.9999995,1
DAD-02501,299,2,200000.0,2025-03-07,100000.0,Pulihkan Duka Negeri Palestina,Transfer,12.206077645517674,1,1,Berpotensi Churn,0.99999833,1
DAD-02502,425,1,200000.0,2024-11-01,200000.0,Wali Asuh Santri,Transfer,12.206077645517674,1,1,Berpotensi Churn,0.9999989,1
DAD-02503,425,1,100000.0,2024-11-01,100000.0,Pulihkan Duka Negeri Palestina,Transfer,11.51293546492023,1,1,Berpotensi Churn,0.99999917,1
DAD-02504,418,2,72500.0,2024-11-08,25000.0,Pulihkan Duka Negeri Palestina,Transfer,11.19135563385109,1,1,Berpotensi Churn,0.99999905,1
DAD-02505,425,1,200000.0,2024-11-01,200000.0,Pulihkan Duka Negeri Palestina,Transfer,12.206077645517674,1,1,Berpotensi Churn,0.9999989,1
DAD-02506,334,3,150000.0,2025-01-31,50000.0,Pulihkan Duka Negeri Palestina,Transfer,11.918397239722838,1,1,Berpotensi Churn,0.99999714,1
DAD-02508,423,1,50000.0,2024-11-03,50000.0,Pulihkan Duka Negeri Palestina,Transfer,10.819798284210286,1,1,Berpotensi Churn,0.9999995,1
DAD-02509,423,1,100000.0,2024-11-03,100000.0,Pulihkan Duka Negeri Palestina,Transfer,11.51293546492023,1,1,Berpotensi Churn,0.99999917,1
DAD-02510,360,3,300000.0,2025-01-05,100000.0,Pulihkan Duka Negeri Palestina,Transfer,12.611541086966115,1,1,Berpotensi Churn,0.99999547,1
DAD-02511,14,6,380000.0,2025-12-17,50000.0,Pulihkan Duka Negeri Palestina,Transfer,12.847929163278053,1,1,Berpotensi Churn,0.9999237,1
DAD-02512,279,2,180000.0,2025-03-27,80000.0,Pulihkan Duka Negeri Palestina,Transfer,12.100717685412471,1,1,Berpotensi Churn,0.99999774,1
DAD-02513,422,1,50000.0,2024-11-04,50000.0,Pulihkan Duka Negeri Palestina,Transfer,10.819798284210286,1,1,Berpotensi Churn,0.9999995,1
DAD-02514,158,3,800000.0,2025-07-26,200000.0,Pulihkan Duka Negeri Palestina,Transfer,13.592368256649284,1,1,Berpotensi Churn,0.999974,1
DAD-02515,421,1,100000.0,2024-11-05,100000.0,Pulihkan Duka Negeri Palestina,Transfer,11.51293546492023,1,1,Berpotensi Churn,0.99999917,1
DAD-02516,413,3,250000.0,2024-11-13,50000.0,Pulihkan Duka Negeri Palestina,Transfer,12.429220196836383,1,1,Berpotensi Churn,0.99999726,1
DAD-02517,419,1,100000.0,2024-11-07,100000.0,Pulihkan Duka Negeri Palestina,Transfer,11.51293546492023,1,1,Berpotensi Churn,0.99999917,1
DAD-02518,418,1,300000.0,2024-11-08,300000.0,Pulihkan Duka Negeri Palestina,Transfer,12.611541086966115,1,1,Berpotensi Churn,0.99999857,1
DAD-02519,418,1,100000.0,2024-11-08,100000.0,Pulihkan Duka Negeri Palestina,Transfer,11.51293546492023,1,1,Berpotensi Churn,0.99999917,1
DAD-02520,31,10,1450000.0,2025-11-30,300000.0,Pulihkan Duka Negeri Palestina,Transfer,14.187074804051692,1,1,Berpotensi Churn,0.99893636,1
DAD-02521,418,1,50000.0,2024-11-08,50000.0,Pulihkan Duka Negeri Palestina,Transfer,10.819798284210286,1,1,Berpotensi Churn,0.9999995,1
DAD-02522,418,1,50000.0,2024-11-08,50000.0,Pulihkan Duka Negeri Palestina,Transfer,10.819798284210286,1,1,Berpotensi Churn,0.9999995,1
DAD-02523,418,1,50000.0,2024-11-08,50000.0,Pulihkan Duka Negeri Palestina,Transfer,10.819798284210286,1,1,Berpotensi Churn,0.9999995,1
DAD-02524,103,5,400000.0,2025-09-19,100000.0,Pulihkan Duka Negeri Palestina,Transfer,12.899222326086994,1,1,Berpotensi Churn,0.99993587,1
DAD-02525,361,2,100000.0,2025-01-04,50000.0,Pulihkan Duka Negeri Palestina,Transfer,11.51293546492023,1,1,Berpotensi Churn,0.9999987,1
DAD-02526,285,3,300000.0,2025-03-21,100000.0,Pulihkan Duka Negeri Palestina,Transfer,12.611541086966115,1,1,Berpotensi Churn,0.99999297,1
DAD-02527,418,1,30090.0,2024-11-08,30090.0,Pulihkan Duka Negeri Palestina,Transfer,10.311981402704301,1,1,Berpotensi Churn,0.9999995,1
DAD-02528,418,1,100000.0,2024-11-08,100000.0,Pulihkan Duka Negeri Palestina,Transfer,11.51293546492023,1,1,Berpotensi Churn,0.99999917,1
DAD-02530,416,1,100000.0,2024-11-10,100000.0,Pulihkan Duka Negeri Palestina,Transfer,11.51293546492023,1,1,Berpotensi Churn,0.99999917,1
DAD-02531,415,1,100000.0,2024-11-11,100000.0,Pulihkan Duka Negeri Palestina,Transfer,11.51293546492023,1,1,Berpotensi Churn,0.99999917,1
DAD-02532,415,1,50229.0,2024-11-11,50229.0,Pulihkan Duka Negeri Palestina,Transfer,10.82436773674409,1,1,Berpotensi Churn,0.9999993,1
DAD-02533,415,1,50229.0,2024-11-11,50229.0,Pulihkan Duka Negeri Palestina,Transfer,10.82436773674409,1,1,Berpotensi Churn,0.9999993,1
DAD-02535,415,1,100000.0,2024-11-11,100000.0,Pulihkan Duka Negeri Palestina,Transfer,11.51293546492023,1,1,Berpotensi Churn,0.99999917,1
DAD-02536,257,6,650000.0,2025-04-18,150000.0,Pulihkan Duka Negeri Palestina,Transfer,13.384729180332174,1,1,Berpotensi Churn,0.99991775,1
DAD-02537,390,4,400000.0,2024-12-06,100000.0,Pulihkan Duka Negeri Palestina,Transfer,12.899222326086994,1,1,Berpotensi Churn,0.99999154,1
DAD-02538,413,1,300000.0,2024-11-13,300000.0,Pulihkan Duka Negeri Palestina,Transfer,12.611541086966115,1,1,Berpotensi Churn,0.99999857,1
DAD-02539,413,1,200000.0,2024-11-13,200000.0,Pulihkan Duka Negeri Palestina,Transfer,12.206077645517674,1,1,Berpotensi Churn,0.9999989,1
DAD-02540,413,1,50000.0,2024-11-13,50000.0,Pulihkan Duka Negeri Palestina,Transfer,10.819798284210286,1,1,Berpotensi Churn,0.9999995,1
DAD-02541,413,1,300000.0,2024-11-13,300000.0,Pulihkan Duka Negeri Palestina,Transfer,12.611541086966115,1,1,Berpotensi Churn,0.99999857,1
DAD-02542,299,2,250000.0,2025-03-07,150000.0,Pulihkan Duka Negeri Palestina,Transfer,12.429220196836383,1,1,Berpotensi Churn,0.9999981,1
DAD-02543,29,7,680000.0,2025-12-02,100000.0,Pulihkan Duka Negeri Palestina,Transfer,13.429849547739444,1,1,Berpotensi Churn,0.99984515,1
DAD-02544,413,1,100000.0,2024-11-13,100000.0,Pulihkan Duka Negeri Palestina,Transfer,11.51293546492023,1,1,Berpotensi Churn,0.99999917,1
DAD-02545,412,1,100132.0,2024-11-14,100132.0,Pulihkan Duka Negeri Palestina,Transfer,11.514254581303659,1,1,Berpotensi Churn,0.99999917,1
DAD-02546,411,1,100000.0,2024-11-15,100000.0,Pulihkan Duka Negeri Palestina,Transfer,11.51293546492023,1,1,Berpotensi Churn,0.99999917,1
DAD-02547,411,1,50000.0,2024-11-15,50000.0,Pulihkan Duka Negeri Palestina,Transfer,10.819798284210286,1,1,Berpotensi Churn,0.9999995,1
DAD-02548,411,1,50000.0,2024-11-15,50000.0,Pulihkan Duka Negeri Palestina,Transfer,10.819798284210286,1,1,Berpotensi Churn,0.9999995,1
DAD-02549,122,6,400196.0,2025-08-31,50000.0,Pulihkan Duka Negeri Palestina,Transfer,12.899712204851799,1,1,Berpotensi Churn,0.9999343,1
DAD-02550,411,1,50000.0,2024-11-15,50000.0,Pulihkan Duka Negeri Palestina,Transfer,10.819798284210286,1,1,Berpotensi Churn,0.9999995,1
DAD-02551,411,1,25000.0,2024-11-15,25000.0,Pulihkan Duka Negeri Palestina,Transfer,10.12667110305036,1,1,Berpotensi Churn,0.9999995,1
DAD-02552,334,2,65000.0,2025-01-31,30000.0,Pulihkan Duka Negeri Palestina,Transfer,11.082157933374816,1,1,Berpotensi Churn,0.9999988,1
DAD-02553,411,1,200000.0,2024-11-15,200000.0,Pulihkan Duka Negeri Palestina,Transfer,12.206077645517674,1,1,Berpotensi Churn,0.9999989,1
DAD-02554,411,1,35000.0,2024-11-15,35000.0,Pulihkan Duka Negeri Palestina,Transfer,10.463131911491967,1,1,Berpotensi Churn,0.9999995,1
DAD-02555,30,2,350000.0,2025-12-01,250000.0,Pulihkan Duka Negeri Indonesia,Transfer,12.765691290604371,1,1,Berpotensi Churn,0.9999839,1
DAD-02556,411,1,300000.0,2024-11-15,300000.0,Pulihkan Duka Negeri Palestina,Transfer,12.611541086966115,1,1,Berpotensi Churn,0.99999857,1
DAD-02557,411,1,100203.0,2024-11-15,100203.0,Pulihkan Duka Negeri Palestina,Transfer,11.514963386995793,1,1,Berpotensi Churn,0.99999917,1
DAD-02558,411,1,30000.0,2024-11-15,30000.0,Pulihkan Duka Negeri Palestina,Transfer,10.308985993422082,1,1,Berpotensi Churn,0.9999995,1
DAD-02559,124,2,150000.0,2025-08-29,100000.0,Pulihkan Duka Negeri Palestina,Transfer,11.918397239722838,1,1,Berpotensi Churn,0.9999957,1
DAD-02560,129,3,245000.0,2025-08-24,100000.0,Pulihkan Duka Negeri Palestina,Transfer,12.409017571151187,1,1,Berpotensi Churn,0.99998593,1
DAD-02561,222,3,150000.0,2025-05-23,50000.0,Pulihkan Duka Negeri Palestina,Transfer,11.918397239722838,1,1,Berpotensi Churn,0.99999535,1
DAD-02562,411,1,50000.0,2024-11-15,50000.0,Pulihkan Duka Negeri Palestina,Transfer,10.819798284210286,1,1,Berpotensi Churn,0.9999995,1
DAD-02563,411,1,50000.0,2024-11-15,50000.0,Pulihkan Duka Negeri Palestina,Transfer,10.819798284210286,1,1,Berpotensi Churn,0.9999995,1
DAD-02564,411,1,30000.0,2024-11-15,30000.0,Pulihkan Duka Negeri Palestina,Transfer,10.308985993422082,1,1,Berpotensi Churn,0.9999995,1
DAD-02565,411,1,50000.0,2024-11-15,50000.0,Pulihkan Duka Negeri Palestina,Transfer,10.819798284210286,1,1,Berpotensi Churn,0.9999995,1
DAD-02566,411,1,50000.0,2024-11-15,50000.0,Pulihkan Duka Negeri Palestina,Transfer,10.819798284210286,1,1,Berpotensi Churn,0.9999995,1
DAD-02567,292,2,80000.0,2025-03-14,50000.0,Pulihkan Duka Negeri Palestina,Transfer,11.289794413577894,1,1,Berpotensi Churn,0.99999857,1
DAD-02568,411,1,100000.0,2024-11-15,100000.0,Pulihkan Duka Negeri Palestina,Transfer,11.51293546492023,1,1,Berpotensi Churn,0.99999917,1
DAD-02569,411,1,100000.0,2024-11-15,100000.0,Pulihkan Duka Negeri Palestina,Transfer,11.51293546492023,1,1,Berpotensi Churn,0.99999917,1
DAD-02570,411,1,200000.0,2024-11-15,200000.0,Pulihkan Duka Negeri Palestina,Transfer,12.206077645517674,1,1,Berpotensi Churn,0.9999989,1
DAD-02571,285,3,350000.0,2025-03-21,100000.0,Syiar Qur'an Indonesia,Transfer,12.765691290604371,1,1,Berpotensi Churn,0.99999034,1
DAD-02572,410,1,50000.0,2024-11-16,50000.0,Pulihkan Duka Negeri Palestina,Transfer,10.819798284210286,1,1,Berpotensi Churn,0.9999995,1
DAD-02573,410,1,35000.0,2024-11-16,35000.0,Pulihkan Duka Negeri Palestina,Transfer,10.463131911491967,1,1,Berpotensi Churn,0.9999995,1
DAD-02574,410,1,100000.0,2024-11-16,100000.0,Pulihkan Duka Negeri Palestina,Transfer,11.51293546492023,1,1,Berpotensi Churn,0.99999917,1
DAD-02575,410,1,50000.0,2024-11-16,50000.0,Pulihkan Duka Negeri Palestina,Transfer,10.819798284210286,1,1,Berpotensi Churn,0.9999995,1
DAD-02576,410,1,100000.0,2024-11-16,100000.0,Pulihkan Duka Negeri Palestina,Transfer,11.51293546492023,1,1,Berpotensi Churn,0.99999917,1
DAD-02577,410,1,50000.0,2024-11-16,50000.0,Pulihkan Duka Negeri Palestina,Transfer,10.819798284210286,1,1,Berpotensi Churn,0.9999995,1
DAD-02578,327,2,250000.0,2025-02-07,100000.0,Pulihkan Duka Negeri Palestina,Transfer,12.429220196836383,1,1,Berpotensi Churn,0.9999982,1
DAD-02579,410,1,100000.0,2024-11-16,100000.0,Pulihkan Duka Negeri Palestina,Transfer,11.51293546492023,1,1,Berpotensi Churn,0.99999917,1
DAD-02580,147,7,770000.0,2025-08-06,100000.0,Pulihkan Duka Negeri Palestina,Transfer,13.554147092530322,1,1,Berpotensi Churn,0.99996555,1
DAD-02581,303,4,500000.0,2025-03-03,150000.0,Pulihkan Duka Negeri Palestina,Transfer,13.122365377402328,1,1,Berpotensi Churn,0.9999776,1
DAD-02582,410,1,50000.0,2024-11-16,50000.0,Pulihkan Duka Negeri Palestina,Transfer,10.819798284210286,1,1,Berpotensi Churn,0.9999995,1
DAD-02583,291,2,70000.0,2025-03-15,20000.0,Pulihkan Duka Negeri Palestina,Transfer,11.156264806643742,1,1,Berpotensi Churn,0.99999857,1
DAD-02584,410,1,100000.0,2024-11-16,100000.0,Pulihkan Duka Negeri Palestina,Transfer,11.51293546492023,1,1,Berpotensi Churn,0.99999917,1
DAD-02585,410,1,100000.0,2024-11-16,100000.0,Pulihkan Duka Negeri Palestina,Transfer,11.51293546492023,1,1,Berpotensi Churn,0.99999917,1
DAD-02586,124,5,1250000.0,2025-08-29,200000.0,Pulihkan Duka Negeri Palestina,Transfer,14.038654909278163,1,1,Berpotensi Churn,0.9995846,1
DAD-02587,292,2,140000.0,2025-03-14,100000.0,Pulihkan Duka Negeri Palestina,Transfer,11.849404844423074,1,1,Berpotensi Churn,0.99999833,1
DAD-02588,264,3,800000.0,2025-04-11,300000.0,Pulihkan Duka Negeri Palestina,Transfer,13.592368256649284,1,1,Berpotensi Churn,0.99996316,1
DAD-02589,410,1,100000.0,2024-11-16,100000.0,Pulihkan Duka Negeri Palestina,Transfer,11.51293546492023,1,1,Berpotensi Churn,0.99999917,1
DAD-02590,285,2,200000.0,2025-03-21,100000.0,Pulihkan Duka Negeri Palestina,Transfer,12.206077645517674,1,1,Berpotensi Churn,0.99999774,1
DAD-02591,410,1,20000.0,2024-11-16,20000.0,Pulihkan Duka Negeri Palestina,Transfer,9.90353755128617,1,1,Berpotensi Churn,0.9999995,1
DAD-02592,409,1,110000.0,2024-11-17,110000.0,Pulihkan Duka Negeri Palestina,Transfer,11.608244735642321,1,1,Berpotensi Churn,0.99999917,1
DAD-02593,409,1,50000.0,2024-11-17,50000.0,Pulihkan Duka Negeri Palestina,Transfer,10.819798284210286,1,1,Berpotensi Churn,0.9999995,1
DAD-02594,409,1,100000.0,2024-11-17,100000.0,Pulihkan Duka Negeri Palestina,Transfer,11.51293546492023,1,1,Berpotensi Churn,0.99999917,1
DAD-02595,11,3,250000.0,2025-12-20,100000.0,Pulihkan Duka Negeri Indonesia,Transfer,12.429220196836383,1,1,Berpotensi Churn,0.99997425,1
DAD-02597,295,2,120000.0,2025-03-11,100000.0,Pulihkan Duka Negeri Palestina,Transfer,11.695255355062795,1,1,Berpotensi Churn,0.99999845,1
DAD-02598,408,1,30000.0,2024-11-18,30000.0,Pulihkan Duka Negeri Palestina,Transfer,10.308985993422082,1,1,Berpotensi Churn,0.9999995,1
DAD-02599,408,1,50000.0,2024-11-18,50000.0,Pulihkan Duka Negeri Palestina,Transfer,10.819798284210286,1,1,Berpotensi Churn,0.9999995,1
DAD-02600,278,3,90000.0,2025-03-28,30000.0,Sambung Hidup Dhuafa,Transfer,11.407576060361786,1,1,Berpotensi Churn,0.9999964,1
DAD-02601,408,1,20000.0,2024-11-18,20000.0,Pulihkan Duka Negeri Palestina,Transfer,9.90353755128617,1,1,Berpotensi Churn,0.9999995,1
DAD-02602,408,1,100000.0,2024-11-18,100000.0,Pulihkan Duka Negeri Palestina,Transfer,11.51293546492023,1,1,Berpotensi Churn,0.99999917,1
DAD-02603,408,1,100000.0,2024-11-18,100000.0,Pulihkan Duka Negeri Palestina,Transfer,11.51293546492023,1,1,Berpotensi Churn,0.99999917,1
DAD-02604,408,1,50000.0,2024-11-18,50000.0,Pulihkan Duka Negeri Palestina,Transfer,10.819798284210286,1,1,Berpotensi Churn,0.9999995,1
DAD-02605,31,3,300000.0,2025-11-30,100000.0,Pulihkan Duka Negeri Indonesia,Transfer,12.611541086966115,1,1,Berpotensi Churn,0.9999691,1
DAD-02606,301,3,250000.0,2025-03-05,100000.0,Pulihkan Duka Negeri Palestina,Transfer,12.429220196836383,1,1,Berpotensi Churn,0.99999607,1
DAD-02607,408,1,30000.0,2024-11-18,30000.0,Pulihkan Duka Negeri Palestina,Transfer,10.308985993422082,1,1,Berpotensi Churn,0.9999995,1
DAD-02608,408,1,20000.0,2024-11-18,20000.0,Pulihkan Duka Negeri Palestina,Transfer,9.90353755128617,1,1,Berpotensi Churn,0.9999995,1
DAD-02609,152,2,200000.0,2025-08-01,100000.0,Pulihkan Duka Negeri Palestina,Transfer,12.206077645517674,1,1,Berpotensi Churn,0.9999975,1
DAD-02610,407,1,100000.0,2024-11-19,100000.0,Pulihkan Duka Negeri Palestina,Transfer,11.51293546492023,1,1,Berpotensi Churn,0.99999917,1
DAD-02611,293,2,200000.0,2025-03-13,100000.0,Pulihkan Duka Negeri Palestina,Transfer,12.206077645517674,1,1,Berpotensi Churn,0.999998,1
DAD-02612,407,1,30000.0,2024-11-19,30000.0,Pulihkan Duka Negeri Palestina,Transfer,10.308985993422082,1,1,Berpotensi Churn,0.9999995,1
DAD-02613,12,3,225000.0,2025-12-19,100000.0,Pulihkan Duka Negeri Indonesia,Transfer,12.323860125621126,1,1,Berpotensi Churn,0.99997425,1
DAD-02614,406,1,52000.0,2024-11-20,52000.0,Pulihkan Duka Negeri Palestina,Transfer,10.859018228147887,1,1,Berpotensi Churn,0.9999993,1
DAD-02615,259,6,300000.0,2025-04-16,50000.0,Pulihkan Duka Negeri Palestina,Transfer,12.611541086966115,1,1,Berpotensi Churn,0.99998343,1
DAD-02616,405,1,300000.0,2024-11-21,300000.0,Pulihkan Duka Negeri Palestina,Transfer,12.611541086966115,1,1,Berpotensi Churn,0.99999857,1
DAD-02617,404,2,160000.0,2024-11-22,110000.0,Pulihkan Duka Negeri Palestina,Transfer,11.982935344196433,1,1,Berpotensi Churn,0.9999987,1
DAD-02618,405,1,100000.0,2024-11-21,100000.0,Pulihkan Duka Negeri Palestina,Transfer,11.51293546492023,1,1,Berpotensi Churn,0.99999917,1
DAD-02619,405,1,100000.0,2024-11-21,100000.0,Pulihkan Duka Negeri Palestina,Transfer,11.51293546492023,1,1,Berpotensi Churn,0.99999917,1
DAD-02620,130,11,2200000.0,2025-08-23,200000.0,Pulihkan Duka Negeri Palestina,Transfer,14.603968372873895,1,1,Berpotensi Churn,0.99651176,1
DAD-02621,303,2,300000.0,2025-03-03,150000.0,Pulihkan Duka Negeri Palestina,Transfer,12.611541086966115,1,1,Berpotensi Churn,0.9999976,1
DAD-02622,234,6,450000.0,2025-05-11,50000.0,Pulihkan Duka Negeri Palestina,Transfer,13.017005083966255,1,1,Berpotensi Churn,0.999944,1
DAD-02623,404,1,200000.0,2024-11-22,200000.0,Wakaf Pembangunan Masjid,Transfer,12.206077645517674,1,1,Berpotensi Churn,0.9999989,1
DAD-02624,404,1,50000.0,2024-11-22,50000.0,Pulihkan Duka Negeri Palestina,Transfer,10.819798284210286,1,1,Berpotensi Churn,0.9999995,1
DAD-02625,327,7,505000.0,2025-02-07,100000.0,Pulihkan Duka Negeri Palestina,Transfer,13.132315688453556,1,1,Berpotensi Churn,0.99992585,1
DAD-02626,299,2,300000.0,2025-03-07,200000.0,Pulihkan Duka Negeri Palestina,Transfer,12.611541086966115,1,1,Berpotensi Churn,0.9999976,1
DAD-02627,404,1,200669.0,2024-11-22,200669.0,Pulihkan Duka Negeri Palestina,Transfer,12.209417046780564,1,1,Berpotensi Churn,0.9999989,1
DAD-02628,304,3,400000.0,2025-03-02,150000.0,Pulihkan Duka Negeri Palestina,Transfer,12.899222326086994,1,1,Berpotensi Churn,0.9999902,1
DAD-02629,403,2,251048.0,2024-11-23,150000.0,Pulihkan Duka Negeri Palestina,Transfer,12.433403418184653,1,1,Berpotensi Churn,0.99999845,1
DAD-02630,292,3,250000.0,2025-03-14,100000.0,Pulihkan Duka Negeri Palestina,Transfer,12.429220196836383,1,1,Berpotensi Churn,0.99999535,1
DAD-02631,363,2,150000.0,2025-01-02,50000.0,Pulihkan Duka Negeri Palestina,Transfer,11.918397239722838,1,1,Berpotensi Churn,0.9999988,1
DAD-02632,403,1,100000.0,2024-11-23,100000.0,Pulihkan Duka Negeri Palestina,Transfer,11.51293546492023,1,1,Berpotensi Churn,0.99999917,1
DAD-02633,403,1,50000.0,2024-11-23,50000.0,Pulihkan Duka Negeri Palestina,Transfer,10.819798284210286,1,1,Berpotensi Churn,0.9999995,1
DAD-02634,403,1,100000.0,2024-11-23,100000.0,Pulihkan Duka Negeri Palestina,Transfer,11.51293546492023,1,1,Berpotensi Churn,0.99999917,1
DAD-02635,403,1,30000.0,2024-11-23,30000.0,Pulihkan Duka Negeri Palestina,Transfer,10.308985993422082,1,1,Berpotensi Churn,0.9999995,1
DAD-02636,367,3,75000.0,2024-12-29,25000.0,Pulihkan Duka Negeri Palestina,Transfer,11.225256725762893,1,1,Berpotensi Churn,0.999998,1
DAD-02637,397,2,20000.0,2024-11-29,10000.0,Pulihkan Duka Negeri Palestina,Transfer,9.90353755128617,1,1,Berpotensi Churn,0.9999993,1
DAD-02638,299,2,40000.0,2025-03-07,30000.0,Pulihkan Duka Negeri Palestina,Transfer,10.596659732783579,1,1,Berpotensi Churn,0.99999917,1
DAD-02639,103,3,240000.0,2025-09-19,100000.0,Pulihkan Duka Negeri Palestina,Transfer,12.388398368982115,1,1,Berpotensi Churn,0.99997616,1
DAD-02640,403,1,100000.0,2024-11-23,100000.0,Pulihkan Duka Negeri Palestina,Transfer,11.51293546492023,1,1,Berpotensi Churn,0.99999917,1
DAD-02641,403,1,100000.0,2024-11-23,100000.0,Pulihkan Duka Negeri Palestina,Transfer,11.51293546492023,1,1,Berpotensi Churn,0.99999917,1
DAD-02642,403,1,100000.0,2024-11-23,100000.0,Pulihkan Duka Negeri Palestina,Transfer,11.51293546492023,1,1,Berpotensi Churn,0.99999917,1
DAD-02643,183,3,200159.0,2025-07-01,100059.0,Pulihkan Duka Negeri Palestina,Transfer,12.206872325700738,1,1,Berpotensi Churn,0.9999944,1
DAD-02644,402,1,200000.0,2024-11-24,200000.0,Pulihkan Duka Negeri Palestina,Transfer,12.206077645517674,1,1,Berpotensi Churn,0.9999989,1
DAD-02645,373,5,500000.0,2024-12-23,100000.0,Pulihkan Duka Negeri Palestina,Transfer,13.122365377402328,1,1,Berpotensi Churn,0.99997544,1
DAD-02646,401,1,200000.0,2024-11-25,200000.0,Pulihkan Duka Negeri Palestina,Transfer,12.206077645517674,1,1,Berpotensi Churn,0.9999989,1
DAD-02647,401,1,50000.0,2024-11-25,50000.0,Pulihkan Duka Negeri Palestina,Transfer,10.819798284210286,1,1,Berpotensi Churn,0.9999995,1
DAD-02648,334,2,100000.0,2025-01-31,50000.0,Pulihkan Duka Negeri Palestina,Transfer,11.51293546492023,1,1,Berpotensi Churn,0.9999987,1
DAD-02650,401,1,50000.0,2024-11-25,50000.0,Pulihkan Duka Negeri Palestina,Transfer,10.819798284210286,1,1,Berpotensi Churn,0.9999995,1
DAD-02651,401,1,300000.0,2024-11-25,300000.0,Pulihkan Duka Negeri Palestina,Transfer,12.611541086966115,1,1,Berpotensi Churn,0.99999857,1
DAD-02652,267,9,270000.0,2025-04-08,30000.0,Pulihkan Duka Negeri Palestina,Transfer,12.506180941677357,1,1,Berpotensi Churn,0.99998164,1
DAD-02653,400,1,100000.0,2024-11-26,100000.0,Pulihkan Duka Negeri Palestina,Transfer,11.51293546492023,1,1,Berpotensi Churn,0.99999917,1
DAD-02654,303,2,200471.0,2025-03-03,100000.0,Pulihkan Duka Negeri Palestina,Transfer,12.208429865103852,1,1,Berpotensi Churn,0.99999833,1
DAD-02655,400,1,100000.0,2024-11-26,100000.0,Pulihkan Duka Negeri Palestina,Transfer,11.51293546492023,1,1,Berpotensi Churn,0.99999917,1
DAD-02656,340,3,633000.0,2025-01-25,233000.0,Sambung Hidup Dhuafa,Transfer,13.358227280903897,1,1,Berpotensi Churn,0.99995637,1
DAD-02657,399,1,100000.0,2024-11-27,100000.0,Pulihkan Duka Negeri Palestina,Transfer,11.51293546492023,1,1,Berpotensi Churn,0.99999917,1
DAD-02658,398,1,100000.0,2024-11-28,100000.0,Pulihkan Duka Negeri Palestina,Transfer,11.51293546492023,1,1,Berpotensi Churn,0.99999917,1
DAD-02659,398,1,100000.0,2024-11-28,100000.0,Pulihkan Duka Negeri Palestina,Transfer,11.51293546492023,1,1,Berpotensi Churn,0.99999917,1
DAD-02661,398,1,50000.0,2024-11-28,50000.0,Pulihkan Duka Negeri Palestina,Transfer,10.819798284210286,1,1,Berpotensi Churn,0.9999995,1
DAD-02662,297,5,950000.0,2025-03-09,300000.0,Pulihkan Duka Negeri Palestina,Transfer,13.76421831620775,1,1,Berpotensi Churn,0.99996185,1
DAD-02663,398,1,50000.0,2024-11-28,50000.0,Pulihkan Duka Negeri Palestina,Transfer,10.819798284210286,1,1,Berpotensi Churn,0.9999995,1
DAD-02664,398,1,50000.0,2024-11-28,50000.0,Pulihkan Duka Negeri Palestina,Transfer,10.819798284210286,1,1,Berpotensi Churn,0.9999995,1
DAD-02665,398,1,50000.0,2024-11-28,50000.0,Pulihkan Duka Negeri Palestina,Transfer,10.819798284210286,1,1,Berpotensi Churn,0.9999995,1
DAD-02666,398,1,100103.0,2024-11-28,100103.0,Pulihkan Duka Negeri Palestina,Transfer,11.51396492454489,1,1,Berpotensi Churn,0.99999917,1
DAD-02667,398,1,100184.0,2024-11-28,100184.0,Syiar Qur'an Indonesia,Transfer,11.514773755827846,1,1,Berpotensi Churn,0.99999917,1
DAD-02668,398,1,50000.0,2024-11-28,50000.0,Pulihkan Duka Negeri Palestina,Transfer,10.819798284210286,1,1,Berpotensi Churn,0.9999995,1
DAD-02669,398,1,250000.0,2024-11-28,250000.0,Sambung Hidup Dhuafa,Transfer,12.429220196836383,1,1,Berpotensi Churn,0.9999988,1
DAD-02670,398,1,200000.0,2024-11-28,200000.0,Pulihkan Duka Negeri Palestina,Transfer,12.206077645517674,1,1,Berpotensi Churn,0.9999989,1
DAD-02672,398,1,10000.0,2024-11-28,10000.0,Pulihkan Duka Negeri Palestina,Transfer,9.210440366976517,1,1,Berpotensi Churn,0.9999995,1
DAD-02673,397,1,100000.0,2024-11-29,100000.0,Pulihkan Duka Negeri Palestina,Transfer,11.51293546492023,1,1,Berpotensi Churn,0.99999917,1
DAD-02674,397,1,100000.0,2024-11-29,100000.0,Pulihkan Duka Negeri Palestina,Transfer,11.51293546492023,1,1,Berpotensi Churn,0.99999917,1
DAD-02675,397,1,35000.0,2024-11-29,35000.0,Pulihkan Duka Negeri Palestina,Transfer,10.463131911491967,1,1,Berpotensi Churn,0.9999995,1
DAD-02676,369,2,100000.0,2024-12-27,50000.0,Pulihkan Duka Negeri Palestina,Transfer,11.51293546492023,1,1,Berpotensi Churn,0.9999989,1
DAD-02677,299,2,150000.0,2025-03-07,50000.0,Pulihkan Duka Negeri Palestina,Transfer,11.918397239722838,1,1,Berpotensi Churn,0.9999987,1
DAD-02678,285,3,500000.0,2025-03-21,300000.0,Pulihkan Duka Negeri Palestina,Transfer,13.122365377402328,1,1,Berpotensi Churn,0.99997103,1
DAD-02679,18,5,425000.0,2025-12-13,50000.0,Pulihkan Duka Negeri Palestina,Transfer,12.959846800844963,1,1,Berpotensi Churn,0.99988604,1
DAD-02680,397,1,100000.0,2024-11-29,100000.0,Pulihkan Duka Negeri Palestina,Transfer,11.51293546492023,1,1,Berpotensi Churn,0.99999917,1
DAD-02681,397,1,250000.0,2024-11-29,250000.0,Pulihkan Duka Negeri Palestina,Transfer,12.429220196836383,1,1,Berpotensi Churn,0.9999988,1
DAD-02682,282,4,550000.0,2025-03-24,100000.0,Pulihkan Duka Negeri Palestina,Transfer,13.217675375388819,1,1,Berpotensi Churn,0.999946,1
DAD-02683,330,4,500000.0,2025-02-04,100000.0,Syiar Qur'an Indonesia,Transfer,13.122365377402328,1,1,Berpotensi Churn,0.99997795,1
DAD-02684,397,1,40000.0,2024-11-29,40000.0,Pulihkan Duka Negeri Palestina,Transfer,10.596659732783579,1,1,Berpotensi Churn,0.9999995,1
DAD-02685,243,4,400000.0,2025-05-02,100000.0,Pulihkan Duka Negeri Palestina,Transfer,12.899222326086994,1,1,Berpotensi Churn,0.99998343,1
DAD-02686,369,3,150494.0,2024-12-27,50247.0,Pulihkan Duka Negeri Palestina,Transfer,11.921685140027822,1,1,Berpotensi Churn,0.9999975,1
DAD-02687,124,2,150000.0,2025-08-29,50000.0,Pulihkan Duka Negeri Palestina,Transfer,11.918397239722838,1,1,Berpotensi Churn,0.9999957,1
DAD-02688,166,5,400578.0,2025-07-18,100000.0,Pulihkan Duka Negeri Palestina,Transfer,12.900666279471858,1,1,Berpotensi Churn,0.999982,1
DAD-02689,397,1,150000.0,2024-11-29,150000.0,Pulihkan Duka Negeri Palestina,Transfer,11.918397239722838,1,1,Berpotensi Churn,0.99999917,1
DAD-02690,278,2,120000.0,2025-03-28,100000.0,Pulihkan Duka Negeri Palestina,Transfer,11.695255355062795,1,1,Berpotensi Churn,0.9999982,1
DAD-02691,397,1,50000.0,2024-11-29,50000.0,Pulihkan Duka Negeri Palestina,Transfer,10.819798284210286,1,1,Berpotensi Churn,0.9999995,1
DAD-02692,397,1,35000.0,2024-11-29,35000.0,Pulihkan Duka Negeri Palestina,Transfer,10.463131911491967,1,1,Berpotensi Churn,0.9999995,1
DAD-02693,397,1,50000.0,2024-11-29,50000.0,Pulihkan Duka Negeri Palestina,Transfer,10.819798284210286,1,1,Berpotensi Churn,0.9999995,1
DAD-02694,397,1,50000.0,2024-11-29,50000.0,Pulihkan Duka Negeri Palestina,Transfer,10.819798284210286,1,1,Berpotensi Churn,0.9999995,1
DAD-02695,397,1,10000.0,2024-11-29,10000.0,Pulihkan Duka Negeri Palestina,Transfer,9.210440366976517,1,1,Berpotensi Churn,0.9999995,1
DAD-02696,396,1,10000.0,2024-11-30,10000.0,Pulihkan Duka Negeri Palestina,Transfer,9.210440366976517,1,1,Berpotensi Churn,0.9999995,1
DAD-02697,396,1,200000.0,2024-11-30,200000.0,Pulihkan Duka Negeri Palestina,Transfer,12.206077645517674,1,1,Berpotensi Churn,0.9999989,1
DAD-02698,243,9,1500000.0,2025-05-02,200000.0,Pulihkan Duka Negeri Palestina,Transfer,14.220976332738882,1,1,Berpotensi Churn,0.9995994,1
DAD-02699,396,1,20000.0,2024-11-30,20000.0,Pulihkan Duka Negeri Palestina,Transfer,9.90353755128617,1,1,Berpotensi Churn,0.9999995,1
DAD-02700,396,1,50048.0,2024-11-30,50048.0,Pulihkan Duka Negeri Palestina,Transfer,10.820757804523783,1,1,Berpotensi Churn,0.9999995,1
DAD-02701,300,4,450170.0,2025-03-06,150000.0,Pulihkan Duka Negeri Palestina,Transfer,13.017382789564788,1,1,Berpotensi Churn,0.99997795,1
DAD-02703,395,1,200000.0,2024-12-01,200000.0,Pulihkan Duka Negeri Palestina,Transfer,12.206077645517674,1,1,Berpotensi Churn,0.9999989,1
DAD-02704,395,1,50000.0,2024-12-01,50000.0,Pulihkan Duka Negeri Palestina,Transfer,10.819798284210286,1,1,Berpotensi Churn,0.9999995,1
DAD-02705,395,1,100216.0,2024-12-01,100216.0,Pulihkan Duka Negeri Palestina,Transfer,11.515093113920798,1,1,Berpotensi Churn,0.99999917,1
DAD-02706,376,2,200042.0,2024-12-20,100000.0,Syiar Qur'an Indonesia,Transfer,12.206287622420986,1,1,Berpotensi Churn,0.99999857,1
DAD-02707,395,1,50000.0,2024-12-01,50000.0,Pulihkan Duka Negeri Palestina,Transfer,10.819798284210286,1,1,Berpotensi Churn,0.9999995,1
DAD-02708,395,1,100062.0,2024-12-01,100062.0,Pulihkan Duka Negeri Palestina,Transfer,11.513555266603538,1,1,Berpotensi Churn,0.99999917,1
DAD-02709,395,1,100000.0,2024-12-01,100000.0,Pulihkan Duka Negeri Palestina,Transfer,11.51293546492023,1,1,Berpotensi Churn,0.99999917,1
DAD-02710,251,4,750000.0,2025-04-24,100000.0,Pulihkan Duka Negeri Palestina,Transfer,13.527829818844937,1,1,Berpotensi Churn,0.99995744,1
DAD-02711,263,2,200000.0,2025-04-12,100000.0,Pulihkan Duka Negeri Palestina,Transfer,12.206077645517674,1,1,Berpotensi Churn,0.99999774,1
DAD-02713,279,3,310000.0,2025-03-27,160000.0,Pulihkan Duka Negeri Palestina,Transfer,12.644330802262578,1,1,Berpotensi Churn,0.99999297,1
DAD-02714,394,1,50000.0,2024-12-02,50000.0,Pulihkan Duka Negeri Palestina,Transfer,10.819798284210286,1,1,Berpotensi Churn,0.9999995,1
DAD-02715,394,1,100042.0,2024-12-02,100042.0,Pulihkan Duka Negeri Palestina,Transfer,11.513355372546723,1,1,Berpotensi Churn,0.99999917,1
DAD-02716,394,1,100156.0,2024-12-02,100156.0,Pulihkan Duka Negeri Palestina,Transfer,11.514494233808676,1,1,Berpotensi Churn,0.99999917,1
DAD-02717,393,1,50000.0,2024-12-03,50000.0,Pulihkan Duka Negeri Palestina,Transfer,10.819798284210286,1,1,Berpotensi Churn,0.9999995,1
DAD-02718,392,1,200000.0,2024-12-04,200000.0,Pulihkan Duka Negeri Palestina,Transfer,12.206077645517674,1,1,Berpotensi Churn,0.99999905,1
DAD-02719,392,1,50000.0,2024-12-04,50000.0,Pulihkan Duka Negeri Palestina,Transfer,10.819798284210286,1,1,Berpotensi Churn,0.9999995,1
DAD-02720,392,1,50000.0,2024-12-04,50000.0,Pulihkan Duka Negeri Palestina,Transfer,10.819798284210286,1,1,Berpotensi Churn,0.9999995,1
DAD-02721,392,1,100000.0,2024-12-04,100000.0,Pulihkan Duka Negeri Palestina,Transfer,11.51293546492023,1,1,Berpotensi Churn,0.99999917,1
DAD-02722,243,4,350000.0,2025-05-02,100000.0,Pulihkan Duka Negeri Palestina,Transfer,12.765691290604371,1,1,Berpotensi Churn,0.99998784,1
DAD-02723,392,1,50000.0,2024-12-04,50000.0,Pulihkan Duka Negeri Palestina,Transfer,10.819798284210286,1,1,Berpotensi Churn,0.9999995,1
DAD-02724,392,1,100000.0,2024-12-04,100000.0,Syiar Qur'an Indonesia,Transfer,11.51293546492023,1,1,Berpotensi Churn,0.99999917,1
DAD-02725,229,2,300000.0,2025-05-16,200000.0,Pulihkan Duka Negeri Palestina,Transfer,12.611541086966115,1,1,Berpotensi Churn,0.9999963,1
DAD-02726,392,1,100000.0,2024-12-04,100000.0,Pulihkan Duka Negeri Palestina,Transfer,11.51293546492023,1,1,Berpotensi Churn,0.99999917,1
DAD-02727,392,1,100000.0,2024-12-04,100000.0,Pulihkan Duka Negeri Palestina,Transfer,11.51293546492023,1,1,Berpotensi Churn,0.99999917,1
DAD-02728,391,1,30000.0,2024-12-05,30000.0,Pulihkan Duka Negeri Palestina,Transfer,10.308985993422082,1,1,Berpotensi Churn,0.9999995,1
DAD-02729,292,2,200058.0,2025-03-14,100000.0,Pulihkan Duka Negeri Palestina,Transfer,12.20636760202623,1,1,Berpotensi Churn,0.999998,1
DAD-02730,210,3,900000.0,2025-06-04,300000.0,Pulihkan Duka Negeri Palestina,Transfer,13.710151153416941,1,1,Berpotensi Churn,0.9999695,1
DAD-02731,18,7,550000.0,2025-12-13,50000.0,Pulihkan Duka Negeri Indonesia,Transfer,13.217675375388819,1,1,Berpotensi Churn,0.99980026,1
DAD-02732,243,7,1045000.0,2025-05-02,150000.0,Sambung Hidup Dhuafa,Transfer,13.85952840031839,1,1,Berpotensi Churn,0.9999691,1
DAD-02733,391,1,100000.0,2024-12-05,100000.0,Pulihkan Duka Negeri Palestina,Transfer,11.51293546492023,1,1,Berpotensi Churn,0.99999917,1
DAD-02734,305,2,100342.0,2025-03-01,50179.0,Pulihkan Duka Negeri Palestina,Transfer,11.516349595936923,1,1,Berpotensi Churn,0.9999987,1
DAD-02735,391,1,30000.0,2024-12-05,30000.0,Pulihkan Duka Negeri Palestina,Transfer,10.308985993422082,1,1,Berpotensi Churn,0.9999995,1
DAD-02736,295,2,200058.0,2025-03-11,100000.0,Pulihkan Duka Negeri Palestina,Transfer,12.20636760202623,1,1,Berpotensi Churn,0.999998,1
DAD-02737,250,3,200000.0,2025-04-25,100000.0,Pulihkan Duka Negeri Palestina,Transfer,12.206077645517674,1,1,Berpotensi Churn,0.9999945,1
DAD-02738,391,1,300000.0,2024-12-05,300000.0,Pulihkan Duka Negeri Palestina,Transfer,12.611541086966115,1,1,Berpotensi Churn,0.99999857,1
DAD-02739,391,1,250263.0,2024-12-05,250263.0,Pulihkan Duka Negeri Palestina,Transfer,12.4302716396686,1,1,Berpotensi Churn,0.9999989,1
DAD-02740,309,2,100000.0,2025-02-25,50000.0,Pulihkan Duka Negeri Palestina,Transfer,11.51293546492023,1,1,Berpotensi Churn,0.9999987,1
DAD-02741,390,1,250000.0,2024-12-06,250000.0,Pulihkan Duka Negeri Palestina,Transfer,12.429220196836383,1,1,Berpotensi Churn,0.9999989,1
DAD-02742,390,1,20000.0,2024-12-06,20000.0,Pulihkan Duka Negeri Palestina,Transfer,9.90353755128617,1,1,Berpotensi Churn,0.9999995,1
DAD-02743,390,1,200000.0,2024-12-06,200000.0,Pulihkan Duka Negeri Palestina,Transfer,12.206077645517674,1,1,Berpotensi Churn,0.99999905,1
DAD-02744,285,2,100000.0,2025-03-21,50000.0,Pulihkan Duka Negeri Palestina,Transfer,11.51293546492023,1,1,Berpotensi Churn,0.9999982,1
DAD-02745,390,1,50000.0,2024-12-06,50000.0,Pulihkan Duka Negeri Palestina,Transfer,10.819798284210286,1,1,Berpotensi Churn,0.9999995,1
DAD-02746,390,1,50000.0,2024-12-06,50000.0,Pulihkan Duka Negeri Palestina,Transfer,10.819798284210286,1,1,Berpotensi Churn,0.9999995,1
DAD-02747,145,4,145000.0,2025-08-08,30000.0,Pulihkan Duka Negeri Palestina,Transfer,11.884495917930655,1,1,Berpotensi Churn,0.99999464,1
DAD-02748,124,5,250000.0,2025-08-29,50000.0,Pulihkan Duka Negeri Palestina,Transfer,12.429220196836383,1,1,Berpotensi Churn,0.99998057,1
DAD-02749,96,2,150000.0,2025-09-26,100000.0,Pulihkan Duka Negeri Palestina,Transfer,11.918397239722838,1,1,Berpotensi Churn,0.9999927,1
DAD-02750,390,1,100000.0,2024-12-06,100000.0,Pulihkan Duka Negeri Palestina,Transfer,11.51293546492023,1,1,Berpotensi Churn,0.99999917,1
DAD-02751,159,3,350000.0,2025-07-25,100000.0,Pulihkan Duka Negeri Palestina,Transfer,12.765691290604371,1,1,Berpotensi Churn,0.9999906,1
DAD-02752,390,1,55000.0,2024-12-06,55000.0,Pulihkan Duka Negeri Palestina,Transfer,10.915106645867503,1,1,Berpotensi Churn,0.9999993,1
DAD-02753,390,1,100000.0,2024-12-06,100000.0,Pulihkan Duka Negeri Palestina,Transfer,11.51293546492023,1,1,Berpotensi Churn,0.99999917,1
DAD-02754,390,1,50000.0,2024-12-06,50000.0,Pulihkan Duka Negeri Palestina,Transfer,10.819798284210286,1,1,Berpotensi Churn,0.9999995,1
DAD-02755,390,1,50000.0,2024-12-06,50000.0,Pulihkan Duka Negeri Palestina,Transfer,10.819798284210286,1,1,Berpotensi Churn,0.9999995,1
DAD-02756,390,1,20000.0,2024-12-06,20000.0,Pulihkan Duka Negeri Palestina,Transfer,9.90353755128617,1,1,Berpotensi Churn,0.9999995,1
DAD-02757,278,3,300000.0,2025-03-28,100000.0,Pulihkan Duka Negeri Palestina,Transfer,12.611541086966115,1,1,Berpotensi Churn,0.99999297,1
DAD-02758,286,2,120000.0,2025-03-20,100000.0,Pulihkan Duka Negeri Palestina,Transfer,11.695255355062795,1,1,Berpotensi Churn,0.99999845,1
DAD-02759,390,1,50000.0,2024-12-06,50000.0,Pulihkan Duka Negeri Palestina,Transfer,10.819798284210286,1,1,Berpotensi Churn,0.9999995,1
DAD-02760,306,3,130000.0,2025-02-28,100000.0,Syiar Qur'an Indonesia,Transfer,11.775297421715827,1,1,Berpotensi Churn,0.99999714,1
DAD-02761,299,2,175000.0,2025-03-07,75000.0,Pulihkan Duka Negeri Palestina,Transfer,12.07254696717504,1,1,Berpotensi Churn,0.99999833,1
DAD-02762,308,2,150000.0,2025-02-26,75000.0,Pulihkan Duka Negeri Palestina,Transfer,11.918397239722838,1,1,Berpotensi Churn,0.9999987,1
DAD-02763,390,1,100000.0,2024-12-06,100000.0,Pulihkan Duka Negeri Palestina,Transfer,11.51293546492023,1,1,Berpotensi Churn,0.99999917,1
DAD-02764,390,1,20000.0,2024-12-06,20000.0,Pulihkan Duka Negeri Palestina,Transfer,9.90353755128617,1,1,Berpotensi Churn,0.9999995,1
DAD-02765,263,12,3600000.0,2025-04-12,300000.0,Pulihkan Duka Negeri Palestina,Transfer,15.096444681204078,1,1,Berpotensi Churn,0.9425071,1
DAD-02766,390,1,50000.0,2024-12-06,50000.0,Pulihkan Duka Negeri Palestina,Transfer,10.819798284210286,1,1,Berpotensi Churn,0.9999995,1
DAD-02767,12,10,650000.0,2025-12-19,100000.0,Pulihkan Duka Negeri Indonesia,Transfer,13.384729180332174,1,1,Berpotensi Churn,0.9997662,1
DAD-02768,390,1,100000.0,2024-12-06,100000.0,Pulihkan Duka Negeri Palestina,Transfer,11.51293546492023,1,1,Berpotensi Churn,0.99999917,1
DAD-02769,390,1,20000.0,2024-12-06,20000.0,Pulihkan Duka Negeri Palestina,Transfer,9.90353755128617,1,1,Berpotensi Churn,0.9999995,1
DAD-02770,390,1,100137.0,2024-12-06,100137.0,Pulihkan Duka Negeri Palestina,Transfer,11.514304513645346,1,1,Berpotensi Churn,0.99999917,1
DAD-02771,231,3,450124.0,2025-05-14,250124.0,Pulihkan Duka Negeri Palestina,Transfer,13.017280600951176,1,1,Berpotensi Churn,0.9999713,1
DAD-02772,243,2,70000.0,2025-05-02,50000.0,Pulihkan Duka Negeri Palestina,Transfer,11.156264806643742,1,1,Berpotensi Churn,0.9999982,1
DAD-02773,124,2,200000.0,2025-08-29,100000.0,Pulihkan Duka Negeri Palestina,Transfer,12.206077645517674,1,1,Berpotensi Churn,0.99999416,1
DAD-02774,355,3,60000.0,2025-01-10,20000.0,Pulihkan Duka Negeri Palestina,Transfer,11.002116507732017,1,1,Berpotensi Churn,0.9999976,1
DAD-02775,390,1,50000.0,2024-12-06,50000.0,Pulihkan Duka Negeri Palestina,Transfer,10.819798284210286,1,1,Berpotensi Churn,0.9999995,1
DAD-02776,389,1,100000.0,2024-12-07,100000.0,Pulihkan Duka Negeri Palestina,Transfer,11.51293546492023,1,1,Berpotensi Churn,0.99999917,1
DAD-02777,302,3,300000.0,2025-03-04,100000.0,Pulihkan Duka Negeri Palestina,Transfer,12.611541086966115,1,1,Berpotensi Churn,0.9999951,1
DAD-02778,299,2,550000.0,2025-03-07,300000.0,Pulihkan Duka Negeri Palestina,Transfer,13.217675375388819,1,1,Berpotensi Churn,0.9999819,1
DAD-02779,389,1,50050.0,2024-12-07,50050.0,Pulihkan Duka Negeri Palestina,Transfer,10.820797764563748,1,1,Berpotensi Churn,0.9999993,1
DAD-02780,389,1,40000.0,2024-12-07,40000.0,Pulihkan Duka Negeri Palestina,Transfer,10.596659732783579,1,1,Berpotensi Churn,0.9999995,1
DAD-02781,389,1,100001.0,2024-12-07,100001.0,Syiar Qur'an Indonesia,Transfer,11.512945464770231,1,1,Berpotensi Churn,0.99999917,1
DAD-02782,389,1,100000.0,2024-12-07,100000.0,Pulihkan Duka Negeri Palestina,Transfer,11.51293546492023,1,1,Berpotensi Churn,0.99999917,1
DAD-02783,389,1,100000.0,2024-12-07,100000.0,Pulihkan Duka Negeri Palestina,Transfer,11.51293546492023,1,1,Berpotensi Churn,0.99999917,1
DAD-02784,389,1,50000.0,2024-12-07,50000.0,Pulihkan Duka Negeri Palestina,Transfer,10.819798284210286,1,1,Berpotensi Churn,0.9999995,1
DAD-02785,31,6,610000.0,2025-11-30,50000.0,Pulihkan Duka Negeri Palestina,Transfer,13.321215875492413,1,1,Berpotensi Churn,0.99981433,1
DAD-02786,389,1,35015.0,2024-12-07,35015.0,Pulihkan Duka Negeri Palestina,Transfer,10.463560378870731,1,1,Berpotensi Churn,0.9999995,1
DAD-02787,389,1,20000.0,2024-12-07,20000.0,Pulihkan Duka Negeri Palestina,Transfer,9.90353755128617,1,1,Berpotensi Churn,0.9999995,1
DAD-02788,389,1,100000.0,2024-12-07,100000.0,Pulihkan Duka Negeri Palestina,Transfer,11.51293546492023,1,1,Berpotensi Churn,0.99999917,1
DAD-02789,17,5,260000.0,2025-12-14,100000.0,Syiar Qur'an Indonesia,Transfer,12.468440756144114,1,1,Berpotensi Churn,0.9999484,1
DAD-02790,389,1,100000.0,2024-12-07,100000.0,Pulihkan Duka Negeri Palestina,Transfer,11.51293546492023,1,1,Berpotensi Churn,0.99999917,1
DAD-02791,201,17,173000.0,2025-06-13,10000.0,Pulihkan Duka Negeri Palestina,Transfer,12.06105265381003,1,1,Berpotensi Churn,0.99991655,1
DAD-02792,18,7,500000.0,2025-12-13,50000.0,Pulihkan Duka Negeri Palestina,Transfer,13.122365377402328,1,1,Berpotensi Churn,0.9998497,1
DAD-02793,388,1,50169.0,2024-12-08,50169.0,Pulihkan Duka Negeri Palestina,Transfer,10.823172517478298,1,1,Berpotensi Churn,0.9999993,1
DAD-02794,388,1,50212.0,2024-12-08,50212.0,Pulihkan Duka Negeri Palestina,Transfer,10.824029236297822,1,1,Berpotensi Churn,0.9999993,1
DAD-02795,388,1,100000.0,2024-12-08,100000.0,Pulihkan Duka Negeri Palestina,Transfer,11.51293546492023,1,1,Berpotensi Churn,0.99999917,1
DAD-02796,18,3,300000.0,2025-12-13,100000.0,Pulihkan Duka Negeri Palestina,Transfer,12.611541086966115,1,1,Berpotensi Churn,0.99996674,1
DAD-02797,388,1,30000.0,2024-12-08,30000.0,Pulihkan Duka Negeri Palestina,Transfer,10.308985993422082,1,1,Berpotensi Churn,0.9999995,1
DAD-02798,18,8,480000.0,2025-12-13,100000.0,Pulihkan Duka Negeri Palestina,Transfer,13.081543466215237,1,1,Berpotensi Churn,0.9998497,1
DAD-02799,388,1,30000.0,2024-12-08,30000.0,Pulihkan Duka Negeri Palestina,Transfer,10.308985993422082,1,1,Berpotensi Churn,0.9999995,1
DAD-02800,388,1,30210.0,2024-12-08,30210.0,Pulihkan Duka Negeri Palestina,Transfer,10.315961375454851,1,1,Berpotensi Churn,0.9999995,1
DAD-02801,388,1,100000.0,2024-12-08,100000.0,Pulihkan Duka Negeri Palestina,Transfer,11.51293546492023,1,1,Berpotensi Churn,0.99999917,1
DAD-02802,388,1,50000.0,2024-12-08,50000.0,Pulihkan Duka Negeri Palestina,Transfer,10.819798284210286,1,1,Berpotensi Churn,0.9999995,1
DAD-02804,103,3,230000.0,2025-09-19,50000.0,Pulihkan Duka Negeri Palestina,Transfer,12.345838935721968,1,1,Berpotensi Churn,0.99997616,1
DAD-02805,387,1,50000.0,2024-12-09,50000.0,Pulihkan Duka Negeri Palestina,Transfer,10.819798284210286,1,1,Berpotensi Churn,0.9999995,1
DAD-02806,356,2,50000.0,2025-01-09,25000.0,Pulihkan Duka Negeri Indonesia,Transfer,10.819798284210286,1,1,Berpotensi Churn,0.99999917,1
DAD-02807,279,2,300000.0,2025-03-27,200000.0,Pulihkan Duka Negeri Palestina,Transfer,12.611541086966115,1,1,Berpotensi Churn,0.99999666,1
DAD-02808,387,1,70000.0,2024-12-09,70000.0,Pulihkan Duka Negeri Palestina,Transfer,11.156264806643742,1,1,Berpotensi Churn,0.9999993,1
DAD-02809,387,1,100000.0,2024-12-09,100000.0,Pulihkan Duka Negeri Palestina,Transfer,11.51293546492023,1,1,Berpotensi Churn,0.99999917,1
DAD-02810,386,1,100000.0,2024-12-10,100000.0,Pulihkan Duka Negeri Palestina,Transfer,11.51293546492023,1,1,Berpotensi Churn,0.99999917,1
DAD-02811,386,1,100000.0,2024-12-10,100000.0,Pulihkan Duka Negeri Palestina,Transfer,11.51293546492023,1,1,Berpotensi Churn,0.99999917,1
DAD-02812,386,1,10000.0,2024-12-10,10000.0,Pulihkan Duka Negeri Palestina,Transfer,9.210440366976517,1,1,Berpotensi Churn,0.9999995,1
DAD-02813,385,1,50000.0,2024-12-11,50000.0,Pulihkan Duka Negeri Palestina,Transfer,10.819798284210286,1,1,Berpotensi Churn,0.9999995,1
DAD-02814,385,1,50000.0,2024-12-11,50000.0,Pulihkan Duka Negeri Palestina,Transfer,10.819798284210286,1,1,Berpotensi Churn,0.9999995,1
DAD-02815,385,1,50000.0,2024-12-11,50000.0,Pulihkan Duka Negeri Palestina,Transfer,10.819798284210286,1,1,Berpotensi Churn,0.9999995,1
DAD-02816,385,1,50000.0,2024-12-11,50000.0,Pulihkan Duka Negeri Palestina,Transfer,10.819798284210286,1,1,Berpotensi Churn,0.9999995,1
DAD-02817,385,1,30000.0,2024-12-11,30000.0,Pulihkan Duka Negeri Palestina,Transfer,10.308985993422082,1,1,Berpotensi Churn,0.9999995,1
DAD-02818,384,1,10000.0,2024-12-12,10000.0,Pulihkan Duka Negeri Palestina,Transfer,9.210440366976517,1,1,Berpotensi Churn,0.9999995,1
DAD-02819,384,1,200000.0,2024-12-12,200000.0,Pulihkan Duka Negeri Palestina,Transfer,12.206077645517674,1,1,Berpotensi Churn,0.99999905,1
DAD-02820,32,10,260000.0,2025-11-29,25000.0,Sambung Hidup Dhuafa,Transfer,12.468440756144114,1,1,Berpotensi Churn,0.9999125,1
DAD-02821,384,1,100000.0,2024-12-12,100000.0,Pulihkan Duka Negeri Palestina,Transfer,11.51293546492023,1,1,Berpotensi Churn,0.99999917,1
DAD-02822,306,2,180000.0,2025-02-28,30000.0,Pulihkan Duka Negeri Indonesia,Transfer,12.100717685412471,1,1,Berpotensi Churn,0.99999833,1
DAD-02824,384,1,50000.0,2024-12-12,50000.0,Pulihkan Duka Negeri Palestina,Transfer,10.819798284210286,1,1,Berpotensi Churn,0.9999995,1
DAD-02825,384,1,50000.0,2024-12-12,50000.0,Pulihkan Duka Negeri Palestina,Transfer,10.819798284210286,1,1,Berpotensi Churn,0.9999995,1
DAD-02826,384,1,100000.0,2024-12-12,100000.0,Pulihkan Duka Negeri Palestina,Transfer,11.51293546492023,1,1,Berpotensi Churn,0.99999917,1
DAD-02827,384,1,50000.0,2024-12-12,50000.0,Pulihkan Duka Negeri Palestina,Transfer,10.819798284210286,1,1,Berpotensi Churn,0.9999995,1
DAD-02828,384,1,100000.0,2024-12-12,100000.0,Pulihkan Duka Negeri Palestina,Transfer,11.51293546492023,1,1,Berpotensi Churn,0.99999917,1
DAD-02829,383,1,50000.0,2024-12-13,50000.0,Pulihkan Duka Negeri Palestina,Transfer,10.819798284210286,1,1,Berpotensi Churn,0.9999995,1
DAD-02830,124,3,609380.0,2025-08-29,209000.0,Pulihkan Duka Negeri Palestina,Transfer,13.320198966839621,1,1,Berpotensi Churn,0.9999169,1
DAD-02831,383,1,300000.0,2024-12-13,300000.0,Pulihkan Duka Negeri Palestina,Transfer,12.611541086966115,1,1,Berpotensi Churn,0.99999857,1
DAD-02832,369,2,100000.0,2024-12-27,50000.0,Pulihkan Duka Negeri Palestina,Transfer,11.51293546492023,1,1,Berpotensi Churn,0.9999989,1
DAD-02833,383,1,150000.0,2024-12-13,150000.0,Pulihkan Duka Negeri Palestina,Transfer,11.918397239722838,1,1,Berpotensi Churn,0.99999917,1
DAD-02834,383,1,250000.0,2024-12-13,250000.0,Pulihkan Duka Negeri Palestina,Transfer,12.429220196836383,1,1,Berpotensi Churn,0.9999989,1
DAD-02835,329,2,200000.0,2025-02-05,100000.0,Pulihkan Duka Negeri Palestina,Transfer,12.206077645517674,1,1,Berpotensi Churn,0.99999845,1
DAD-02836,383,1,50176.0,2024-12-13,50176.0,Pulihkan Duka Negeri Palestina,Transfer,10.823312033358421,1,1,Berpotensi Churn,0.9999993,1
DAD-02837,382,1,50000.0,2024-12-14,50000.0,Pulihkan Duka Negeri Palestina,Transfer,10.819798284210286,1,1,Berpotensi Churn,0.9999995,1
DAD-02839,382,1,50001.0,2024-12-14,50001.0,Pulihkan Duka Negeri Palestina,Transfer,10.819818283610305,1,1,Berpotensi Churn,0.9999995,1
DAD-02840,12,8,750000.0,2025-12-19,50000.0,Pulihkan Duka Negeri Palestina,Transfer,13.527829818844937,1,1,Berpotensi Churn,0.9998827,1
DAD-02841,299,3,500000.0,2025-03-07,300000.0,Pulihkan Duka Negeri Palestina,Transfer,13.122365377402328,1,1,Berpotensi Churn,0.9999796,1
DAD-02842,380,2,150000.0,2024-12-16,50000.0,Pulihkan Duka Negeri Palestina,Transfer,11.918397239722838,1,1,Berpotensi Churn,0.9999989,1
DAD-02843,381,1,150000.0,2024-12-15,150000.0,Pulihkan Duka Negeri Palestina,Transfer,11.918397239722838,1,1,Berpotensi Churn,0.99999917,1
DAD-02845,381,1,50000.0,2024-12-15,50000.0,Pulihkan Duka Negeri Palestina,Transfer,10.819798284210286,1,1,Berpotensi Churn,0.9999995,1
DAD-02846,380,1,35000.0,2024-12-16,35000.0,Pulihkan Duka Negeri Palestina,Transfer,10.463131911491967,1,1,Berpotensi Churn,0.9999995,1
DAD-02847,379,1,50000.0,2024-12-17,50000.0,Pulihkan Duka Negeri Palestina,Transfer,10.819798284210286,1,1,Berpotensi Churn,0.9999995,1
DAD-02848,379,1,10000.0,2024-12-17,10000.0,Pulihkan Duka Negeri Palestina,Transfer,9.210440366976517,1,1,Berpotensi Churn,0.9999995,1
DAD-02849,299,3,300000.0,2025-03-07,100000.0,Pulihkan Duka Negeri Palestina,Transfer,12.611541086966115,1,1,Berpotensi Churn,0.9999951,1
DAD-02850,379,1,100000.0,2024-12-17,100000.0,Pulihkan Duka Negeri Palestina,Transfer,11.51293546492023,1,1,Berpotensi Churn,0.99999917,1
DAD-02851,379,1,50000.0,2024-12-17,50000.0,Pulihkan Duka Negeri Palestina,Transfer,10.819798284210286,1,1,Berpotensi Churn,0.9999995,1
DAD-02852,379,1,100000.0,2024-12-17,100000.0,Pulihkan Duka Negeri Palestina,Transfer,11.51293546492023,1,1,Berpotensi Churn,0.99999917,1
DAD-02853,297,2,400000.0,2025-03-09,300000.0,Pulihkan Duka Negeri Palestina,Transfer,12.899222326086994,1,1,Berpotensi Churn,0.9999944,1
DAD-02854,379,1,50077.0,2024-12-17,50077.0,Pulihkan Duka Negeri Palestina,Transfer,10.821337068874277,1,1,Berpotensi Churn,0.9999993,1
DAD-02855,379,1,100000.0,2024-12-17,100000.0,Pulihkan Duka Negeri Palestina,Transfer,11.51293546492023,1,1,Berpotensi Churn,0.99999917,1
DAD-02856,291,2,105000.0,2025-03-15,70000.0,Pulihkan Duka Negeri Palestina,Transfer,11.561725152903833,1,1,Berpotensi Churn,0.99999845,1
DAD-02857,378,1,300000.0,2024-12-18,300000.0,Pulihkan Duka Negeri Palestina,Transfer,12.611541086966115,1,1,Berpotensi Churn,0.99999845,1
DAD-02858,294,3,300000.0,2025-03-12,100000.0,Pulihkan Duka Negeri Palestina,Transfer,12.611541086966115,1,1,Berpotensi Churn,0.99999416,1
DAD-02859,377,1,100000.0,2024-12-19,100000.0,Syiar Qur'an Indonesia,Transfer,11.51293546492023,1,1,Berpotensi Churn,0.99999917,1
DAD-02860,377,1,50000.0,2024-12-19,50000.0,Pulihkan Duka Negeri Palestina,Transfer,10.819798284210286,1,1,Berpotensi Churn,0.9999994,1
DAD-02861,377,1,100000.0,2024-12-19,100000.0,Syiar Qur'an Indonesia,Transfer,11.51293546492023,1,1,Berpotensi Churn,0.99999917,1
DAD-02863,377,1,20000.0,2024-12-19,20000.0,Wali Asuh Santri,Transfer,9.90353755128617,1,1,Berpotensi Churn,0.9999994,1
DAD-02864,377,1,10000.0,2024-12-19,10000.0,Pulihkan Duka Negeri Palestina,Transfer,9.210440366976517,1,1,Berpotensi Churn,0.9999994,1
DAD-02865,376,1,100000.0,2024-12-20,100000.0,Pulihkan Duka Negeri Palestina,Transfer,11.51293546492023,1,1,Berpotensi Churn,0.99999917,1
DAD-02866,376,1,50000.0,2024-12-20,50000.0,Pulihkan Duka Negeri Palestina,Transfer,10.819798284210286,1,1,Berpotensi Churn,0.9999994,1
DAD-02867,376,1,50000.0,2024-12-20,50000.0,Wali Asuh Santri,Transfer,10.819798284210286,1,1,Berpotensi Churn,0.9999994,1
DAD-02868,279,2,100000.0,2025-03-27,50000.0,Pulihkan Duka Negeri Palestina,Transfer,11.51293546492023,1,1,Berpotensi Churn,0.9999982,1
DAD-02869,243,5,60000.0,2025-05-02,10000.0,Wali Asuh Santri,Transfer,11.002116507732017,1,1,Berpotensi Churn,0.99999416,1
DAD-02870,376,1,50000.0,2024-12-20,50000.0,Wali Asuh Santri,Transfer,10.819798284210286,1,1,Berpotensi Churn,0.9999994,1
DAD-02871,376,1,100120.0,2024-12-20,100120.0,Pulihkan Duka Negeri Palestina,Transfer,11.514134733510213,1,1,Berpotensi Churn,0.99999917,1
DAD-02872,18,2,200000.0,2025-12-13,100000.0,Pulihkan Duka Negeri Indonesia,Transfer,12.206077645517674,1,1,Berpotensi Churn,0.9999893,1
DAD-02873,376,1,50247.0,2024-12-20,50247.0,Pulihkan Duka Negeri Palestina,Transfer,10.824726024134216,1,1,Berpotensi Churn,0.9999993,1
DAD-02874,375,1,150000.0,2024-12-21,150000.0,Pulihkan Duka Negeri Palestina,Transfer,11.918397239722838,1,1,Berpotensi Churn,0.99999905,1
DAD-02875,375,1,100000.0,2024-12-21,100000.0,Wali Asuh Santri,Transfer,11.51293546492023,1,1,Berpotensi Churn,0.99999917,1
DAD-02876,374,1,100000.0,2024-12-22,100000.0,Pulihkan Duka Negeri Palestina,Transfer,11.51293546492023,1,1,Berpotensi Churn,0.99999917,1
DAD-02877,374,1,100000.0,2024-12-22,100000.0,Pulihkan Duka Negeri Palestina,Transfer,11.51293546492023,1,1,Berpotensi Churn,0.99999917,1
DAD-02878,374,1,50000.0,2024-12-22,50000.0,Pulihkan Duka Negeri Palestina,Transfer,10.819798284210286,1,1,Berpotensi Churn,0.9999994,1
DAD-02879,373,1,100000.0,2024-12-23,100000.0,Pulihkan Duka Negeri Palestina,Transfer,11.51293546492023,1,1,Berpotensi Churn,0.99999917,1
DAD-02881,372,1,50000.0,2024-12-24,50000.0,Pulihkan Duka Negeri Palestina,Transfer,10.819798284210286,1,1,Berpotensi Churn,0.9999994,1
DAD-02882,372,1,50000.0,2024-12-24,50000.0,Pulihkan Duka Negeri Palestina,Transfer,10.819798284210286,1,1,Berpotensi Churn,0.9999994,1
DAD-02883,131,4,400000.0,2025-08-22,100000.0,Wakaf Pembangunan Masjid,Transfer,12.899222326086994,1,1,Berpotensi Churn,0.9999722,1
DAD-02884,271,2,600000.0,2025-04-04,300000.0,Pulihkan Duka Negeri Palestina,Transfer,13.304686600863562,1,1,Berpotensi Churn,0.99997306,1
DAD-02885,370,1,100000.0,2024-12-26,100000.0,Pulihkan Duka Negeri Palestina,Transfer,11.51293546492023,1,1,Berpotensi Churn,0.99999917,1
DAD-02886,370,1,50000.0,2024-12-26,50000.0,Pulihkan Duka Negeri Palestina,Transfer,10.819798284210286,1,1,Berpotensi Churn,0.9999994,1
DAD-02887,299,2,300000.0,2025-03-07,150000.0,Pulihkan Duka Negeri Palestina,Transfer,12.611541086966115,1,1,Berpotensi Churn,0.9999976,1
DAD-02888,369,1,260000.0,2024-12-27,260000.0,Pulihkan Duka Negeri Palestina,Transfer,12.468440756144114,1,1,Berpotensi Churn,0.9999982,1
DAD-02889,369,1,50000.0,2024-12-27,50000.0,Pulihkan Duka Negeri Palestina,Transfer,10.819798284210286,1,1,Berpotensi Churn,0.9999994,1
DAD-02890,369,1,100000.0,2024-12-27,100000.0,Wakaf Pembangunan Masjid,Transfer,11.51293546492023,1,1,Berpotensi Churn,0.99999917,1
DAD-02891,305,2,150000.0,2025-03-01,100000.0,Syiar Qur'an Indonesia,Transfer,11.918397239722838,1,1,Berpotensi Churn,0.9999987,1
DAD-02892,138,2,250000.0,2025-08-15,100000.0,Pulihkan Duka Negeri Palestina,Transfer,12.429220196836383,1,1,Berpotensi Churn,0.9999968,1
DAD-02893,219,3,200000.0,2025-05-26,100000.0,Pulihkan Duka Negeri Palestina,Transfer,12.206077645517674,1,1,Berpotensi Churn,0.99999464,1
DAD-02895,260,2,48500.0,2025-04-15,33500.0,Pulihkan Duka Negeri Palestina,Transfer,10.789339695269716,1,1,Berpotensi Churn,0.9999988,1
DAD-02896,367,1,50094.0,2024-12-29,50094.0,Pulihkan Duka Negeri Palestina,Transfer,10.821676481693363,1,1,Berpotensi Churn,0.9999993,1
DAD-02897,14,2,300000.0,2025-12-17,100000.0,Pulihkan Duka Negeri Indonesia,Transfer,12.611541086966115,1,1,Berpotensi Churn,0.9999846,1
DAD-02898,338,2,300000.0,2025-01-27,150000.0,Pulihkan Duka Negeri Palestina,Transfer,12.611541086966115,1,1,Berpotensi Churn,0.99999774,1
DAD-02899,131,3,60000.0,2025-08-22,25000.0,Pulihkan Duka Negeri Palestina,Transfer,11.002116507732017,1,1,Berpotensi Churn,0.9999925,1
DAD-02900,278,2,250000.0,2025-03-28,150000.0,Pulihkan Duka Negeri Palestina,Transfer,12.429220196836383,1,1,Berpotensi Churn,0.9999974,1
DAD-02901,393,1,50000.0,2024-12-03,50000.0,Tabungan Qurban Penyaluran Jabar,Cash,10.819798284210286,1,1,Berpotensi Churn,0.9999995,1
DAD-02903,363,1,250000.0,2025-01-02,250000.0,Pulihkan Duka Negeri Palestina,Transfer,12.429220196836383,1,1,Berpotensi Churn,0.9999988,1
DAD-02904,362,1,150000.0,2025-01-03,150000.0,Pulihkan Duka Negeri Palestina,Transfer,11.918397239722838,1,1,Berpotensi Churn,0.99999905,1
DAD-02905,362,1,50000.0,2025-01-03,50000.0,Pulihkan Duka Negeri Palestina,Transfer,10.819798284210286,1,1,Berpotensi Churn,0.9999994,1
DAD-02906,361,1,150000.0,2025-01-04,150000.0,Pulihkan Duka Negeri Palestina,Transfer,11.918397239722838,1,1,Berpotensi Churn,0.9999989,1
DAD-02907,361,1,100000.0,2025-01-04,100000.0,Pulihkan Duka Negeri Palestina,Transfer,11.51293546492023,1,1,Berpotensi Churn,0.99999905,1
DAD-02908,284,1,150000.0,2025-03-22,150000.0,Pulihkan Duka Negeri Palestina,Transfer,11.918397239722838,1,1,Berpotensi Churn,0.99999857,1
DAD-02909,320,2,80000.0,2025-02-14,30000.0,Pulihkan Duka Negeri Palestina,Transfer,11.289794413577894,1,1,Berpotensi Churn,0.9999988,1
DAD-02910,356,1,50000.0,2025-01-09,50000.0,Pulihkan Duka Negeri Indonesia,Transfer,10.819798284210286,1,1,Berpotensi Churn,0.9999994,1
DAD-02911,285,3,250000.0,2025-03-21,100000.0,Syiar Qur'an Indonesia,Transfer,12.429220196836383,1,1,Berpotensi Churn,0.99999464,1
DAD-02912,355,1,100000.0,2025-01-10,100000.0,Pulihkan Duka Negeri Palestina,Transfer,11.51293546492023,1,1,Berpotensi Churn,0.99999905,1
DAD-02914,353,1,100000.0,2025-01-12,100000.0,Syiar Qur'an Indonesia,Transfer,11.51293546492023,1,1,Berpotensi Churn,0.99999905,1
DAD-02915,338,2,155000.0,2025-01-27,100000.0,Pulihkan Duka Negeri Palestina,Transfer,11.951186847493476,1,1,Berpotensi Churn,0.99999845,1
DAD-02916,350,1,50000.0,2025-01-15,50000.0,Pulihkan Duka Negeri Palestina,Transfer,10.819798284210286,1,1,Berpotensi Churn,0.9999994,1
DAD-02917,345,2,600000.0,2025-01-20,300000.0,Pulihkan Duka Negeri Palestina,Transfer,13.304686600863562,1,1,Berpotensi Churn,0.99997723,1
DAD-02918,210,2,150000.0,2025-06-04,100000.0,Pulihkan Duka Negeri Palestina,Transfer,11.918397239722838,1,1,Berpotensi Churn,0.999998,1
DAD-02919,124,16,2100000.0,2025-08-29,300000.0,Pulihkan Duka Negeri Palestina,Transfer,14.557448378884015,1,1,Berpotensi Churn,0.9518947,1
DAD-02920,348,1,100000.0,2025-01-17,100000.0,Pulihkan Duka Negeri Palestina,Transfer,11.51293546492023,1,1,Berpotensi Churn,0.99999905,1
DAD-02921,348,1,100000.0,2025-01-17,100000.0,Pulihkan Duka Negeri Palestina,Transfer,11.51293546492023,1,1,Berpotensi Churn,0.99999905,1
DAD-02923,348,1,200000.0,2025-01-17,200000.0,Pulihkan Duka Negeri Palestina,Transfer,12.206077645517674,1,1,Berpotensi Churn,0.9999988,1
DAD-02924,347,1,50000.0,2025-01-18,50000.0,Wali Asuh Santri,Transfer,10.819798284210286,1,1,Berpotensi Churn,0.9999994,1
DAD-02925,340,2,200000.0,2025-01-25,100000.0,Pulihkan Duka Negeri Palestina,Transfer,12.206077645517674,1,1,Berpotensi Churn,0.99999845,1
DAD-02926,345,1,50000.0,2025-01-20,50000.0,Pulihkan Duka Negeri Palestina,Transfer,10.819798284210286,1,1,Berpotensi Churn,0.9999994,1
DAD-02928,344,1,50000.0,2025-01-21,50000.0,Wakaf Pembangunan Masjid,Transfer,10.819798284210286,1,1,Berpotensi Churn,0.9999994,1
DAD-02929,344,1,10000.0,2025-01-21,10000.0,Pengembangan Lahan Produktif,Transfer,9.210440366976517,1,1,Berpotensi Churn,0.9999994,1
DAD-02930,344,1,10000.0,2025-01-21,10000.0,Pengembangan Lahan Produktif,Transfer,9.210440366976517,1,1,Berpotensi Churn,0.9999994,1
DAD-02931,342,1,50000.0,2025-01-23,50000.0,Pengembangan Lahan Produktif,Transfer,10.819798284210286,1,1,Berpotensi Churn,0.9999994,1
DAD-02932,342,1,50000.0,2025-01-23,50000.0,Pengembangan Lahan Produktif,Transfer,10.819798284210286,1,1,Berpotensi Churn,0.9999994,1
DAD-02933,342,1,50000.0,2025-01-23,50000.0,Pulihkan Duka Negeri Palestina,Transfer,10.819798284210286,1,1,Berpotensi Churn,0.9999994,1
DAD-02934,342,1,30000.0,2025-01-23,30000.0,Wakaf Pembangunan Masjid,Transfer,10.308985993422082,1,1,Berpotensi Churn,0.9999994,1
DAD-02935,320,3,30000.0,2025-02-14,10000.0,Pulihkan Duka Negeri Palestina,Transfer,10.308985993422082,1,1,Berpotensi Churn,0.99999845,1
DAD-02936,304,2,30000.0,2025-03-02,20000.0,Pengembangan Lahan Produktif,Transfer,10.308985993422082,1,1,Berpotensi Churn,0.9999993,1
DAD-02937,341,1,10000.0,2025-01-24,10000.0,Pengembangan Lahan Produktif,Transfer,9.210440366976517,1,1,Berpotensi Churn,0.9999994,1
DAD-02938,341,1,100000.0,2025-01-24,100000.0,Wakaf Pembangunan Masjid,Transfer,11.51293546492023,1,1,Berpotensi Churn,0.99999905,1
DAD-02939,341,1,200000.0,2025-01-24,200000.0,Pulihkan Duka Negeri Palestina,Transfer,12.206077645517674,1,1,Berpotensi Churn,0.9999988,1
DAD-02940,341,1,100000.0,2025-01-24,100000.0,Pengembangan Lahan Produktif,Transfer,11.51293546492023,1,1,Berpotensi Churn,0.99999905,1
DAD-02941,278,2,300000.0,2025-03-28,100000.0,Pulihkan Duka Negeri Palestina,Transfer,12.611541086966115,1,1,Berpotensi Churn,0.99999666,1
DAD-02942,340,1,50000.0,2025-01-25,50000.0,Pulihkan Duka Negeri Palestina,Transfer,10.819798284210286,1,1,Berpotensi Churn,0.9999994,1
DAD-02943,229,2,100000.0,2025-05-16,50000.0,Pulihkan Duka Negeri Palestina,Transfer,11.51293546492023,1,1,Berpotensi Churn,0.9999981,1
DAD-02944,339,1,300000.0,2025-01-26,300000.0,Pulihkan Duka Negeri Palestina,Transfer,12.611541086966115,1,1,Berpotensi Churn,0.99999833,1
DAD-02945,178,2,150412.0,2025-07-06,100412.0,Pulihkan Duka Negeri Palestina,Transfer,11.921140122932698,1,1,Berpotensi Churn,0.999998,1
DAD-02946,338,1,50200.0,2025-01-27,50200.0,Pulihkan Duka Negeri Palestina,Transfer,10.823790225800138,1,1,Berpotensi Churn,0.99999917,1
DAD-02947,321,3,84000.0,2025-02-13,40000.0,Pulihkan Duka Negeri Palestina,Transfer,11.338583982516495,1,1,Berpotensi Churn,0.9999976,1
DAD-02948,279,2,300000.0,2025-03-27,100000.0,Pulihkan Duka Negeri Palestina,Transfer,12.611541086966115,1,1,Berpotensi Churn,0.99999666,1
DAD-02951,335,1,50000.0,2025-01-30,50000.0,Wakaf Pembangunan Masjid,Transfer,10.819798284210286,1,1,Berpotensi Churn,0.9999994,1
DAD-02952,334,1,100000.0,2025-01-31,100000.0,Wakaf Pembangunan Masjid,Transfer,11.51293546492023,1,1,Berpotensi Churn,0.99999905,1
DAD-02953,333,1,100000.0,2025-02-01,100000.0,Pulihkan Duka Negeri Palestina,Transfer,11.51293546492023,1,1,Berpotensi Churn,0.99999905,1
DAD-02954,333,1,250206.0,2025-02-01,250206.0,Pulihkan Duka Negeri Palestina,Transfer,12.430043854241488,1,1,Berpotensi Churn,0.9999987,1
DAD-02958,330,1,250000.0,2025-02-04,250000.0,Sambung Hidup Dhuafa,Transfer,12.429220196836383,1,1,Berpotensi Churn,0.9999987,1
DAD-02959,330,1,12000.0,2025-02-04,12000.0,Sambung Hidup Dhuafa,Transfer,9.392745258631441,1,1,Berpotensi Churn,0.9999994,1
DAD-02961,54,5,250000.0,2025-11-07,50000.0,Wakaf Pembangunan Masjid,Transfer,12.429220196836383,1,1,Berpotensi Churn,0.999967,1
DAD-02962,327,1,50000.0,2025-02-07,50000.0,Wakaf Pembebasan Lahan,Transfer,10.819798284210286,1,1,Berpotensi Churn,0.9999994,1
DAD-02963,327,1,50000.0,2025-02-07,50000.0,Sambung Hidup Dhuafa,Transfer,10.819798284210286,1,1,Berpotensi Churn,0.9999994,1
DAD-02964,327,1,30000.0,2025-02-07,30000.0,Pulihkan Duka Negeri Palestina,Transfer,10.308985993422082,1,1,Berpotensi Churn,0.9999994,1
DAD-02965,285,3,210000.0,2025-03-21,70000.0,Pulihkan Duka Negeri Palestina,Transfer,12.25486757159303,1,1,Berpotensi Churn,0.99999464,1
DAD-02966,109,4,400000.0,2025-09-13,100000.0,Pulihkan Duka Negeri Palestina,Transfer,12.899222326086994,1,1,Berpotensi Churn,0.99994767,1
DAD-02967,326,1,250022.0,2025-02-08,250022.0,Pulihkan Duka Negeri Palestina,Transfer,12.429308192612643,1,1,Berpotensi Churn,0.9999987,1
DAD-02968,31,9,900000.0,2025-11-30,100000.0,Pulihkan Duka Negeri Palestina,Transfer,13.710151153416941,1,1,Berpotensi Churn,0.9998841,1
DAD-02969,159,2,150000.0,2025-07-25,50000.0,Pulihkan Duka Negeri Palestina,Transfer,11.918397239722838,1,1,Berpotensi Churn,0.999998,1
DAD-02970,324,1,50000.0,2025-02-10,50000.0,Pulihkan Duka Negeri Palestina,Transfer,10.819798284210286,1,1,Berpotensi Churn,0.9999994,1
DAD-02971,324,1,100131.0,2025-02-10,100131.0,Pulihkan Duka Negeri Palestina,Transfer,11.514244594536127,1,1,Berpotensi Churn,0.99999905,1
DAD-02972,324,1,50048.0,2025-02-10,50048.0,Syiar Qur'an Indonesia,Transfer,10.820757804523783,1,1,Berpotensi Churn,0.9999994,1
DAD-02973,304,2,106000.0,2025-03-02,51000.0,Pulihkan Duka Negeri Palestina,Transfer,11.571203807011969,1,1,Berpotensi Churn,0.9999987,1
DAD-02974,323,1,200000.0,2025-02-11,200000.0,Pulihkan Duka Negeri Palestina,Transfer,12.206077645517674,1,1,Berpotensi Churn,0.9999988,1
DAD-02975,323,1,250024.0,2025-02-11,250024.0,Pulihkan Duka Negeri Palestina,Transfer,12.429316191844716,1,1,Berpotensi Churn,0.9999987,1
DAD-02976,323,1,30000.0,2025-02-11,30000.0,Pulihkan Duka Negeri Palestina,Transfer,10.308985993422082,1,1,Berpotensi Churn,0.9999994,1
DAD-02977,285,2,90000.0,2025-03-21,40000.0,Sambung Hidup Dhuafa,Transfer,11.407576060361786,1,1,Berpotensi Churn,0.99999833,1
DAD-02978,322,1,150000.0,2025-02-12,150000.0,Pulihkan Duka Negeri Palestina,Transfer,11.918397239722838,1,1,Berpotensi Churn,0.9999989,1
DAD-02979,321,1,60000.0,2025-02-13,60000.0,Pulihkan Duka Negeri Palestina,Transfer,11.002116507732017,1,1,Berpotensi Churn,0.99999917,1
DAD-02980,110,11,1550000.0,2025-09-12,150000.0,Pulihkan Duka Negeri Palestina,Transfer,14.253766134056512,1,1,Berpotensi Churn,0.99890685,1
DAD-02981,321,1,50000.0,2025-02-13,50000.0,Pulihkan Duka Negeri Palestina,Transfer,10.819798284210286,1,1,Berpotensi Churn,0.9999994,1
DAD-02982,321,1,100000.0,2025-02-13,100000.0,Pulihkan Duka Negeri Palestina,Transfer,11.51293546492023,1,1,Berpotensi Churn,0.99999905,1
DAD-02983,264,3,700000.0,2025-04-11,300000.0,Pulihkan Duka Negeri Palestina,Transfer,13.45883704259595,1,1,Berpotensi Churn,0.99996316,1
DAD-02984,288,3,500000.0,2025-03-18,150000.0,Pulihkan Duka Negeri Palestina,Transfer,13.122365377402328,1,1,Berpotensi Churn,0.99997556,1
DAD-02985,248,2,75000.0,2025-04-27,50000.0,Syiar Qur'an Indonesia,Transfer,11.225256725762893,1,1,Berpotensi Churn,0.9999982,1
DAD-02986,320,1,100000.0,2025-02-14,100000.0,Wakaf Pembangunan Masjid,Transfer,11.51293546492023,1,1,Berpotensi Churn,0.99999905,1
DAD-02987,320,1,300000.0,2025-02-14,300000.0,Pulihkan Duka Negeri Palestina,Transfer,12.611541086966115,1,1,Berpotensi Churn,0.99999833,1
DAD-02988,320,1,200000.0,2025-02-14,200000.0,Pulihkan Duka Negeri Palestina,Transfer,12.206077645517674,1,1,Berpotensi Churn,0.9999988,1
DAD-02989,320,1,100000.0,2025-02-14,100000.0,Syiar Qur'an Indonesia,Transfer,11.51293546492023,1,1,Berpotensi Churn,0.99999905,1
DAD-02990,320,1,300000.0,2025-02-14,300000.0,Pulihkan Duka Negeri Palestina,Transfer,12.611541086966115,1,1,Berpotensi Churn,0.99999833,1
DAD-02991,222,3,250000.0,2025-05-23,100000.0,Pulihkan Duka Negeri Palestina,Transfer,12.429220196836383,1,1,Berpotensi Churn,0.9999939,1
DAD-02992,319,1,20000.0,2025-02-15,20000.0,Pulihkan Duka Negeri Palestina,Transfer,9.90353755128617,1,1,Berpotensi Churn,0.9999994,1
DAD-02993,318,1,100000.0,2025-02-16,100000.0,Pulihkan Duka Negeri Palestina,Transfer,11.51293546492023,1,1,Berpotensi Churn,0.99999905,1
DAD-02994,317,1,50000.0,2025-02-17,50000.0,Sambung Hidup Dhuafa,Transfer,10.819798284210286,1,1,Berpotensi Churn,0.9999994,1
DAD-02995,257,3,300000.0,2025-04-18,100000.0,Wakaf Pembangunan Masjid,Transfer,12.611541086966115,1,1,Berpotensi Churn,0.99999213,1
DAD-02996,121,2,200000.0,2025-09-01,100000.0,Pulihkan Duka Negeri Palestina,Transfer,12.206077645517674,1,1,Berpotensi Churn,0.9999924,1
DAD-02998,316,1,100000.0,2025-02-18,100000.0,Pulihkan Duka Negeri Palestina,Transfer,11.51293546492023,1,1,Berpotensi Churn,0.99999905,1
DAD-02999,316,1,50000.0,2025-02-18,50000.0,Sambung Hidup Dhuafa,Transfer,10.819798284210286,1,1,Berpotensi Churn,0.9999994,1
DAD-03000,292,2,200000.0,2025-03-14,100000.0,Pulihkan Duka Negeri Palestina,Transfer,12.206077645517674,1,1,Berpotensi Churn,0.999998,1
DAD-03001,128,13,163000.0,2025-08-25,10000.0,Pulihkan Duka Negeri Palestina,Transfer,12.001511614739405,1,1,Berpotensi Churn,0.99996424,1
DAD-03005,313,1,100000.0,2025-02-21,100000.0,Pulihkan Duka Negeri Palestina,Transfer,11.51293546492023,1,1,Berpotensi Churn,0.99999905,1
DAD-03006,311,1,250000.0,2025-02-23,250000.0,Pulihkan Duka Negeri Palestina,Transfer,12.429220196836383,1,1,Berpotensi Churn,0.99999857,1
DAD-03008,222,3,300000.0,2025-05-23,100000.0,Pulihkan Duka Negeri Palestina,Transfer,12.611541086966115,1,1,Berpotensi Churn,0.99999213,1
DAD-03009,282,11,220000.0,2025-03-24,120000.0,Syiar Qur'an Indonesia,Transfer,12.301387370778713,1,1,Berpotensi Churn,0.99998224,1
DAD-03011,152,2,100274.0,2025-08-01,50000.0,Syiar Qur'an Indonesia,Transfer,11.515671690638253,1,1,Berpotensi Churn,0.9999981,1
DAD-03012,307,1,100000.0,2025-02-27,100000.0,Pulihkan Duka Negeri Palestina,Transfer,11.51293546492023,1,1,Berpotensi Churn,0.99999905,1
DAD-03013,31,4,400000.0,2025-11-30,100000.0,Pulihkan Duka Negeri Palestina,Transfer,12.899222326086994,1,1,Berpotensi Churn,0.99994767,1
DAD-03014,306,1,50006.0,2025-02-28,50006.0,Pulihkan Duka Negeri Palestina,Transfer,10.819918274611197,1,1,Berpotensi Churn,0.9999994,1
DAD-03015,152,6,550000.0,2025-08-01,100000.0,Pulihkan Duka Negeri Palestina,Transfer,13.217675375388819,1,1,Berpotensi Churn,0.99994135,1
DAD-03016,26,5,1100000.0,2025-12-05,250000.0,Pulihkan Duka Negeri Palestina,Transfer,13.910821646859095,1,1,Berpotensi Churn,0.9999212,1
DAD-03017,306,1,100163.0,2025-02-28,100163.0,Pulihkan Duka Negeri Indonesia,Transfer,11.514564121638736,1,1,Berpotensi Churn,0.99999905,1
DAD-03018,306,1,50000.0,2025-02-28,50000.0,Pulihkan Duka Negeri Indonesia,Transfer,10.819798284210286,1,1,Berpotensi Churn,0.9999994,1
DAD-03019,284,2,200000.0,2025-03-22,100000.0,Pulihkan Duka Negeri Indonesia,Transfer,12.206077645517674,1,1,Berpotensi Churn,0.99999774,1
DAD-03020,305,1,90000.0,2025-03-01,90000.0,Sambung Hidup Dhuafa,Transfer,11.407576060361786,1,1,Berpotensi Churn,0.99999905,1
DAD-03021,305,1,150000.0,2025-03-01,150000.0,Pulihkan Duka Negeri Palestina,Transfer,11.918397239722838,1,1,Berpotensi Churn,0.9999989,1
DAD-03022,305,1,30000.0,2025-03-01,30000.0,Sambung Hidup Dhuafa,Transfer,10.308985993422082,1,1,Berpotensi Churn,0.9999994,1
DAD-03024,305,1,100000.0,2025-03-01,100000.0,Syiar Qur'an Indonesia,Transfer,11.51293546492023,1,1,Berpotensi Churn,0.99999905,1
DAD-03025,286,2,200000.0,2025-03-20,50000.0,Pulihkan Duka Negeri Palestina,Transfer,12.206077645517674,1,1,Berpotensi Churn,0.999998,1
DAD-03026,305,1,300000.0,2025-03-01,300000.0,Syiar Qur'an Indonesia,Transfer,12.611541086966115,1,1,Berpotensi Churn,0.9999982,1
DAD-03027,305,1,100000.0,2025-03-01,100000.0,Syiar Qur'an Indonesia,Transfer,11.51293546492023,1,1,Berpotensi Churn,0.99999905,1
DAD-03028,305,1,60000.0,2025-03-01,60000.0,Wakaf Pembangunan Masjid,Transfer,11.002116507732017,1,1,Berpotensi Churn,0.99999917,1
DAD-03029,305,1,100000.0,2025-03-01,100000.0,Syiar Qur'an Indonesia,Transfer,11.51293546492023,1,1,Berpotensi Churn,0.99999905,1
DAD-03030,305,1,100000.0,2025-03-01,100000.0,Syiar Qur'an Indonesia,Transfer,11.51293546492023,1,1,Berpotensi Churn,0.99999905,1
DAD-03031,152,2,350000.0,2025-08-01,200000.0,Pulihkan Duka Negeri Palestina,Transfer,12.765691290604371,1,1,Berpotensi Churn,0.99999547,1
DAD-03032,305,1,200000.0,2025-03-01,200000.0,Wakaf Pembangunan Masjid,Transfer,12.206077645517674,1,1,Berpotensi Churn,0.9999987,1
DAD-03033,305,1,200000.0,2025-03-01,200000.0,Syiar Qur'an Indonesia,Transfer,12.206077645517674,1,1,Berpotensi Churn,0.9999987,1
DAD-03034,305,1,150000.0,2025-03-01,150000.0,Sambung Hidup Dhuafa,Transfer,11.918397239722838,1,1,Berpotensi Churn,0.9999989,1
DAD-03035,305,1,150000.0,2025-03-01,150000.0,Pulihkan Duka Negeri Palestina,Transfer,11.918397239722838,1,1,Berpotensi Churn,0.9999989,1
DAD-03036,305,1,30000.0,2025-03-01,30000.0,Sambung Hidup Dhuafa,Transfer,10.308985993422082,1,1,Berpotensi Churn,0.9999994,1
DAD-03038,277,3,135000.0,2025-03-29,50000.0,Pulihkan Duka Negeri Palestina,Transfer,11.813037464800539,1,1,Berpotensi Churn,0.99999607,1
DAD-03039,305,1,100000.0,2025-03-01,100000.0,Syiar Qur'an Indonesia,Transfer,11.51293546492023,1,1,Berpotensi Churn,0.99999905,1
DAD-03040,75,14,680000.0,2025-10-17,50000.0,Wakaf Pembangunan Masjid,Transfer,13.429849547739444,1,1,Berpotensi Churn,0.99945134,1
DAD-03041,263,3,130000.0,2025-04-12,50000.0,Pulihkan Duka Negeri Palestina,Transfer,11.775297421715827,1,1,Berpotensi Churn,0.99999607,1
DAD-03042,304,1,130000.0,2025-03-02,130000.0,Syiar Qur'an Indonesia,Transfer,11.775297421715827,1,1,Berpotensi Churn,0.99999905,1
DAD-03043,124,2,100000.0,2025-08-29,50000.0,Pulihkan Duka Negeri Palestina,Transfer,11.51293546492023,1,1,Berpotensi Churn,0.99999607,1
DAD-03044,304,1,150000.0,2025-03-02,150000.0,Pulihkan Duka Negeri Palestina,Transfer,11.918397239722838,1,1,Berpotensi Churn,0.9999989,1
DAD-03045,304,1,100000.0,2025-03-02,100000.0,Syiar Qur'an Indonesia,Transfer,11.51293546492023,1,1,Berpotensi Churn,0.99999905,1
DAD-03046,270,1,200000.0,2025-04-05,200000.0,Wakaf Pembangunan Masjid,Transfer,12.206077645517674,1,1,Berpotensi Churn,0.99999833,1
DAD-03047,243,3,150000.0,2025-05-02,50000.0,Pulihkan Duka Negeri Palestina,Transfer,11.918397239722838,1,1,Berpotensi Churn,0.99999535,1
DAD-03048,304,1,100000.0,2025-03-02,100000.0,Syiar Qur'an Indonesia,Transfer,11.51293546492023,1,1,Berpotensi Churn,0.99999905,1
DAD-03049,303,1,200000.0,2025-03-03,200000.0,Pulihkan Duka Negeri Palestina,Transfer,12.206077645517674,1,1,Berpotensi Churn,0.9999987,1
DAD-03050,303,1,100001.0,2025-03-03,100001.0,Syiar Qur'an Indonesia,Transfer,11.512945464770231,1,1,Berpotensi Churn,0.99999905,1
DAD-03051,303,1,100000.0,2025-03-03,100000.0,Pulihkan Duka Negeri Palestina,Transfer,11.51293546492023,1,1,Berpotensi Churn,0.99999905,1
DAD-03052,303,1,60000.0,2025-03-03,60000.0,Sambung Hidup Dhuafa,Transfer,11.002116507732017,1,1,Berpotensi Churn,0.99999917,1
DAD-03053,18,3,200000.0,2025-12-13,50000.0,Pulihkan Duka Negeri Indonesia,Transfer,12.206077645517674,1,1,Berpotensi Churn,0.9999769,1
DAD-03054,303,1,100000.0,2025-03-03,100000.0,Syiar Qur'an Indonesia,Transfer,11.51293546492023,1,1,Berpotensi Churn,0.99999905,1
DAD-03055,296,1,300000.0,2025-03-10,300000.0,Pulihkan Duka Negeri Palestina,Transfer,12.611541086966115,1,1,Berpotensi Churn,0.999998,1
DAD-03056,303,1,300000.0,2025-03-03,300000.0,Pulihkan Duka Negeri Palestina,Transfer,12.611541086966115,1,1,Berpotensi Churn,0.9999982,1
DAD-03057,124,4,450000.0,2025-08-29,100000.0,Pulihkan Duka Negeri Palestina,Transfer,13.017005083966255,1,1,Berpotensi Churn,0.9999472,1
DAD-03058,303,1,60000.0,2025-03-03,60000.0,Sambung Hidup Dhuafa,Transfer,11.002116507732017,1,1,Berpotensi Churn,0.99999917,1
DAD-03059,303,1,100000.0,2025-03-03,100000.0,Syiar Qur'an Indonesia,Transfer,11.51293546492023,1,1,Berpotensi Churn,0.99999905,1
DAD-03060,303,1,150000.0,2025-03-03,150000.0,Pulihkan Duka Negeri Palestina,Transfer,11.918397239722838,1,1,Berpotensi Churn,0.9999989,1
DAD-03061,303,1,150000.0,2025-03-03,150000.0,Pulihkan Duka Negeri Palestina,Transfer,11.918397239722838,1,1,Berpotensi Churn,0.9999989,1
DAD-03062,302,1,100000.0,2025-03-04,100000.0,Pulihkan Duka Negeri Palestina,Transfer,11.51293546492023,1,1,Berpotensi Churn,0.99999905,1
DAD-03063,12,2,200000.0,2025-12-19,50000.0,Pulihkan Duka Negeri Indonesia,Transfer,12.206077645517674,1,1,Berpotensi Churn,0.9999893,1
DAD-03064,302,1,100000.0,2025-03-04,100000.0,Syiar Qur'an Indonesia,Transfer,11.51293546492023,1,1,Berpotensi Churn,0.99999905,1
DAD-03065,302,1,50000.0,2025-03-04,50000.0,Pulihkan Duka Negeri Palestina,Transfer,10.819798284210286,1,1,Berpotensi Churn,0.9999994,1
DAD-03066,302,1,150000.0,2025-03-04,150000.0,Pulihkan Duka Negeri Palestina,Transfer,11.918397239722838,1,1,Berpotensi Churn,0.9999989,1
DAD-03067,243,2,250000.0,2025-05-02,100000.0,Pulihkan Duka Negeri Palestina,Transfer,12.429220196836383,1,1,Berpotensi Churn,0.99999714,1
DAD-03068,302,1,300000.0,2025-03-04,300000.0,Sambung Hidup Dhuafa,Transfer,12.611541086966115,1,1,Berpotensi Churn,0.9999982,1
DAD-03069,17,5,300000.0,2025-12-14,100000.0,Pulihkan Duka Negeri Palestina,Transfer,12.611541086966115,1,1,Berpotensi Churn,0.9999541,1
DAD-03070,302,1,200000.0,2025-03-04,200000.0,Pulihkan Duka Negeri Palestina,Transfer,12.206077645517674,1,1,Berpotensi Churn,0.9999987,1
DAD-03071,302,1,100128.0,2025-03-04,100128.0,Pulihkan Duka Negeri Palestina,Transfer,11.514214633635099,1,1,Berpotensi Churn,0.99999905,1
DAD-03072,302,1,100000.0,2025-03-04,100000.0,Syiar Qur'an Indonesia,Transfer,11.51293546492023,1,1,Berpotensi Churn,0.99999905,1
DAD-03073,302,1,150000.0,2025-03-04,150000.0,Pulihkan Duka Negeri Palestina,Transfer,11.918397239722838,1,1,Berpotensi Churn,0.9999989,1
DAD-03074,302,1,20000.0,2025-03-04,20000.0,Wakaf Pembangunan Masjid,Transfer,9.90353755128617,1,1,Berpotensi Churn,0.9999994,1
DAD-03075,269,2,200000.0,2025-04-06,100000.0,Pulihkan Duka Negeri Palestina,Transfer,12.206077645517674,1,1,Berpotensi Churn,0.99999774,1
DAD-03076,302,1,30000.0,2025-03-04,30000.0,Sambung Hidup Dhuafa,Transfer,10.308985993422082,1,1,Berpotensi Churn,0.9999994,1
DAD-03077,16,6,600000.0,2025-12-15,100000.0,Wakaf Pembangunan Masjid,Transfer,13.304686600863562,1,1,Berpotensi Churn,0.99980026,1
DAD-03078,31,5,750000.0,2025-11-30,100000.0,Pulihkan Duka Negeri Indonesia,Transfer,13.527829818844937,1,1,Berpotensi Churn,0.9998894,1
DAD-03079,301,1,150000.0,2025-03-05,150000.0,Pulihkan Duka Negeri Indonesia,Transfer,11.918397239722838,1,1,Berpotensi Churn,0.9999989,1
DAD-03080,299,2,150000.0,2025-03-07,90000.0,Sambung Hidup Dhuafa,Transfer,11.918397239722838,1,1,Berpotensi Churn,0.9999987,1
DAD-03081,301,1,150000.0,2025-03-05,150000.0,Pulihkan Duka Negeri Palestina,Transfer,11.918397239722838,1,1,Berpotensi Churn,0.9999989,1
DAD-03082,17,5,790000.0,2025-12-14,100000.0,Pulihkan Duka Negeri Palestina,Transfer,13.579789490265188,1,1,Berpotensi Churn,0.99988484,1
DAD-03083,30,2,200000.0,2025-12-01,50000.0,Pulihkan Duka Negeri Indonesia,Transfer,12.206077645517674,1,1,Berpotensi Churn,0.9999901,1
DAD-03084,285,2,250000.0,2025-03-21,100000.0,Pulihkan Duka Negeri Indonesia,Transfer,12.429220196836383,1,1,Berpotensi Churn,0.9999974,1
DAD-03085,28,6,325000.0,2025-12-03,50000.0,Pulihkan Duka Negeri Palestina,Transfer,12.691583538230217,1,1,Berpotensi Churn,0.99994457,1
DAD-03086,109,1,200000.0,2025-09-13,200000.0,Pulihkan Duka Negeri Palestina,Transfer,12.206077645517674,1,1,Berpotensi Churn,0.9999931,1
DAD-03087,300,1,100000.0,2025-03-06,100000.0,Sambung Hidup Dhuafa,Transfer,11.51293546492023,1,1,Berpotensi Churn,0.99999905,1
DAD-03088,300,2,500000.0,2025-03-06,200000.0,Syiar Qur'an Indonesia,Transfer,13.122365377402328,1,1,Berpotensi Churn,0.99999034,1
DAD-03089,165,2,500000.0,2025-07-19,200000.0,Pulihkan Duka Negeri Palestina,Transfer,13.122365377402328,1,1,Berpotensi Churn,0.99998915,1
DAD-03090,299,2,200000.0,2025-03-07,100000.0,Pulihkan Duka Negeri Palestina,Transfer,12.206077645517674,1,1,Berpotensi Churn,0.99999833,1
DAD-03091,161,2,450000.0,2025-07-23,300000.0,Pulihkan Duka Negeri Palestina,Transfer,13.017005083966255,1,1,Berpotensi Churn,0.9999893,1
DAD-03092,300,1,150000.0,2025-03-06,150000.0,Pulihkan Duka Negeri Palestina,Transfer,11.918397239722838,1,1,Berpotensi Churn,0.9999989,1
DAD-03093,300,1,200000.0,2025-03-06,200000.0,Pulihkan Duka Negeri Palestina,Transfer,12.206077645517674,1,1,Berpotensi Churn,0.9999987,1
DAD-03094,300,1,50000.0,2025-03-06,50000.0,Sambung Hidup Dhuafa,Transfer,10.819798284210286,1,1,Berpotensi Churn,0.9999994,1
DAD-03095,300,1,50000.0,2025-03-06,50000.0,Pulihkan Duka Negeri Palestina,Transfer,10.819798284210286,1,1,Berpotensi Churn,0.9999994,1
DAD-03096,300,1,50000.0,2025-03-06,50000.0,Pulihkan Duka Negeri Palestina,Transfer,10.819798284210286,1,1,Berpotensi Churn,0.9999994,1
DAD-03097,299,1,50000.0,2025-03-07,50000.0,Pulihkan Duka Negeri Palestina,Transfer,10.819798284210286,1,1,Berpotensi Churn,0.9999994,1
DAD-03098,299,1,100000.0,2025-03-07,100000.0,Pulihkan Duka Negeri Palestina,Transfer,11.51293546492023,1,1,Berpotensi Churn,0.99999905,1
DAD-03099,299,1,50000.0,2025-03-07,50000.0,Pulihkan Duka Negeri Palestina,Transfer,10.819798284210286,1,1,Berpotensi Churn,0.9999994,1
DAD-03100,299,1,50000.0,2025-03-07,50000.0,Pulihkan Duka Negeri Palestina,Transfer,10.819798284210286,1,1,Berpotensi Churn,0.9999994,1
DAD-03101,299,1,50000.0,2025-03-07,50000.0,Pulihkan Duka Negeri Palestina,Transfer,10.819798284210286,1,1,Berpotensi Churn,0.9999994,1
DAD-03102,299,1,10000.0,2025-03-07,10000.0,Sambung Hidup Dhuafa,Transfer,9.210440366976517,1,1,Berpotensi Churn,0.9999994,1
DAD-03103,299,1,300000.0,2025-03-07,300000.0,Pulihkan Duka Negeri Palestina,Transfer,12.611541086966115,1,1,Berpotensi Churn,0.9999982,1
DAD-03104,299,1,100000.0,2025-03-07,100000.0,Pulihkan Duka Negeri Palestina,Transfer,11.51293546492023,1,1,Berpotensi Churn,0.99999905,1
DAD-03105,299,1,100000.0,2025-03-07,100000.0,Sambung Hidup Dhuafa,Transfer,11.51293546492023,1,1,Berpotensi Churn,0.99999905,1
DAD-03106,278,2,280000.0,2025-03-28,30000.0,Sambung Hidup Dhuafa,Transfer,12.54254845357358,1,1,Berpotensi Churn,0.9999963,1
DAD-03107,299,1,30000.0,2025-03-07,30000.0,Sambung Hidup Dhuafa,Transfer,10.308985993422082,1,1,Berpotensi Churn,0.9999994,1
DAD-03108,299,1,100000.0,2025-03-07,100000.0,Pulihkan Duka Negeri Palestina,Transfer,11.51293546492023,1,1,Berpotensi Churn,0.99999905,1
DAD-03109,299,1,200000.0,2025-03-07,200000.0,Syiar Qur'an Indonesia,Transfer,12.206077645517674,1,1,Berpotensi Churn,0.9999987,1
DAD-03110,299,1,100000.0,2025-03-07,100000.0,Pulihkan Duka Negeri Palestina,Transfer,11.51293546492023,1,1,Berpotensi Churn,0.99999905,1
DAD-03111,299,1,300000.0,2025-03-07,300000.0,Sambung Hidup Dhuafa,Transfer,12.611541086966115,1,1,Berpotensi Churn,0.9999982,1
DAD-03112,299,1,50000.0,2025-03-07,50000.0,Pulihkan Duka Negeri Palestina,Transfer,10.819798284210286,1,1,Berpotensi Churn,0.9999994,1
DAD-03113,299,1,300000.0,2025-03-07,300000.0,Pulihkan Duka Negeri Palestina,Transfer,12.611541086966115,1,1,Berpotensi Churn,0.9999982,1
DAD-03114,282,4,300000.0,2025-03-24,100000.0,Sambung Hidup Dhuafa,Transfer,12.611541086966115,1,1,Berpotensi Churn,0.9999918,1
DAD-03115,124,2,250000.0,2025-08-29,100000.0,Pulihkan Duka Negeri Palestina,Transfer,12.429220196836383,1,1,Berpotensi Churn,0.99999344,1
DAD-03116,299,1,150000.0,2025-03-07,150000.0,Pulihkan Duka Negeri Palestina,Transfer,11.918397239722838,1,1,Berpotensi Churn,0.9999989,1
DAD-03117,299,1,100000.0,2025-03-07,100000.0,Sambung Hidup Dhuafa,Transfer,11.51293546492023,1,1,Berpotensi Churn,0.99999905,1
DAD-03118,299,1,100000.0,2025-03-07,100000.0,Pulihkan Duka Negeri Palestina,Transfer,11.51293546492023,1,1,Berpotensi Churn,0.99999905,1
DAD-03119,299,1,25000.0,2025-03-07,25000.0,Pulihkan Duka Negeri Palestina,Transfer,10.12667110305036,1,1,Berpotensi Churn,0.9999994,1
DAD-03120,299,1,50000.0,2025-03-07,50000.0,Wali Asuh Santri,Transfer,10.819798284210286,1,1,Berpotensi Churn,0.9999994,1
DAD-03121,265,2,100000.0,2025-04-10,50000.0,Pulihkan Duka Negeri Palestina,Transfer,11.51293546492023,1,1,Berpotensi Churn,0.9999982,1
DAD-03122,299,1,100000.0,2025-03-07,100000.0,Syiar Qur'an Indonesia,Transfer,11.51293546492023,1,1,Berpotensi Churn,0.99999905,1
DAD-03123,283,2,250000.0,2025-03-23,100000.0,Pulihkan Duka Negeri Palestina,Transfer,12.429220196836383,1,1,Berpotensi Churn,0.9999974,1
DAD-03124,299,1,100000.0,2025-03-07,100000.0,Sambung Hidup Dhuafa,Transfer,11.51293546492023,1,1,Berpotensi Churn,0.99999905,1
DAD-03125,299,1,25000.0,2025-03-07,25000.0,Sambung Hidup Dhuafa,Transfer,10.12667110305036,1,1,Berpotensi Churn,0.9999994,1
DAD-03126,299,1,25000.0,2025-03-07,25000.0,Sambung Hidup Dhuafa,Transfer,10.12667110305036,1,1,Berpotensi Churn,0.9999994,1
DAD-03128,298,1,100000.0,2025-03-08,100000.0,Pulihkan Duka Negeri Palestina,Transfer,11.51293546492023,1,1,Berpotensi Churn,0.9999988,1
DAD-03129,31,9,1450000.0,2025-11-30,100000.0,Pulihkan Duka Negeri Palestina,Transfer,14.187074804051692,1,1,Berpotensi Churn,0.9991874,1
DAD-03130,298,1,25000.0,2025-03-08,25000.0,Sambung Hidup Dhuafa,Transfer,10.12667110305036,1,1,Berpotensi Churn,0.9999994,1
DAD-03131,124,3,800000.0,2025-08-29,200000.0,Pulihkan Duka Negeri Palestina,Transfer,13.592368256649284,1,1,Berpotensi Churn,0.9999461,1
DAD-03133,117,5,575000.0,2025-09-05,50000.0,Pulihkan Duka Negeri Palestina,Transfer,13.26212705890841,1,1,Berpotensi Churn,0.9998456,1
DAD-03134,29,5,290000.0,2025-12-02,70000.0,Pulihkan Duka Negeri Indonesia,Transfer,12.577639650232573,1,1,Berpotensi Churn,0.9999521,1
DAD-03135,298,1,150000.0,2025-03-08,150000.0,Pulihkan Duka Negeri Palestina,Transfer,11.918397239722838,1,1,Berpotensi Churn,0.9999988,1
DAD-03136,298,1,100000.0,2025-03-08,100000.0,Sambung Hidup Dhuafa,Transfer,11.51293546492023,1,1,Berpotensi Churn,0.9999988,1
DAD-03137,298,1,50000.0,2025-03-08,50000.0,Pulihkan Duka Negeri Palestina,Transfer,10.819798284210286,1,1,Berpotensi Churn,0.9999993,1
DAD-03138,298,1,100000.0,2025-03-08,100000.0,Pulihkan Duka Negeri Palestina,Transfer,11.51293546492023,1,1,Berpotensi Churn,0.9999988,1
DAD-03139,298,1,100000.0,2025-03-08,100000.0,Pulihkan Duka Negeri Palestina,Transfer,11.51293546492023,1,1,Berpotensi Churn,0.9999988,1
DAD-03140,298,1,100000.0,2025-03-08,100000.0,Pulihkan Duka Negeri Palestina,Transfer,11.51293546492023,1,1,Berpotensi Churn,0.9999988,1
DAD-03141,298,1,300000.0,2025-03-08,300000.0,Pulihkan Duka Negeri Palestina,Transfer,12.611541086966115,1,1,Berpotensi Churn,0.999998,1
DAD-03142,298,1,300000.0,2025-03-08,300000.0,Pulihkan Duka Negeri Palestina,Transfer,12.611541086966115,1,1,Berpotensi Churn,0.999998,1
DAD-03143,298,1,100000.0,2025-03-08,100000.0,Pulihkan Duka Negeri Palestina,Transfer,11.51293546492023,1,1,Berpotensi Churn,0.9999988,1
DAD-03144,298,1,30000.0,2025-03-08,30000.0,Sambung Hidup Dhuafa,Transfer,10.308985993422082,1,1,Berpotensi Churn,0.9999994,1
DAD-03145,298,1,30000.0,2025-03-08,30000.0,Pulihkan Duka Negeri Palestina,Transfer,10.308985993422082,1,1,Berpotensi Churn,0.9999994,1
DAD-03146,280,2,110000.0,2025-03-26,30000.0,Sambung Hidup Dhuafa,Transfer,11.608244735642321,1,1,Berpotensi Churn,0.9999982,1
DAD-03147,264,2,125000.0,2025-04-11,100000.0,Pulihkan Duka Negeri Palestina,Transfer,11.736077016252437,1,1,Berpotensi Churn,0.9999982,1
DAD-03148,298,1,100000.0,2025-03-08,100000.0,Pulihkan Duka Negeri Palestina,Transfer,11.51293546492023,1,1,Berpotensi Churn,0.9999988,1
DAD-03150,124,3,200000.0,2025-08-29,50000.0,Pulihkan Duka Negeri Palestina,Transfer,12.206077645517674,1,1,Berpotensi Churn,0.99998736,1
DAD-03151,144,5,500000.0,2025-08-09,100000.0,Pulihkan Duka Negeri Palestina,Transfer,13.122365377402328,1,1,Berpotensi Churn,0.9999651,1
DAD-03152,18,7,450000.0,2025-12-13,100000.0,Pulihkan Duka Negeri Palestina,Transfer,13.017005083966255,1,1,Berpotensi Churn,0.99985194,1
DAD-03153,284,1,250000.0,2025-03-22,250000.0,Pulihkan Duka Negeri Palestina,Transfer,12.429220196836383,1,1,Berpotensi Churn,0.9999981,1
DAD-03154,297,2,320000.0,2025-03-09,200000.0,Sambung Hidup Dhuafa,Cash,12.676079399771027,1,1,Berpotensi Churn,0.99999726,1
DAD-03155,297,1,150000.0,2025-03-09,150000.0,Pulihkan Duka Negeri Palestina,Transfer,11.918397239722838,1,1,Berpotensi Churn,0.9999988,1
DAD-03156,12,12,3000000.0,2025-12-19,200000.0,Pulihkan Duka Negeri Palestina,Transfer,14.914123179965662,1,1,Berpotensi Churn,0.9914922,1
DAD-03157,117,6,600000.0,2025-09-05,100000.0,Pulihkan Duka Negeri Palestina,Transfer,13.304686600863562,1,1,Berpotensi Churn,0.99981433,1
DAD-03158,297,1,300000.0,2025-03-09,300000.0,Pulihkan Duka Negeri Palestina,Transfer,12.611541086966115,1,1,Berpotensi Churn,0.999998,1
DAD-03159,297,1,150000.0,2025-03-09,150000.0,Pulihkan Duka Negeri Palestina,Transfer,11.918397239722838,1,1,Berpotensi Churn,0.9999988,1
DAD-03160,297,1,25000.0,2025-03-09,25000.0,Sambung Hidup Dhuafa,Transfer,10.12667110305036,1,1,Berpotensi Churn,0.9999994,1
DAD-03161,23,6,1200000.0,2025-12-08,200000.0,Pulihkan Duka Negeri Palestina,Transfer,13.997832948091215,1,1,Berpotensi Churn,0.99964356,1
DAD-03162,166,2,60211.0,2025-07-18,30000.0,Pulihkan Duka Negeri Palestina,Transfer,11.005626946980394,1,1,Berpotensi Churn,0.99999833,1
DAD-03163,271,2,350000.0,2025-04-04,200000.0,Pulihkan Duka Negeri Palestina,Transfer,12.765691290604371,1,1,Berpotensi Churn,0.99999547,1
DAD-03164,297,1,150000.0,2025-03-09,150000.0,Pulihkan Duka Negeri Palestina,Transfer,11.918397239722838,1,1,Berpotensi Churn,0.9999988,1
DAD-03165,145,4,550000.0,2025-08-08,100000.0,Pulihkan Duka Negeri Palestina,Transfer,13.217675375388819,1,1,Berpotensi Churn,0.99996316,1
DAD-03166,219,4,400000.0,2025-05-26,100000.0,Pulihkan Duka Negeri Palestina,Transfer,12.899222326086994,1,1,Berpotensi Churn,0.99998426,1
DAD-03167,297,1,100000.0,2025-03-09,100000.0,Pulihkan Duka Negeri Palestina,Transfer,11.51293546492023,1,1,Berpotensi Churn,0.9999988,1
DAD-03168,297,1,50000.0,2025-03-09,50000.0,Pulihkan Duka Negeri Palestina,Transfer,10.819798284210286,1,1,Berpotensi Churn,0.9999993,1
DAD-03169,297,1,100000.0,2025-03-09,100000.0,Pulihkan Duka Negeri Palestina,Transfer,11.51293546492023,1,1,Berpotensi Churn,0.9999988,1
DAD-03170,296,2,200000.0,2025-03-10,100000.0,Pulihkan Duka Negeri Palestina,Transfer,12.206077645517674,1,1,Berpotensi Churn,0.999998,1
DAD-03171,297,1,100000.0,2025-03-09,100000.0,Pulihkan Duka Negeri Palestina,Transfer,11.51293546492023,1,1,Berpotensi Churn,0.9999988,1
DAD-03172,297,1,300000.0,2025-03-09,300000.0,Pulihkan Duka Negeri Palestina,Transfer,12.611541086966115,1,1,Berpotensi Churn,0.999998,1
DAD-03173,297,1,80000.0,2025-03-09,80000.0,Pulihkan Duka Negeri Palestina,Transfer,11.289794413577894,1,1,Berpotensi Churn,0.9999989,1
DAD-03174,297,1,300000.0,2025-03-09,300000.0,Pulihkan Duka Negeri Palestina,Transfer,12.611541086966115,1,1,Berpotensi Churn,0.999998,1
DAD-03175,297,1,300000.0,2025-03-09,300000.0,Pulihkan Duka Negeri Palestina,Transfer,12.611541086966115,1,1,Berpotensi Churn,0.999998,1
DAD-03176,297,1,50000.0,2025-03-09,50000.0,Pulihkan Duka Negeri Palestina,Transfer,10.819798284210286,1,1,Berpotensi Churn,0.9999993,1
DAD-03177,297,1,300000.0,2025-03-09,300000.0,Pulihkan Duka Negeri Palestina,Transfer,12.611541086966115,1,1,Berpotensi Churn,0.999998,1
DAD-03178,297,1,100000.0,2025-03-09,100000.0,Pulihkan Duka Negeri Palestina,Transfer,11.51293546492023,1,1,Berpotensi Churn,0.9999988,1
DAD-03179,297,2,50000.0,2025-03-09,10000.0,Sambung Hidup Dhuafa,Cash,10.819798284210286,1,1,Berpotensi Churn,0.99999905,1
DAD-03180,255,2,210000.0,2025-04-20,140000.0,Pulihkan Duka Negeri Palestina,Transfer,12.25486757159303,1,1,Berpotensi Churn,0.99999714,1
DAD-03181,296,1,100000.0,2025-03-10,100000.0,Pulihkan Duka Negeri Palestina,Transfer,11.51293546492023,1,1,Berpotensi Churn,0.9999988,1
DAD-03182,296,1,150000.0,2025-03-10,150000.0,Pulihkan Duka Negeri Palestina,Transfer,11.918397239722838,1,1,Berpotensi Churn,0.9999988,1
DAD-03183,296,1,300000.0,2025-03-10,300000.0,Pulihkan Duka Negeri Palestina,Transfer,12.611541086966115,1,1,Berpotensi Churn,0.999998,1
DAD-03184,124,2,150000.0,2025-08-29,50000.0,Pulihkan Duka Negeri Palestina,Transfer,11.918397239722838,1,1,Berpotensi Churn,0.9999957,1
DAD-03185,296,1,300000.0,2025-03-10,300000.0,Pulihkan Duka Negeri Palestina,Transfer,12.611541086966115,1,1,Berpotensi Churn,0.999998,1
DAD-03186,271,2,150000.0,2025-04-04,50000.0,Pulihkan Duka Negeri Palestina,Transfer,11.918397239722838,1,1,Berpotensi Churn,0.9999981,1
DAD-03188,296,2,175000.0,2025-03-10,150000.0,Pulihkan Duka Negeri Palestina,Transfer,12.07254696717504,1,1,Berpotensi Churn,0.999998,1
DAD-03189,296,1,100000.0,2025-03-10,100000.0,Pulihkan Duka Negeri Palestina,Transfer,11.51293546492023,1,1,Berpotensi Churn,0.9999988,1
DAD-03190,296,1,300000.0,2025-03-10,300000.0,Wakaf Pembangunan Masjid,Transfer,12.611541086966115,1,1,Berpotensi Churn,0.999998,1
DAD-03191,296,1,300000.0,2025-03-10,300000.0,Pulihkan Duka Negeri Palestina,Transfer,12.611541086966115,1,1,Berpotensi Churn,0.999998,1
DAD-03192,296,1,300000.0,2025-03-10,300000.0,Pulihkan Duka Negeri Palestina,Transfer,12.611541086966115,1,1,Berpotensi Churn,0.999998,1
DAD-03193,296,1,100000.0,2025-03-10,100000.0,Pulihkan Duka Negeri Palestina,Transfer,11.51293546492023,1,1,Berpotensi Churn,0.9999988,1
DAD-03194,28,5,650000.0,2025-12-03,200000.0,Pulihkan Duka Negeri Palestina,Transfer,13.384729180332174,1,1,Berpotensi Churn,0.99985254,1
DAD-03195,279,2,100000.0,2025-03-27,50000.0,Pulihkan Duka Negeri Palestina,Transfer,11.51293546492023,1,1,Berpotensi Churn,0.9999982,1
DAD-03196,296,1,300000.0,2025-03-10,300000.0,Pulihkan Duka Negeri Palestina,Transfer,12.611541086966115,1,1,Berpotensi Churn,0.999998,1
DAD-03197,243,2,105000.0,2025-05-02,30000.0,Pulihkan Duka Negeri Palestina,Transfer,11.561725152903833,1,1,Berpotensi Churn,0.9999981,1
DAD-03198,296,1,30000.0,2025-03-10,30000.0,Sambung Hidup Dhuafa,Transfer,10.308985993422082,1,1,Berpotensi Churn,0.9999994,1
DAD-03199,296,1,300000.0,2025-03-10,300000.0,Pulihkan Duka Negeri Palestina,Transfer,12.611541086966115,1,1,Berpotensi Churn,0.999998,1
DAD-03200,296,1,300000.0,2025-03-10,300000.0,Pulihkan Duka Negeri Palestina,Transfer,12.611541086966115,1,1,Berpotensi Churn,0.999998,1
DAD-03201,219,16,2253460.0,2025-05-26,200224.0,Pulihkan Duka Negeri Palestina,Transfer,14.627977814550835,1,1,Berpotensi Churn,0.96394247,1
DAD-03202,124,2,150000.0,2025-08-29,50000.0,Pulihkan Duka Negeri Palestina,Transfer,11.918397239722838,1,1,Berpotensi Churn,0.9999957,1
DAD-03203,295,1,90000.0,2025-03-11,90000.0,Pulihkan Duka Negeri Palestina,Transfer,11.407576060361786,1,1,Berpotensi Churn,0.9999989,1
DAD-03204,295,1,150000.0,2025-03-11,150000.0,Pulihkan Duka Negeri Palestina,Transfer,11.918397239722838,1,1,Berpotensi Churn,0.9999988,1
DAD-03205,295,1,300000.0,2025-03-11,300000.0,Pulihkan Duka Negeri Palestina,Transfer,12.611541086966115,1,1,Berpotensi Churn,0.999998,1
DAD-03206,295,1,50000.0,2025-03-11,50000.0,Sambung Hidup Dhuafa,Transfer,10.819798284210286,1,1,Berpotensi Churn,0.9999993,1
DAD-03207,295,1,300000.0,2025-03-11,300000.0,Pulihkan Duka Negeri Palestina,Transfer,12.611541086966115,1,1,Berpotensi Churn,0.999998,1
DAD-03208,261,2,85000.0,2025-04-14,35000.0,Pulihkan Duka Negeri Palestina,Transfer,11.350418300109132,1,1,Berpotensi Churn,0.9999982,1
DAD-03209,158,3,150000.0,2025-07-26,50000.0,Pulihkan Duka Negeri Palestina,Transfer,11.918397239722838,1,1,Berpotensi Churn,0.99999523,1
DAD-03210,295,1,200000.0,2025-03-11,200000.0,Syiar Qur'an Indonesia,Transfer,12.206077645517674,1,1,Berpotensi Churn,0.99999857,1
DAD-03211,295,1,150000.0,2025-03-11,150000.0,Pulihkan Duka Negeri Palestina,Transfer,11.918397239722838,1,1,Berpotensi Churn,0.9999988,1
DAD-03212,295,1,300000.0,2025-03-11,300000.0,Pulihkan Duka Negeri Palestina,Transfer,12.611541086966115,1,1,Berpotensi Churn,0.999998,1
DAD-03213,295,1,100000.0,2025-03-11,100000.0,Pulihkan Duka Negeri Palestina,Transfer,11.51293546492023,1,1,Berpotensi Churn,0.9999988,1
DAD-03214,295,1,100000.0,2025-03-11,100000.0,Sambung Hidup Dhuafa,Transfer,11.51293546492023,1,1,Berpotensi Churn,0.9999988,1
DAD-03215,295,1,200000.0,2025-03-11,200000.0,Pulihkan Duka Negeri Palestina,Transfer,12.206077645517674,1,1,Berpotensi Churn,0.99999857,1
DAD-03216,295,1,100000.0,2025-03-11,100000.0,Pulihkan Duka Negeri Palestina,Transfer,11.51293546492023,1,1,Berpotensi Churn,0.9999988,1
DAD-03217,295,1,30000.0,2025-03-11,30000.0,Pulihkan Duka Negeri Palestina,Transfer,10.308985993422082,1,1,Berpotensi Churn,0.9999994,1
DAD-03218,295,1,250000.0,2025-03-11,250000.0,Sambung Hidup Dhuafa,Transfer,12.429220196836383,1,1,Berpotensi Churn,0.99999833,1
DAD-03219,28,2,450000.0,2025-12-03,200000.0,Pulihkan Duka Negeri Indonesia,Transfer,13.017005083966255,1,1,Berpotensi Churn,0.9999622,1
DAD-03220,295,1,50000.0,2025-03-11,50000.0,Sambung Hidup Dhuafa,Transfer,10.819798284210286,1,1,Berpotensi Churn,0.9999993,1
DAD-03221,295,1,100000.0,2025-03-11,100000.0,Pulihkan Duka Negeri Palestina,Transfer,11.51293546492023,1,1,Berpotensi Churn,0.9999988,1
DAD-03222,295,1,300000.0,2025-03-11,300000.0,Pulihkan Duka Negeri Palestina,Transfer,12.611541086966115,1,1,Berpotensi Churn,0.999998,1
DAD-03223,295,1,50000.0,2025-03-11,50000.0,Sambung Hidup Dhuafa,Transfer,10.819798284210286,1,1,Berpotensi Churn,0.9999993,1
DAD-03224,295,1,50000.0,2025-03-11,50000.0,Sambung Hidup Dhuafa,Transfer,10.819798284210286,1,1,Berpotensi Churn,0.9999993,1
DAD-03225,295,1,200000.0,2025-03-11,200000.0,Pulihkan Duka Negeri Palestina,Transfer,12.206077645517674,1,1,Berpotensi Churn,0.99999857,1
DAD-03226,27,2,100000.0,2025-12-04,50000.0,Pulihkan Duka Negeri Indonesia,Transfer,11.51293546492023,1,1,Berpotensi Churn,0.9999933,1
DAD-03227,295,1,100000.0,2025-03-11,100000.0,Pulihkan Duka Negeri Palestina,Transfer,11.51293546492023,1,1,Berpotensi Churn,0.9999988,1
DAD-03228,295,1,100000.0,2025-03-11,100000.0,Pulihkan Duka Negeri Palestina,Transfer,11.51293546492023,1,1,Berpotensi Churn,0.9999988,1
DAD-03229,295,1,50000.0,2025-03-11,50000.0,Sambung Hidup Dhuafa,Transfer,10.819798284210286,1,1,Berpotensi Churn,0.9999993,1
DAD-03230,294,1,50000.0,2025-03-12,50000.0,Pulihkan Duka Negeri Palestina,Transfer,10.819798284210286,1,1,Berpotensi Churn,0.9999993,1
DAD-03231,294,1,100000.0,2025-03-12,100000.0,Pulihkan Duka Negeri Palestina,Transfer,11.51293546492023,1,1,Berpotensi Churn,0.9999988,1
DAD-03232,237,2,250047.0,2025-05-08,150000.0,Pulihkan Duka Negeri Palestina,Transfer,12.429408178414743,1,1,Berpotensi Churn,0.99999714,1
DAD-03233,294,1,30000.0,2025-03-12,30000.0,Pulihkan Duka Negeri Palestina,Transfer,10.308985993422082,1,1,Berpotensi Churn,0.9999994,1
DAD-03234,294,1,100000.0,2025-03-12,100000.0,Syiar Qur'an Indonesia,Transfer,11.51293546492023,1,1,Berpotensi Churn,0.9999988,1
DAD-03235,294,1,100000.0,2025-03-12,100000.0,Pulihkan Duka Negeri Palestina,Transfer,11.51293546492023,1,1,Berpotensi Churn,0.9999988,1
DAD-03236,294,1,100000.0,2025-03-12,100000.0,Syiar Qur'an Indonesia,Transfer,11.51293546492023,1,1,Berpotensi Churn,0.9999988,1
DAD-03237,247,2,400000.0,2025-04-28,200000.0,Pulihkan Duka Negeri Palestina,Transfer,12.899222326086994,1,1,Berpotensi Churn,0.99999285,1
DAD-03238,134,3,220000.0,2025-08-19,100000.0,Pulihkan Duka Negeri Palestina,Transfer,12.301387370778713,1,1,Berpotensi Churn,0.9999877,1
DAD-03239,294,1,30000.0,2025-03-12,30000.0,Pulihkan Duka Negeri Palestina,Transfer,10.308985993422082,1,1,Berpotensi Churn,0.9999994,1
DAD-03240,222,2,550000.0,2025-05-23,250000.0,Pulihkan Duka Negeri Palestina,Transfer,13.217675375388819,1,1,Berpotensi Churn,0.9999788,1
DAD-03241,14,7,1050000.0,2025-12-17,100000.0,Pulihkan Duka Negeri Palestina,Transfer,13.864301674514206,1,1,Berpotensi Churn,0.9999292,1
DAD-03242,294,1,100000.0,2025-03-12,100000.0,Wakaf Pembangunan Masjid,Transfer,11.51293546492023,1,1,Berpotensi Churn,0.9999988,1
DAD-03243,294,1,100000.0,2025-03-12,100000.0,Syiar Qur'an Indonesia,Transfer,11.51293546492023,1,1,Berpotensi Churn,0.9999988,1
DAD-03244,294,2,150000.0,2025-03-12,50000.0,Pulihkan Duka Negeri Palestina,Transfer,11.918397239722838,1,1,Berpotensi Churn,0.99999833,1
DAD-03245,294,1,50000.0,2025-03-12,50000.0,Pulihkan Duka Negeri Palestina,Transfer,10.819798284210286,1,1,Berpotensi Churn,0.9999993,1
DAD-03246,159,2,150000.0,2025-07-25,50000.0,Syiar Qur'an Indonesia,Transfer,11.918397239722838,1,1,Berpotensi Churn,0.999998,1
DAD-03247,293,1,150000.0,2025-03-13,150000.0,Syiar Qur'an Indonesia,Transfer,11.918397239722838,1,1,Berpotensi Churn,0.9999988,1
DAD-03248,293,1,200000.0,2025-03-13,200000.0,Pulihkan Duka Negeri Palestina,Transfer,12.206077645517674,1,1,Berpotensi Churn,0.99999857,1
DAD-03249,293,1,150000.0,2025-03-13,150000.0,Pulihkan Duka Negeri Palestina,Transfer,11.918397239722838,1,1,Berpotensi Churn,0.9999988,1
DAD-03250,139,4,400000.0,2025-08-14,100000.0,Pulihkan Duka Negeri Palestina,Transfer,12.899222326086994,1,1,Berpotensi Churn,0.9999831,1
DAD-03251,293,1,100000.0,2025-03-13,100000.0,Syiar Qur'an Indonesia,Transfer,11.51293546492023,1,1,Berpotensi Churn,0.9999988,1
DAD-03252,293,1,100000.0,2025-03-13,100000.0,Pulihkan Duka Negeri Palestina,Transfer,11.51293546492023,1,1,Berpotensi Churn,0.9999988,1
DAD-03253,18,2,150000.0,2025-12-13,50000.0,Pulihkan Duka Negeri Indonesia,Transfer,11.918397239722838,1,1,Berpotensi Churn,0.99999225,1
DAD-03254,293,2,450000.0,2025-03-13,300000.0,Pulihkan Duka Negeri Palestina,Transfer,13.017005083966255,1,1,Berpotensi Churn,0.9999887,1
DAD-03255,228,2,250000.0,2025-05-17,150000.0,Pulihkan Duka Negeri Palestina,Transfer,12.429220196836383,1,1,Berpotensi Churn,0.99999714,1
DAD-03256,246,5,250130.0,2025-04-29,50026.0,Syiar Qur'an Indonesia,Transfer,12.429740059604324,1,1,Berpotensi Churn,0.99999106,1
DAD-03257,293,1,230000.0,2025-03-13,230000.0,Pulihkan Duka Negeri Palestina,Transfer,12.345838935721968,1,1,Berpotensi Churn,0.99999833,1
DAD-03258,293,1,300000.0,2025-03-13,300000.0,Pulihkan Duka Negeri Palestina,Transfer,12.611541086966115,1,1,Berpotensi Churn,0.999998,1
DAD-03259,110,2,200000.0,2025-09-12,100000.0,Pulihkan Duka Negeri Palestina,Transfer,12.206077645517674,1,1,Berpotensi Churn,0.9999901,1
DAD-03260,293,1,25000.0,2025-03-13,25000.0,Sambung Hidup Dhuafa,Transfer,10.12667110305036,1,1,Berpotensi Churn,0.9999994,1
DAD-03261,293,1,25000.0,2025-03-13,25000.0,Sambung Hidup Dhuafa,Transfer,10.12667110305036,1,1,Berpotensi Churn,0.9999994,1
DAD-03262,18,6,550000.0,2025-12-13,100000.0,Pulihkan Duka Negeri Palestina,Transfer,13.217675375388819,1,1,Berpotensi Churn,0.99980026,1
DAD-03263,293,1,20000.0,2025-03-13,20000.0,Wakaf Pembangunan Masjid,Transfer,9.90353755128617,1,1,Berpotensi Churn,0.9999994,1
DAD-03264,292,1,100000.0,2025-03-14,100000.0,Pulihkan Duka Negeri Palestina,Transfer,11.51293546492023,1,1,Berpotensi Churn,0.9999988,1
DAD-03265,210,2,200000.0,2025-06-04,100000.0,Pulihkan Duka Negeri Palestina,Transfer,12.206077645517674,1,1,Berpotensi Churn,0.9999975,1
DAD-03266,124,2,200000.0,2025-08-29,100000.0,Pulihkan Duka Negeri Palestina,Transfer,12.206077645517674,1,1,Berpotensi Churn,0.99999416,1
DAD-03267,128,3,150000.0,2025-08-25,50000.0,Pulihkan Duka Negeri Palestina,Transfer,11.918397239722838,1,1,Berpotensi Churn,0.99999034,1
DAD-03268,292,1,50000.0,2025-03-14,50000.0,Pulihkan Duka Negeri Palestina,Transfer,10.819798284210286,1,1,Berpotensi Churn,0.9999993,1
DAD-03269,292,1,100000.0,2025-03-14,100000.0,Pulihkan Duka Negeri Palestina,Transfer,11.51293546492023,1,1,Berpotensi Churn,0.9999988,1
DAD-03270,292,1,20000.0,2025-03-14,20000.0,Pulihkan Duka Negeri Palestina,Transfer,9.90353755128617,1,1,Berpotensi Churn,0.9999994,1
DAD-03271,222,4,200176.0,2025-05-23,50044.0,Pulihkan Duka Negeri Palestina,Transfer,12.206957254148572,1,1,Berpotensi Churn,0.99999356,1
DAD-03272,292,1,100000.0,2025-03-14,100000.0,Pulihkan Duka Negeri Palestina,Transfer,11.51293546492023,1,1,Berpotensi Churn,0.9999988,1
DAD-03273,222,4,200000.0,2025-05-23,50000.0,Sambung Hidup Dhuafa,Transfer,12.206077645517674,1,1,Berpotensi Churn,0.99999356,1
DAD-03274,292,1,200000.0,2025-03-14,200000.0,Pulihkan Duka Negeri Palestina,Transfer,12.206077645517674,1,1,Berpotensi Churn,0.99999857,1
DAD-03275,292,1,250000.0,2025-03-14,250000.0,Pulihkan Duka Negeri Palestina,Transfer,12.429220196836383,1,1,Berpotensi Churn,0.99999833,1
DAD-03276,280,4,180000.0,2025-03-26,50000.0,Pulihkan Duka Negeri Palestina,Transfer,12.100717685412471,1,1,Berpotensi Churn,0.9999943,1
DAD-03277,292,1,135000.0,2025-03-14,135000.0,Syiar Qur'an Indonesia,Transfer,11.813037464800539,1,1,Berpotensi Churn,0.9999988,1
DAD-03278,292,1,100000.0,2025-03-14,100000.0,Pulihkan Duka Negeri Indonesia,Transfer,11.51293546492023,1,1,Berpotensi Churn,0.9999988,1
DAD-03279,292,1,25000.0,2025-03-14,25000.0,Sambung Hidup Dhuafa,Transfer,10.12667110305036,1,1,Berpotensi Churn,0.9999994,1
DAD-03280,292,1,100000.0,2025-03-14,100000.0,Wakaf Pembangunan Masjid,Transfer,11.51293546492023,1,1,Berpotensi Churn,0.9999988,1
DAD-03281,292,1,50000.0,2025-03-14,50000.0,Wakaf Pembangunan Masjid,Transfer,10.819798284210286,1,1,Berpotensi Churn,0.9999993,1
DAD-03282,292,1,50000.0,2025-03-14,50000.0,Pulihkan Duka Negeri Palestina,Transfer,10.819798284210286,1,1,Berpotensi Churn,0.9999993,1
DAD-03283,292,1,50000.0,2025-03-14,50000.0,Pulihkan Duka Negeri Palestina,Transfer,10.819798284210286,1,1,Berpotensi Churn,0.9999993,1
DAD-03284,292,1,90000.0,2025-03-14,90000.0,Pulihkan Duka Negeri Palestina,Transfer,11.407576060361786,1,1,Berpotensi Churn,0.9999989,1
DAD-03285,292,1,100000.0,2025-03-14,100000.0,Syiar Qur'an Indonesia,Transfer,11.51293546492023,1,1,Berpotensi Churn,0.9999988,1
DAD-03286,292,1,50000.0,2025-03-14,50000.0,Pulihkan Duka Negeri Palestina,Transfer,10.819798284210286,1,1,Berpotensi Churn,0.9999993,1
DAD-03287,292,1,50000.0,2025-03-14,50000.0,Pulihkan Duka Negeri Palestina,Transfer,10.819798284210286,1,1,Berpotensi Churn,0.9999993,1
DAD-03288,292,1,100000.0,2025-03-14,100000.0,Pulihkan Duka Negeri Palestina,Transfer,11.51293546492023,1,1,Berpotensi Churn,0.9999988,1
DAD-03289,130,6,750000.0,2025-08-23,100000.0,Pulihkan Duka Negeri Palestina,Transfer,13.527829818844937,1,1,Berpotensi Churn,0.99992883,1
DAD-03290,292,1,25000.0,2025-03-14,25000.0,Sambung Hidup Dhuafa,Transfer,10.12667110305036,1,1,Berpotensi Churn,0.9999994,1
DAD-03291,292,1,25000.0,2025-03-14,25000.0,Sambung Hidup Dhuafa,Transfer,10.12667110305036,1,1,Berpotensi Churn,0.9999994,1
DAD-03292,292,1,50000.0,2025-03-14,50000.0,Pulihkan Duka Negeri Palestina,Transfer,10.819798284210286,1,1,Berpotensi Churn,0.9999993,1
DAD-03293,291,2,200000.0,2025-03-15,100000.0,Pulihkan Duka Negeri Palestina,Transfer,12.206077645517674,1,1,Berpotensi Churn,0.999998,1
DAD-03294,292,1,10000.0,2025-03-14,10000.0,Pulihkan Duka Negeri Palestina,Transfer,9.210440366976517,1,1,Berpotensi Churn,0.9999994,1
DAD-03295,292,1,100000.0,2025-03-14,100000.0,Sambung Hidup Dhuafa,Transfer,11.51293546492023,1,1,Berpotensi Churn,0.9999988,1
DAD-03297,292,1,100000.0,2025-03-14,100000.0,Pulihkan Duka Negeri Palestina,Transfer,11.51293546492023,1,1,Berpotensi Churn,0.9999988,1
DAD-03298,292,1,50000.0,2025-03-14,50000.0,Pulihkan Duka Negeri Palestina,Transfer,10.819798284210286,1,1,Berpotensi Churn,0.9999993,1
DAD-03299,292,1,50000.0,2025-03-14,50000.0,Pulihkan Duka Negeri Palestina,Transfer,10.819798284210286,1,1,Berpotensi Churn,0.9999993,1
DAD-03300,292,1,25000.0,2025-03-14,25000.0,Pulihkan Duka Negeri Palestina,Transfer,10.12667110305036,1,1,Berpotensi Churn,0.9999994,1
DAD-03301,278,2,200000.0,2025-03-28,100000.0,Pulihkan Duka Negeri Palestina,Transfer,12.206077645517674,1,1,Berpotensi Churn,0.99999774,1
DAD-03302,292,1,50000.0,2025-03-14,50000.0,Pulihkan Duka Negeri Indonesia,Transfer,10.819798284210286,1,1,Berpotensi Churn,0.9999993,1
DAD-03303,292,1,25000.0,2025-03-14,25000.0,Sambung Hidup Dhuafa,Transfer,10.12667110305036,1,1,Berpotensi Churn,0.9999994,1
DAD-03304,291,1,100000.0,2025-03-15,100000.0,Pulihkan Duka Negeri Palestina,Transfer,11.51293546492023,1,1,Berpotensi Churn,0.9999988,1
DAD-03305,291,1,150000.0,2025-03-15,150000.0,Pulihkan Duka Negeri Palestina,Transfer,11.918397239722838,1,1,Berpotensi Churn,0.9999988,1
DAD-03306,291,1,50000.0,2025-03-15,50000.0,Pulihkan Duka Negeri Palestina,Transfer,10.819798284210286,1,1,Berpotensi Churn,0.9999993,1
DAD-03307,291,1,100000.0,2025-03-15,100000.0,Pulihkan Duka Negeri Palestina,Transfer,11.51293546492023,1,1,Berpotensi Churn,0.9999988,1
DAD-03308,291,1,50000.0,2025-03-15,50000.0,Pulihkan Duka Negeri Palestina,Transfer,10.819798284210286,1,1,Berpotensi Churn,0.9999993,1
DAD-03309,291,1,50000.0,2025-03-15,50000.0,Pulihkan Duka Negeri Indonesia,Transfer,10.819798284210286,1,1,Berpotensi Churn,0.9999993,1
DAD-03310,291,1,50000.0,2025-03-15,50000.0,Pulihkan Duka Negeri Palestina,Transfer,10.819798284210286,1,1,Berpotensi Churn,0.9999993,1
DAD-03312,259,3,350000.0,2025-04-16,150000.0,Syiar Qur'an Indonesia,Transfer,12.765691290604371,1,1,Berpotensi Churn,0.9999896,1
DAD-03313,291,1,50000.0,2025-03-15,50000.0,Pulihkan Duka Negeri Palestina,Transfer,10.819798284210286,1,1,Berpotensi Churn,0.9999993,1
DAD-03314,229,2,150000.0,2025-05-16,100000.0,Pulihkan Duka Negeri Palestina,Transfer,11.918397239722838,1,1,Berpotensi Churn,0.99999785,1
DAD-03315,290,1,50000.0,2025-03-16,50000.0,Syiar Qur'an Indonesia,Transfer,10.819798284210286,1,1,Berpotensi Churn,0.9999993,1
DAD-03316,290,2,150000.0,2025-03-16,50000.0,Pulihkan Duka Negeri Indonesia,Transfer,11.918397239722838,1,1,Berpotensi Churn,0.99999833,1
DAD-03317,289,1,100000.0,2025-03-17,100000.0,Pulihkan Duka Negeri Palestina,Transfer,11.51293546492023,1,1,Berpotensi Churn,0.9999988,1
DAD-03318,289,1,300000.0,2025-03-17,300000.0,Pulihkan Duka Negeri Palestina,Transfer,12.611541086966115,1,1,Berpotensi Churn,0.999998,1
DAD-03319,289,1,150000.0,2025-03-17,150000.0,Pulihkan Duka Negeri Palestina,Transfer,11.918397239722838,1,1,Berpotensi Churn,0.9999988,1
DAD-03320,289,1,200000.0,2025-03-17,200000.0,Wakaf Pembangunan Masjid,Transfer,12.206077645517674,1,1,Berpotensi Churn,0.99999857,1
DAD-03322,289,1,300000.0,2025-03-17,300000.0,Pulihkan Duka Negeri Palestina,Transfer,12.611541086966115,1,1,Berpotensi Churn,0.999998,1
DAD-03323,289,1,300000.0,2025-03-17,300000.0,Pulihkan Duka Negeri Palestina,Transfer,12.611541086966115,1,1,Berpotensi Churn,0.999998,1
DAD-03324,289,1,50000.0,2025-03-17,50000.0,Pulihkan Duka Negeri Palestina,Transfer,10.819798284210286,1,1,Berpotensi Churn,0.9999993,1
DAD-03325,289,1,30000.0,2025-03-17,30000.0,Pulihkan Duka Negeri Palestina,Transfer,10.308985993422082,1,1,Berpotensi Churn,0.9999994,1
DAD-03326,289,1,300000.0,2025-03-17,300000.0,Pulihkan Duka Negeri Palestina,Transfer,12.611541086966115,1,1,Berpotensi Churn,0.999998,1
DAD-03327,289,1,50000.0,2025-03-17,50000.0,Pulihkan Duka Negeri Palestina,Transfer,10.819798284210286,1,1,Berpotensi Churn,0.9999993,1
DAD-03328,244,2,200000.0,2025-05-01,100000.0,Pulihkan Duka Negeri Palestina,Transfer,12.206077645517674,1,1,Berpotensi Churn,0.9999974,1
DAD-03329,289,1,50000.0,2025-03-17,50000.0,Pulihkan Duka Negeri Palestina,Transfer,10.819798284210286,1,1,Berpotensi Churn,0.9999993,1
DAD-03331,31,17,505000.0,2025-11-30,20000.0,Pulihkan Duka Negeri Palestina,Transfer,13.132315688453556,1,1,Berpotensi Churn,0.9974517,1
DAD-03332,289,1,100000.0,2025-03-17,100000.0,Pulihkan Duka Negeri Palestina,Transfer,11.51293546492023,1,1,Berpotensi Churn,0.9999988,1
DAD-03333,289,1,50000.0,2025-03-17,50000.0,Pulihkan Duka Negeri Palestina,Transfer,10.819798284210286,1,1,Berpotensi Churn,0.9999993,1
DAD-03334,289,1,100000.0,2025-03-17,100000.0,Pulihkan Duka Negeri Palestina,Transfer,11.51293546492023,1,1,Berpotensi Churn,0.9999988,1
DAD-03335,289,1,100000.0,2025-03-17,100000.0,Pulihkan Duka Negeri Palestina,Transfer,11.51293546492023,1,1,Berpotensi Churn,0.9999988,1
DAD-03337,289,1,100000.0,2025-03-17,100000.0,Sambung Hidup Dhuafa,Transfer,11.51293546492023,1,1,Berpotensi Churn,0.9999988,1
DAD-03338,289,1,100000.0,2025-03-17,100000.0,Sambung Hidup Dhuafa,Transfer,11.51293546492023,1,1,Berpotensi Churn,0.9999988,1
DAD-03339,289,1,100000.0,2025-03-17,100000.0,Sambung Hidup Dhuafa,Transfer,11.51293546492023,1,1,Berpotensi Churn,0.9999988,1
DAD-03340,278,2,300000.0,2025-03-28,200000.0,Pulihkan Duka Negeri Palestina,Transfer,12.611541086966115,1,1,Berpotensi Churn,0.99999666,1
DAD-03342,289,1,40000.0,2025-03-17,40000.0,Sambung Hidup Dhuafa,Transfer,10.596659732783579,1,1,Berpotensi Churn,0.9999994,1
DAD-03343,289,1,250000.0,2025-03-17,250000.0,Sambung Hidup Dhuafa,Transfer,12.429220196836383,1,1,Berpotensi Churn,0.99999833,1
DAD-03344,289,1,200000.0,2025-03-17,200000.0,Pulihkan Duka Negeri Palestina,Transfer,12.206077645517674,1,1,Berpotensi Churn,0.99999857,1
DAD-03345,289,1,10000.0,2025-03-17,10000.0,Wakaf Pembangunan Masjid,Transfer,9.210440366976517,1,1,Berpotensi Churn,0.9999994,1
DAD-03346,26,2,75000.0,2025-12-05,50000.0,Pulihkan Duka Negeri Indonesia,Transfer,11.225256725762893,1,1,Berpotensi Churn,0.99999404,1
DAD-03347,289,1,50000.0,2025-03-17,50000.0,Wakaf Pembangunan Masjid,Transfer,10.819798284210286,1,1,Berpotensi Churn,0.9999993,1
DAD-03348,289,1,100000.0,2025-03-17,100000.0,Wakaf Pembangunan Masjid,Transfer,11.51293546492023,1,1,Berpotensi Churn,0.9999988,1
DAD-03349,28,2,50000.0,2025-12-03,25000.0,Pulihkan Duka Negeri Indonesia,Transfer,10.819798284210286,1,1,Berpotensi Churn,0.9999963,1
DAD-03350,289,1,120000.0,2025-03-17,120000.0,Wakaf Pembangunan Masjid,Transfer,11.695255355062795,1,1,Berpotensi Churn,0.9999988,1
DAD-03351,289,1,100000.0,2025-03-17,100000.0,Pulihkan Duka Negeri Palestina,Transfer,11.51293546492023,1,1,Berpotensi Churn,0.9999988,1
DAD-03352,289,1,100000.0,2025-03-17,100000.0,Sambung Hidup Dhuafa,Transfer,11.51293546492023,1,1,Berpotensi Churn,0.9999988,1
DAD-03353,289,1,100000.0,2025-03-17,100000.0,Sambung Hidup Dhuafa,Transfer,11.51293546492023,1,1,Berpotensi Churn,0.9999988,1
DAD-03354,289,1,100000.0,2025-03-17,100000.0,Sambung Hidup Dhuafa,Transfer,11.51293546492023,1,1,Berpotensi Churn,0.9999988,1
DAD-03355,289,1,100000.0,2025-03-17,100000.0,Wakaf Pembangunan Masjid,Transfer,11.51293546492023,1,1,Berpotensi Churn,0.9999988,1
DAD-03356,289,1,30000.0,2025-03-17,30000.0,Wakaf Pembangunan Masjid,Transfer,10.308985993422082,1,1,Berpotensi Churn,0.9999994,1
DAD-03357,133,2,300000.0,2025-08-20,100000.0,Wakaf Pembangunan Masjid,Transfer,12.611541086966115,1,1,Berpotensi Churn,0.9999926,1
DAD-03358,288,1,100000.0,2025-03-18,100000.0,Pulihkan Duka Negeri Palestina,Transfer,11.51293546492023,1,1,Berpotensi Churn,0.9999988,1
DAD-03359,288,1,300000.0,2025-03-18,300000.0,Pulihkan Duka Negeri Palestina,Transfer,12.611541086966115,1,1,Berpotensi Churn,0.999998,1
DAD-03360,288,1,200000.0,2025-03-18,200000.0,Pulihkan Duka Negeri Palestina,Transfer,12.206077645517674,1,1,Berpotensi Churn,0.99999857,1
DAD-03361,288,1,35000.0,2025-03-18,35000.0,Wakaf Pembangunan Masjid,Transfer,10.463131911491967,1,1,Berpotensi Churn,0.9999994,1
DAD-03362,288,1,10000.0,2025-03-18,10000.0,Syiar Qur'an Indonesia,Transfer,9.210440366976517,1,1,Berpotensi Churn,0.9999994,1
DAD-03363,288,1,270000.0,2025-03-18,270000.0,Sambung Hidup Dhuafa,Transfer,12.506180941677357,1,1,Berpotensi Churn,0.9999976,1
DAD-03364,279,2,450000.0,2025-03-27,150000.0,Pulihkan Duka Negeri Palestina,Transfer,13.017005083966255,1,1,Berpotensi Churn,0.9999865,1
DAD-03365,222,2,200000.0,2025-05-23,100000.0,Pulihkan Duka Negeri Palestina,Transfer,12.206077645517674,1,1,Berpotensi Churn,0.9999974,1
DAD-03366,102,3,350000.0,2025-09-20,100000.0,Pulihkan Duka Negeri Palestina,Transfer,12.765691290604371,1,1,Berpotensi Churn,0.9999652,1
DAD-03367,285,2,50000.0,2025-03-21,25000.0,Sambung Hidup Dhuafa,Transfer,10.819798284210286,1,1,Berpotensi Churn,0.9999989,1
DAD-03368,288,1,100000.0,2025-03-18,100000.0,Pulihkan Duka Negeri Palestina,Transfer,11.51293546492023,1,1,Berpotensi Churn,0.9999988,1
DAD-03369,288,1,200000.0,2025-03-18,200000.0,Pulihkan Duka Negeri Palestina,Transfer,12.206077645517674,1,1,Berpotensi Churn,0.99999857,1
DAD-03370,263,2,80000.0,2025-04-12,30000.0,Pulihkan Duka Negeri Palestina,Transfer,11.289794413577894,1,1,Berpotensi Churn,0.99999845,1
DAD-03371,288,1,300000.0,2025-03-18,300000.0,Pulihkan Duka Negeri Palestina,Transfer,12.611541086966115,1,1,Berpotensi Churn,0.999998,1
DAD-03373,288,1,100000.0,2025-03-18,100000.0,Wakaf Pembangunan Masjid,Transfer,11.51293546492023,1,1,Berpotensi Churn,0.9999988,1
DAD-03374,288,1,50000.0,2025-03-18,50000.0,Pulihkan Duka Negeri Palestina,Transfer,10.819798284210286,1,1,Berpotensi Churn,0.9999993,1
DAD-03376,288,1,100000.0,2025-03-18,100000.0,Wakaf Pembangunan Masjid,Transfer,11.51293546492023,1,1,Berpotensi Churn,0.9999988,1
DAD-03377,278,2,110000.0,2025-03-28,60000.0,Pulihkan Duka Negeri Palestina,Transfer,11.608244735642321,1,1,Berpotensi Churn,0.9999982,1
DAD-03378,288,1,100000.0,2025-03-18,100000.0,Pulihkan Duka Negeri Palestina,Transfer,11.51293546492023,1,1,Berpotensi Churn,0.9999988,1
DAD-03380,288,1,100000.0,2025-03-18,100000.0,Pulihkan Duka Negeri Palestina,Transfer,11.51293546492023,1,1,Berpotensi Churn,0.9999988,1
DAD-03381,288,1,50000.0,2025-03-18,50000.0,Pulihkan Duka Negeri Palestina,Transfer,10.819798284210286,1,1,Berpotensi Churn,0.9999993,1
DAD-03382,288,1,300000.0,2025-03-18,300000.0,Pulihkan Duka Negeri Palestina,Transfer,12.611541086966115,1,1,Berpotensi Churn,0.999998,1
DAD-03383,288,1,50000.0,2025-03-18,50000.0,Pulihkan Duka Negeri Palestina,Transfer,10.819798284210286,1,1,Berpotensi Churn,0.9999993,1
DAD-03384,288,1,50000.0,2025-03-18,50000.0,Pulihkan Duka Negeri Palestina,Transfer,10.819798284210286,1,1,Berpotensi Churn,0.9999993,1
DAD-03385,128,2,150000.0,2025-08-25,100000.0,Wakaf Pembangunan Masjid,Transfer,11.918397239722838,1,1,Berpotensi Churn,0.9999957,1
DAD-03386,288,1,150000.0,2025-03-18,150000.0,Pulihkan Duka Negeri Palestina,Transfer,11.918397239722838,1,1,Berpotensi Churn,0.9999988,1
DAD-03387,288,1,100000.0,2025-03-18,100000.0,Pulihkan Duka Negeri Palestina,Transfer,11.51293546492023,1,1,Berpotensi Churn,0.9999988,1
DAD-03388,271,2,500000.0,2025-04-04,300000.0,Pulihkan Duka Negeri Palestina,Transfer,13.122365377402328,1,1,Berpotensi Churn,0.9999863,1
DAD-03389,288,1,100000.0,2025-03-18,100000.0,Pulihkan Duka Negeri Palestina,Transfer,11.51293546492023,1,1,Berpotensi Churn,0.9999988,1
DAD-03390,288,1,150000.0,2025-03-18,150000.0,Pulihkan Duka Negeri Palestina,Transfer,11.918397239722838,1,1,Berpotensi Churn,0.9999988,1
DAD-03392,288,1,200000.0,2025-03-18,200000.0,Pulihkan Duka Negeri Palestina,Transfer,12.206077645517674,1,1,Berpotensi Churn,0.99999857,1
DAD-03393,285,2,260000.0,2025-03-21,160000.0,Sambung Hidup Dhuafa,Transfer,12.468440756144114,1,1,Berpotensi Churn,0.9999963,1
DAD-03394,28,2,200000.0,2025-12-03,100000.0,Pulihkan Duka Negeri Indonesia,Transfer,12.206077645517674,1,1,Berpotensi Churn,0.9999901,1
DAD-03395,288,1,25000.0,2025-03-18,25000.0,Sambung Hidup Dhuafa,Transfer,10.12667110305036,1,1,Berpotensi Churn,0.9999994,1
DAD-03396,257,2,200000.0,2025-04-18,100000.0,Syiar Qur'an Indonesia,Transfer,12.206077645517674,1,1,Berpotensi Churn,0.9999974,1
DAD-03397,287,1,200000.0,2025-03-19,200000.0,Pulihkan Duka Negeri Palestina,Transfer,12.206077645517674,1,1,Berpotensi Churn,0.99999857,1
DAD-03398,287,1,100000.0,2025-03-19,100000.0,Pulihkan Duka Negeri Palestina,Transfer,11.51293546492023,1,1,Berpotensi Churn,0.9999988,1
DAD-03399,287,1,100000.0,2025-03-19,100000.0,Pulihkan Duka Negeri Palestina,Transfer,11.51293546492023,1,1,Berpotensi Churn,0.9999988,1
DAD-03400,287,1,100000.0,2025-03-19,100000.0,Pulihkan Duka Negeri Palestina,Transfer,11.51293546492023,1,1,Berpotensi Churn,0.9999988,1
DAD-03401,287,1,200000.0,2025-03-19,200000.0,Pulihkan Duka Negeri Palestina,Transfer,12.206077645517674,1,1,Berpotensi Churn,0.99999857,1
DAD-03403,287,1,100000.0,2025-03-19,100000.0,Pulihkan Duka Negeri Palestina,Transfer,11.51293546492023,1,1,Berpotensi Churn,0.9999988,1
DAD-03404,247,2,600000.0,2025-04-28,300000.0,Pulihkan Duka Negeri Palestina,Transfer,13.304686600863562,1,1,Berpotensi Churn,0.9999726,1
DAD-03405,221,2,100000.0,2025-05-24,50000.0,Pulihkan Duka Negeri Palestina,Transfer,11.51293546492023,1,1,Berpotensi Churn,0.9999981,1
DAD-03406,287,1,50000.0,2025-03-19,50000.0,Pulihkan Duka Negeri Palestina,Transfer,10.819798284210286,1,1,Berpotensi Churn,0.9999993,1
DAD-03407,287,1,50000.0,2025-03-19,50000.0,Pulihkan Duka Negeri Palestina,Transfer,10.819798284210286,1,1,Berpotensi Churn,0.9999993,1
DAD-03408,287,1,300000.0,2025-03-19,300000.0,Pulihkan Duka Negeri Palestina,Transfer,12.611541086966115,1,1,Berpotensi Churn,0.999998,1
DAD-03409,287,1,10000.0,2025-03-19,10000.0,Pulihkan Duka Negeri Palestina,Transfer,9.210440366976517,1,1,Berpotensi Churn,0.9999994,1
DAD-03410,287,1,100000.0,2025-03-19,100000.0,Pulihkan Duka Negeri Palestina,Transfer,11.51293546492023,1,1,Berpotensi Churn,0.9999988,1
DAD-03411,287,1,100000.0,2025-03-19,100000.0,Pulihkan Duka Negeri Palestina,Transfer,11.51293546492023,1,1,Berpotensi Churn,0.9999988,1
DAD-03412,126,2,40000.0,2025-08-27,25000.0,Pulihkan Duka Negeri Palestina,Transfer,10.596659732783579,1,1,Berpotensi Churn,0.99999785,1
DAD-03413,236,3,200000.0,2025-05-09,50000.0,Pulihkan Duka Negeri Palestina,Transfer,12.206077645517674,1,1,Berpotensi Churn,0.9999945,1
DAD-03414,287,1,50000.0,2025-03-19,50000.0,Pulihkan Duka Negeri Palestina,Transfer,10.819798284210286,1,1,Berpotensi Churn,0.9999993,1
DAD-03415,287,1,100000.0,2025-03-19,100000.0,Pulihkan Duka Negeri Palestina,Transfer,11.51293546492023,1,1,Berpotensi Churn,0.9999988,1
DAD-03416,243,2,150000.0,2025-05-02,100000.0,Pulihkan Duka Negeri Palestina,Transfer,11.918397239722838,1,1,Berpotensi Churn,0.99999785,1
DAD-03417,286,1,50000.0,2025-03-20,50000.0,Syiar Qur'an Indonesia,Transfer,10.819798284210286,1,1,Berpotensi Churn,0.9999993,1
DAD-03418,29,4,400000.0,2025-12-02,100000.0,Pulihkan Duka Negeri Palestina,Transfer,12.899222326086994,1,1,Berpotensi Churn,0.99994767,1
DAD-03419,286,1,150000.0,2025-03-20,150000.0,Syiar Qur'an Indonesia,Transfer,11.918397239722838,1,1,Berpotensi Churn,0.9999988,1
DAD-03420,286,1,100000.0,2025-03-20,100000.0,Syiar Qur'an Indonesia,Transfer,11.51293546492023,1,1,Berpotensi Churn,0.9999988,1
DAD-03421,280,2,200000.0,2025-03-26,100000.0,Syiar Qur'an Indonesia,Transfer,12.206077645517674,1,1,Berpotensi Churn,0.99999774,1
DAD-03422,286,1,40000.0,2025-03-20,40000.0,Sambung Hidup Dhuafa,Transfer,10.596659732783579,1,1,Berpotensi Churn,0.9999994,1
DAD-03423,286,1,100000.0,2025-03-20,100000.0,Pulihkan Duka Negeri Palestina,Transfer,11.51293546492023,1,1,Berpotensi Churn,0.9999988,1
DAD-03424,286,1,100000.0,2025-03-20,100000.0,Syiar Qur'an Indonesia,Transfer,11.51293546492023,1,1,Berpotensi Churn,0.9999988,1
DAD-03425,286,1,100000.0,2025-03-20,100000.0,Pulihkan Duka Negeri Palestina,Transfer,11.51293546492023,1,1,Berpotensi Churn,0.9999988,1
DAD-03426,286,1,100000.0,2025-03-20,100000.0,Pulihkan Duka Negeri Palestina,Transfer,11.51293546492023,1,1,Berpotensi Churn,0.9999988,1
DAD-03427,286,1,100000.0,2025-03-20,100000.0,Syiar Qur'an Indonesia,Transfer,11.51293546492023,1,1,Berpotensi Churn,0.9999988,1
DAD-03428,286,1,100000.0,2025-03-20,100000.0,Pulihkan Duka Negeri Palestina,Transfer,11.51293546492023,1,1,Berpotensi Churn,0.9999988,1
DAD-03429,286,1,250000.0,2025-03-20,250000.0,Sambung Hidup Dhuafa,Transfer,12.429220196836383,1,1,Berpotensi Churn,0.99999833,1
DAD-03430,286,1,40000.0,2025-03-20,40000.0,Sambung Hidup Dhuafa,Transfer,10.596659732783579,1,1,Berpotensi Churn,0.9999994,1
DAD-03431,18,2,200000.0,2025-12-13,100000.0,Pulihkan Duka Negeri Indonesia,Transfer,12.206077645517674,1,1,Berpotensi Churn,0.9999893,1
DAD-03432,286,1,100000.0,2025-03-20,100000.0,Syiar Qur'an Indonesia,Transfer,11.51293546492023,1,1,Berpotensi Churn,0.9999988,1
DAD-03433,279,3,180000.0,2025-03-27,100000.0,Syiar Qur'an Indonesia,Transfer,12.100717685412471,1,1,Berpotensi Churn,0.9999951,1
DAD-03434,286,1,100000.0,2025-03-20,100000.0,Syiar Qur'an Indonesia,Transfer,11.51293546492023,1,1,Berpotensi Churn,0.9999988,1
DAD-03435,286,1,100000.0,2025-03-20,100000.0,Sambung Hidup Dhuafa,Transfer,11.51293546492023,1,1,Berpotensi Churn,0.9999988,1
DAD-03436,205,2,90000.0,2025-06-09,40000.0,Pulihkan Duka Negeri Palestina,Transfer,11.407576060361786,1,1,Berpotensi Churn,0.9999982,1
DAD-03437,286,1,100000.0,2025-03-20,100000.0,Pulihkan Duka Negeri Palestina,Transfer,11.51293546492023,1,1,Berpotensi Churn,0.9999988,1
DAD-03438,286,1,25000.0,2025-03-20,25000.0,Sambung Hidup Dhuafa,Transfer,10.12667110305036,1,1,Berpotensi Churn,0.9999994,1
DAD-03439,276,2,450000.0,2025-03-30,300000.0,Pulihkan Duka Negeri Palestina,Transfer,13.017005083966255,1,1,Berpotensi Churn,0.9999865,1
DAD-03440,285,1,100000.0,2025-03-21,100000.0,Sambung Hidup Dhuafa,Transfer,11.51293546492023,1,1,Berpotensi Churn,0.9999987,1
DAD-03441,285,1,250000.0,2025-03-21,250000.0,Pulihkan Duka Negeri Palestina,Transfer,12.429220196836383,1,1,Berpotensi Churn,0.9999981,1
DAD-03442,285,1,50000.0,2025-03-21,50000.0,Pulihkan Duka Negeri Palestina,Transfer,10.819798284210286,1,1,Berpotensi Churn,0.99999917,1
DAD-03443,115,3,400000.0,2025-09-07,100000.0,Pulihkan Duka Negeri Palestina,Transfer,12.899222326086994,1,1,Berpotensi Churn,0.99995065,1
DAD-03444,285,1,80000.0,2025-03-21,80000.0,Sambung Hidup Dhuafa,Transfer,11.289794413577894,1,1,Berpotensi Churn,0.9999988,1
DAD-03445,285,1,100000.0,2025-03-21,100000.0,Pulihkan Duka Negeri Palestina,Transfer,11.51293546492023,1,1,Berpotensi Churn,0.9999987,1
DAD-03446,31,2,75000.0,2025-11-30,25000.0,Pulihkan Duka Negeri Indonesia,Transfer,11.225256725762893,1,1,Berpotensi Churn,0.99999404,1
DAD-03447,246,2,200000.0,2025-04-29,50000.0,Pulihkan Duka Negeri Palestina,Transfer,12.206077645517674,1,1,Berpotensi Churn,0.9999974,1
DAD-03448,285,1,200000.0,2025-03-21,200000.0,Syiar Qur'an Indonesia,Transfer,12.206077645517674,1,1,Berpotensi Churn,0.99999833,1
DAD-03449,285,1,50000.0,2025-03-21,50000.0,Sambung Hidup Dhuafa,Transfer,10.819798284210286,1,1,Berpotensi Churn,0.99999917,1
DAD-03451,285,1,100000.0,2025-03-21,100000.0,Sambung Hidup Dhuafa,Transfer,11.51293546492023,1,1,Berpotensi Churn,0.9999987,1
DAD-03452,285,1,100000.0,2025-03-21,100000.0,Syiar Qur'an Indonesia,Transfer,11.51293546492023,1,1,Berpotensi Churn,0.9999987,1
DAD-03454,152,2,250000.0,2025-08-01,100000.0,Pulihkan Duka Negeri Palestina,Transfer,12.429220196836383,1,1,Berpotensi Churn,0.99999726,1
DAD-03456,285,1,50000.0,2025-03-21,50000.0,Pulihkan Duka Negeri Palestina,Transfer,10.819798284210286,1,1,Berpotensi Churn,0.99999917,1
DAD-03457,285,1,75000.0,2025-03-21,75000.0,Sambung Hidup Dhuafa,Transfer,11.225256725762893,1,1,Berpotensi Churn,0.9999988,1
DAD-03458,285,1,50000.0,2025-03-21,50000.0,Sambung Hidup Dhuafa,Transfer,10.819798284210286,1,1,Berpotensi Churn,0.99999917,1
DAD-03459,177,2,305000.0,2025-07-07,5000.0,Pulihkan Duka Negeri Palestina,Transfer,12.628070334272698,1,1,Berpotensi Churn,0.9999963,1
DAD-03460,285,1,100000.0,2025-03-21,100000.0,Pulihkan Duka Negeri Palestina,Transfer,11.51293546492023,1,1,Berpotensi Churn,0.9999987,1
DAD-03461,285,1,100000.0,2025-03-21,100000.0,Syiar Qur'an Indonesia,Transfer,11.51293546492023,1,1,Berpotensi Churn,0.9999987,1
DAD-03462,285,1,100000.0,2025-03-21,100000.0,Pulihkan Duka Negeri Palestina,Transfer,11.51293546492023,1,1,Berpotensi Churn,0.9999987,1
DAD-03463,285,1,210000.0,2025-03-21,210000.0,Pulihkan Duka Negeri Palestina,Transfer,12.25486757159303,1,1,Berpotensi Churn,0.9999981,1
DAD-03464,285,1,300000.0,2025-03-21,300000.0,Pulihkan Duka Negeri Palestina,Transfer,12.611541086966115,1,1,Berpotensi Churn,0.9999976,1
DAD-03466,285,1,150000.0,2025-03-21,150000.0,Pulihkan Duka Negeri Palestina,Transfer,11.918397239722838,1,1,Berpotensi Churn,0.99999857,1
DAD-03467,285,1,100000.0,2025-03-21,100000.0,Pulihkan Duka Negeri Palestina,Transfer,11.51293546492023,1,1,Berpotensi Churn,0.9999987,1
DAD-03468,117,3,250000.0,2025-09-05,50000.0,Pulihkan Duka Negeri Palestina,Transfer,12.429220196836383,1,1,Berpotensi Churn,0.99997616,1
DAD-03469,131,3,150600.0,2025-08-22,50200.0,Pulihkan Duka Negeri Palestina,Transfer,11.922389234432126,1,1,Berpotensi Churn,0.9999908,1
DAD-03470,285,1,50000.0,2025-03-21,50000.0,Sambung Hidup Dhuafa,Transfer,10.819798284210286,1,1,Berpotensi Churn,0.99999917,1
DAD-03471,12,4,300000.0,2025-12-19,50000.0,Pulihkan Duka Negeri Palestina,Transfer,12.611541086966115,1,1,Berpotensi Churn,0.99996257,1
DAD-03472,23,3,450000.0,2025-12-08,100000.0,Pulihkan Duka Negeri Indonesia,Transfer,13.017005083966255,1,1,Berpotensi Churn,0.99991846,1
DAD-03473,285,1,300000.0,2025-03-21,300000.0,Pulihkan Duka Negeri Palestina,Transfer,12.611541086966115,1,1,Berpotensi Churn,0.9999976,1
DAD-03474,282,2,50000.0,2025-03-24,25000.0,Sambung Hidup Dhuafa,Transfer,10.819798284210286,1,1,Berpotensi Churn,0.9999989,1
DAD-03475,285,1,20000.0,2025-03-21,20000.0,Sambung Hidup Dhuafa,Transfer,9.90353755128617,1,1,Berpotensi Churn,0.9999993,1
DAD-03476,285,1,100000.0,2025-03-21,100000.0,Pulihkan Duka Negeri Palestina,Transfer,11.51293546492023,1,1,Berpotensi Churn,0.9999987,1
DAD-03478,284,1,100000.0,2025-03-22,100000.0,Pulihkan Duka Negeri Palestina,Transfer,11.51293546492023,1,1,Berpotensi Churn,0.9999987,1
DAD-03479,284,1,100000.0,2025-03-22,100000.0,Wakaf Pembangunan Masjid,Transfer,11.51293546492023,1,1,Berpotensi Churn,0.9999987,1
DAD-03480,284,2,300000.0,2025-03-22,200000.0,Pulihkan Duka Negeri Palestina,Transfer,12.611541086966115,1,1,Berpotensi Churn,0.99999666,1
DAD-03481,270,2,200000.0,2025-04-05,100000.0,Pulihkan Duka Negeri Palestina,Transfer,12.206077645517674,1,1,Berpotensi Churn,0.99999774,1
DAD-03482,284,1,200000.0,2025-03-22,200000.0,Pulihkan Duka Negeri Palestina,Transfer,12.206077645517674,1,1,Berpotensi Churn,0.99999833,1
DAD-03483,284,1,200000.0,2025-03-22,200000.0,Sambung Hidup Dhuafa,Transfer,12.206077645517674,1,1,Berpotensi Churn,0.99999833,1
DAD-03486,284,1,50000.0,2025-03-22,50000.0,Pulihkan Duka Negeri Palestina,Transfer,10.819798284210286,1,1,Berpotensi Churn,0.99999917,1
DAD-03487,284,1,100000.0,2025-03-22,100000.0,Pulihkan Duka Negeri Palestina,Transfer,11.51293546492023,1,1,Berpotensi Churn,0.9999987,1
DAD-03488,284,1,200000.0,2025-03-22,200000.0,Pulihkan Duka Negeri Palestina,Transfer,12.206077645517674,1,1,Berpotensi Churn,0.99999833,1
DAD-03489,284,1,300000.0,2025-03-22,300000.0,Pulihkan Duka Negeri Palestina,Transfer,12.611541086966115,1,1,Berpotensi Churn,0.9999976,1
DAD-03490,284,1,80000.0,2025-03-22,80000.0,Sambung Hidup Dhuafa,Transfer,11.289794413577894,1,1,Berpotensi Churn,0.9999988,1
DAD-03491,284,1,50000.0,2025-03-22,50000.0,Pulihkan Duka Negeri Palestina,Transfer,10.819798284210286,1,1,Berpotensi Churn,0.99999917,1
DAD-03492,284,1,300000.0,2025-03-22,300000.0,Pulihkan Duka Negeri Palestina,Transfer,12.611541086966115,1,1,Berpotensi Churn,0.9999976,1
DAD-03494,283,1,100000.0,2025-03-23,100000.0,Syiar Qur'an Indonesia,Transfer,11.51293546492023,1,1,Berpotensi Churn,0.9999987,1
DAD-03495,215,2,200000.0,2025-05-30,100000.0,Pulihkan Duka Negeri Indonesia,Transfer,12.206077645517674,1,1,Berpotensi Churn,0.9999975,1
DAD-03496,283,1,200000.0,2025-03-23,200000.0,Sambung Hidup Dhuafa,Transfer,12.206077645517674,1,1,Berpotensi Churn,0.99999833,1
DAD-03497,283,1,60000.0,2025-03-23,60000.0,Pulihkan Duka Negeri Palestina,Transfer,11.002116507732017,1,1,Berpotensi Churn,0.9999988,1
DAD-03498,211,2,450000.0,2025-06-03,200000.0,Pulihkan Duka Negeri Palestina,Transfer,13.017005083966255,1,1,Berpotensi Churn,0.9999876,1
DAD-03499,283,1,200000.0,2025-03-23,200000.0,Pulihkan Duka Negeri Palestina,Transfer,12.206077645517674,1,1,Berpotensi Churn,0.99999833,1
DAD-03500,283,1,50000.0,2025-03-23,50000.0,Pulihkan Duka Negeri Palestina,Transfer,10.819798284210286,1,1,Berpotensi Churn,0.99999917,1
DAD-03501,283,1,40000.0,2025-03-23,40000.0,Sambung Hidup Dhuafa,Transfer,10.596659732783579,1,1,Berpotensi Churn,0.9999993,1
DAD-03502,283,1,120000.0,2025-03-23,120000.0,Sambung Hidup Dhuafa,Transfer,11.695255355062795,1,1,Berpotensi Churn,0.9999987,1
DAD-03503,283,1,100000.0,2025-03-23,100000.0,Sambung Hidup Dhuafa,Transfer,11.51293546492023,1,1,Berpotensi Churn,0.9999987,1
DAD-03504,283,1,20000.0,2025-03-23,20000.0,Pulihkan Duka Negeri Palestina,Transfer,9.90353755128617,1,1,Berpotensi Churn,0.9999993,1
DAD-03505,282,2,80000.0,2025-03-24,30000.0,Pulihkan Duka Negeri Palestina,Transfer,11.289794413577894,1,1,Berpotensi Churn,0.99999845,1
DAD-03506,166,2,250000.0,2025-07-18,100000.0,Pulihkan Duka Negeri Palestina,Transfer,12.429220196836383,1,1,Berpotensi Churn,0.99999726,1
DAD-03507,282,1,300000.0,2025-03-24,300000.0,Syiar Qur'an Indonesia,Transfer,12.611541086966115,1,1,Berpotensi Churn,0.9999976,1
DAD-03509,282,1,50000.0,2025-03-24,50000.0,Wakaf Pembangunan Masjid,Transfer,10.819798284210286,1,1,Berpotensi Churn,0.99999917,1
DAD-03511,248,2,500000.0,2025-04-27,200000.0,Pulihkan Duka Negeri Palestina,Transfer,13.122365377402328,1,1,Berpotensi Churn,0.9999851,1
DAD-03512,277,2,150000.0,2025-03-29,50000.0,Pulihkan Duka Negeri Palestina,Transfer,11.918397239722838,1,1,Berpotensi Churn,0.9999981,1
DAD-03514,282,1,100000.0,2025-03-24,100000.0,Pulihkan Duka Negeri Palestina,Transfer,11.51293546492023,1,1,Berpotensi Churn,0.9999987,1
DAD-03515,282,1,50000.0,2025-03-24,50000.0,Pulihkan Duka Negeri Palestina,Transfer,10.819798284210286,1,1,Berpotensi Churn,0.99999917,1
DAD-03516,18,2,150000.0,2025-12-13,50000.0,Pulihkan Duka Negeri Indonesia,Transfer,11.918397239722838,1,1,Berpotensi Churn,0.99999225,1
DAD-03517,282,1,100000.0,2025-03-24,100000.0,Sambung Hidup Dhuafa,Transfer,11.51293546492023,1,1,Berpotensi Churn,0.9999987,1
DAD-03518,282,1,160000.0,2025-03-24,160000.0,Sambung Hidup Dhuafa,Transfer,11.982935344196433,1,1,Berpotensi Churn,0.99999845,1
DAD-03519,282,1,100000.0,2025-03-24,100000.0,Pulihkan Duka Negeri Palestina,Transfer,11.51293546492023,1,1,Berpotensi Churn,0.9999987,1
DAD-03520,256,3,550000.0,2025-04-19,150000.0,Pulihkan Duka Negeri Palestina,Transfer,13.217675375388819,1,1,Berpotensi Churn,0.99994993,1
DAD-03521,178,2,120000.0,2025-07-06,50000.0,Pulihkan Duka Negeri Palestina,Transfer,11.695255355062795,1,1,Berpotensi Churn,0.9999981,1
DAD-03522,282,1,200000.0,2025-03-24,200000.0,Pulihkan Duka Negeri Palestina,Transfer,12.206077645517674,1,1,Berpotensi Churn,0.99999833,1
DAD-03523,239,2,150000.0,2025-05-06,100000.0,Pulihkan Duka Negeri Palestina,Transfer,11.918397239722838,1,1,Berpotensi Churn,0.99999785,1
DAD-03524,282,1,100000.0,2025-03-24,100000.0,Pulihkan Duka Negeri Palestina,Transfer,11.51293546492023,1,1,Berpotensi Churn,0.9999987,1
DAD-03525,103,7,300000.0,2025-09-19,25000.0,Pulihkan Duka Negeri Palestina,Transfer,12.611541086966115,1,1,Berpotensi Churn,0.99994457,1
DAD-03526,282,2,130000.0,2025-03-24,100000.0,Pulihkan Duka Negeri Palestina,Transfer,11.775297421715827,1,1,Berpotensi Churn,0.9999982,1
DAD-03527,282,1,200000.0,2025-03-24,200000.0,Sambung Hidup Dhuafa,Transfer,12.206077645517674,1,1,Berpotensi Churn,0.99999833,1
DAD-03528,282,1,60000.0,2025-03-24,60000.0,Sambung Hidup Dhuafa,Transfer,11.002116507732017,1,1,Berpotensi Churn,0.9999988,1
DAD-03530,282,1,100000.0,2025-03-24,100000.0,Pulihkan Duka Negeri Palestina,Transfer,11.51293546492023,1,1,Berpotensi Churn,0.9999987,1
DAD-03531,117,4,250000.0,2025-09-05,50000.0,Pulihkan Duka Negeri Palestina,Transfer,12.429220196836383,1,1,Berpotensi Churn,0.99997306,1
DAD-03532,23,2,250000.0,2025-12-08,100000.0,Pulihkan Duka Negeri Indonesia,Transfer,12.429220196836383,1,1,Berpotensi Churn,0.9999889,1
DAD-03533,281,1,50000.0,2025-03-25,50000.0,Pulihkan Duka Negeri Palestina,Transfer,10.819798284210286,1,1,Berpotensi Churn,0.99999917,1
DAD-03534,243,2,120000.0,2025-05-02,20000.0,Sambung Hidup Dhuafa,Transfer,11.695255355062795,1,1,Berpotensi Churn,0.9999981,1
DAD-03535,281,1,40000.0,2025-03-25,40000.0,Sambung Hidup Dhuafa,Transfer,10.596659732783579,1,1,Berpotensi Churn,0.9999993,1
DAD-03537,281,1,50000.0,2025-03-25,50000.0,Sambung Hidup Dhuafa,Transfer,10.819798284210286,1,1,Berpotensi Churn,0.99999917,1
DAD-03538,271,2,200000.0,2025-04-04,100000.0,Pulihkan Duka Negeri Palestina,Transfer,12.206077645517674,1,1,Berpotensi Churn,0.99999774,1
DAD-03539,281,1,200000.0,2025-03-25,200000.0,Pulihkan Duka Negeri Palestina,Transfer,12.206077645517674,1,1,Berpotensi Churn,0.99999833,1
DAD-03540,281,1,200000.0,2025-03-25,200000.0,Sambung Hidup Dhuafa,Transfer,12.206077645517674,1,1,Berpotensi Churn,0.99999833,1
DAD-03541,281,1,80000.0,2025-03-25,80000.0,Sambung Hidup Dhuafa,Transfer,11.289794413577894,1,1,Berpotensi Churn,0.9999988,1
DAD-03542,281,2,100000.0,2025-03-25,20000.0,Sambung Hidup Dhuafa,Transfer,11.51293546492023,1,1,Berpotensi Churn,0.9999982,1
DAD-03543,281,1,300000.0,2025-03-25,300000.0,Pulihkan Duka Negeri Palestina,Transfer,12.611541086966115,1,1,Berpotensi Churn,0.9999976,1
DAD-03544,281,1,300000.0,2025-03-25,300000.0,Pulihkan Duka Negeri Palestina,Transfer,12.611541086966115,1,1,Berpotensi Churn,0.9999976,1
DAD-03545,281,1,50000.0,2025-03-25,50000.0,Sambung Hidup Dhuafa,Transfer,10.819798284210286,1,1,Berpotensi Churn,0.99999917,1
DAD-03546,138,2,500000.0,2025-08-15,200000.0,Pulihkan Duka Negeri Palestina,Transfer,13.122365377402328,1,1,Berpotensi Churn,0.9999876,1
DAD-03548,29,5,300000.0,2025-12-02,50000.0,Pulihkan Duka Negeri Palestina,Transfer,12.611541086966115,1,1,Berpotensi Churn,0.9999573,1
DAD-03549,281,1,40000.0,2025-03-25,40000.0,Sambung Hidup Dhuafa,Transfer,10.596659732783579,1,1,Berpotensi Churn,0.9999993,1
DAD-03550,281,1,100000.0,2025-03-25,100000.0,Wali Asuh Santri,Transfer,11.51293546492023,1,1,Berpotensi Churn,0.9999987,1
DAD-03551,281,1,55000.0,2025-03-25,55000.0,Sambung Hidup Dhuafa,Transfer,10.915106645867503,1,1,Berpotensi Churn,0.9999988,1
DAD-03552,281,1,50000.0,2025-03-25,50000.0,Sambung Hidup Dhuafa,Transfer,10.819798284210286,1,1,Berpotensi Churn,0.99999917,1
DAD-03553,281,1,40000.0,2025-03-25,40000.0,Sambung Hidup Dhuafa,Transfer,10.596659732783579,1,1,Berpotensi Churn,0.9999993,1
DAD-03554,278,2,200000.0,2025-03-28,100000.0,Pulihkan Duka Negeri Palestina,Transfer,12.206077645517674,1,1,Berpotensi Churn,0.99999774,1
DAD-03555,28,2,150000.0,2025-12-03,100000.0,Pulihkan Duka Negeri Indonesia,Transfer,11.918397239722838,1,1,Berpotensi Churn,0.9999927,1
DAD-03556,281,1,10000.0,2025-03-25,10000.0,Wakaf Pembangunan Masjid,Transfer,9.210440366976517,1,1,Berpotensi Churn,0.9999993,1
DAD-03557,281,1,100000.0,2025-03-25,100000.0,Pulihkan Duka Negeri Palestina,Transfer,11.51293546492023,1,1,Berpotensi Churn,0.9999987,1
DAD-03558,281,1,81250.0,2025-03-25,81250.0,Sambung Hidup Dhuafa,Transfer,11.305298407808552,1,1,Berpotensi Churn,0.9999988,1
DAD-03559,281,1,60000.0,2025-03-25,60000.0,Sambung Hidup Dhuafa,Transfer,11.002116507732017,1,1,Berpotensi Churn,0.9999988,1
DAD-03560,248,3,360000.0,2025-04-27,30000.0,Pulihkan Duka Negeri Palestina,Transfer,12.793862088206213,1,1,Berpotensi Churn,0.99998987,1
DAD-03561,281,1,160000.0,2025-03-25,160000.0,Syiar Qur'an Indonesia,Transfer,11.982935344196433,1,1,Berpotensi Churn,0.99999845,1
DAD-03562,280,1,60000.0,2025-03-26,60000.0,Sambung Hidup Dhuafa,Transfer,11.002116507732017,1,1,Berpotensi Churn,0.9999988,1
DAD-03564,280,1,200000.0,2025-03-26,200000.0,Syiar Qur'an Indonesia,Transfer,12.206077645517674,1,1,Berpotensi Churn,0.99999833,1
DAD-03566,280,2,150000.0,2025-03-26,30000.0,Sambung Hidup Dhuafa,Transfer,11.918397239722838,1,1,Berpotensi Churn,0.9999981,1
DAD-03568,280,1,40000.0,2025-03-26,40000.0,Sambung Hidup Dhuafa,Transfer,10.596659732783579,1,1,Berpotensi Churn,0.9999993,1
DAD-03569,280,1,150000.0,2025-03-26,150000.0,Pulihkan Duka Negeri Palestina,Transfer,11.918397239722838,1,1,Berpotensi Churn,0.99999857,1
DAD-03570,280,1,100000.0,2025-03-26,100000.0,Syiar Qur'an Indonesia,Transfer,11.51293546492023,1,1,Berpotensi Churn,0.9999987,1
DAD-03571,280,1,100000.0,2025-03-26,100000.0,Syiar Qur'an Indonesia,Transfer,11.51293546492023,1,1,Berpotensi Churn,0.9999987,1
DAD-03572,280,1,50000.0,2025-03-26,50000.0,Sambung Hidup Dhuafa,Transfer,10.819798284210286,1,1,Berpotensi Churn,0.99999917,1
DAD-03573,280,1,300000.0,2025-03-26,300000.0,Pulihkan Duka Negeri Palestina,Transfer,12.611541086966115,1,1,Berpotensi Churn,0.9999976,1
DAD-03574,145,3,90000.0,2025-08-08,30000.0,Syiar Qur'an Indonesia,Transfer,11.407576060361786,1,1,Berpotensi Churn,0.99999607,1
DAD-03575,280,1,150000.0,2025-03-26,150000.0,Sambung Hidup Dhuafa,Transfer,11.918397239722838,1,1,Berpotensi Churn,0.99999857,1
DAD-03576,280,1,100000.0,2025-03-26,100000.0,Syiar Qur'an Indonesia,Transfer,11.51293546492023,1,1,Berpotensi Churn,0.9999987,1
DAD-03577,280,1,40000.0,2025-03-26,40000.0,Sambung Hidup Dhuafa,Transfer,10.596659732783579,1,1,Berpotensi Churn,0.9999993,1
DAD-03578,280,1,40000.0,2025-03-26,40000.0,Sambung Hidup Dhuafa,Transfer,10.596659732783579,1,1,Berpotensi Churn,0.9999993,1
DAD-03579,280,1,200000.0,2025-03-26,200000.0,Sambung Hidup Dhuafa,Transfer,12.206077645517674,1,1,Berpotensi Churn,0.99999833,1
DAD-03580,280,1,100000.0,2025-03-26,100000.0,Pulihkan Duka Negeri Palestina,Transfer,11.51293546492023,1,1,Berpotensi Churn,0.9999987,1
DAD-03581,280,1,100000.0,2025-03-26,100000.0,Pulihkan Duka Negeri Palestina,Transfer,11.51293546492023,1,1,Berpotensi Churn,0.9999987,1
DAD-03583,280,1,50000.0,2025-03-26,50000.0,Sambung Hidup Dhuafa,Transfer,10.819798284210286,1,1,Berpotensi Churn,0.99999917,1
DAD-03584,280,1,100000.0,2025-03-26,100000.0,Sambung Hidup Dhuafa,Transfer,11.51293546492023,1,1,Berpotensi Churn,0.9999987,1
DAD-03586,239,2,100000.0,2025-05-06,50000.0,Pulihkan Duka Negeri Palestina,Transfer,11.51293546492023,1,1,Berpotensi Churn,0.9999981,1
DAD-03587,280,1,300000.0,2025-03-26,300000.0,Pulihkan Duka Negeri Palestina,Transfer,12.611541086966115,1,1,Berpotensi Churn,0.9999976,1
DAD-03589,126,3,600700.0,2025-08-27,200000.0,Pulihkan Duka Negeri Palestina,Transfer,13.305852585561356,1,1,Berpotensi Churn,0.9999169,1
DAD-03590,280,1,100000.0,2025-03-26,100000.0,Syiar Qur'an Indonesia,Transfer,11.51293546492023,1,1,Berpotensi Churn,0.9999987,1
DAD-03591,280,1,45000.0,2025-03-26,45000.0,Sambung Hidup Dhuafa,Transfer,10.714439990727769,1,1,Berpotensi Churn,0.99999917,1
DAD-03592,280,1,100000.0,2025-03-26,100000.0,Syiar Qur'an Indonesia,Transfer,11.51293546492023,1,1,Berpotensi Churn,0.9999987,1
DAD-03593,280,1,50000.0,2025-03-26,50000.0,Sambung Hidup Dhuafa,Transfer,10.819798284210286,1,1,Berpotensi Churn,0.99999917,1
DAD-03594,280,1,300000.0,2025-03-26,300000.0,Pulihkan Duka Negeri Palestina,Transfer,12.611541086966115,1,1,Berpotensi Churn,0.9999976,1
DAD-03595,280,1,250000.0,2025-03-26,250000.0,Pulihkan Duka Negeri Palestina,Transfer,12.429220196836383,1,1,Berpotensi Churn,0.9999981,1
DAD-03596,280,1,200000.0,2025-03-26,200000.0,Syiar Qur'an Indonesia,Transfer,12.206077645517674,1,1,Berpotensi Churn,0.99999833,1
DAD-03597,280,1,40000.0,2025-03-26,40000.0,Sambung Hidup Dhuafa,Transfer,10.596659732783579,1,1,Berpotensi Churn,0.9999993,1
DAD-03598,280,1,80000.0,2025-03-26,80000.0,Sambung Hidup Dhuafa,Transfer,11.289794413577894,1,1,Berpotensi Churn,0.9999988,1
DAD-03599,280,2,250000.0,2025-03-26,210000.0,Sambung Hidup Dhuafa,Transfer,12.429220196836383,1,1,Berpotensi Churn,0.9999974,1
DAD-03600,280,1,200000.0,2025-03-26,200000.0,Pulihkan Duka Negeri Palestina,Transfer,12.206077645517674,1,1,Berpotensi Churn,0.99999833,1
DAD-03601,12,2,100000.0,2025-12-19,50000.0,Pulihkan Duka Negeri Indonesia,Transfer,11.51293546492023,1,1,Berpotensi Churn,0.9999927,1
DAD-03602,279,1,200000.0,2025-03-27,200000.0,Pulihkan Duka Negeri Palestina,Transfer,12.206077645517674,1,1,Berpotensi Churn,0.99999833,1
DAD-03603,279,1,100000.0,2025-03-27,100000.0,Syiar Qur'an Indonesia,Transfer,11.51293546492023,1,1,Berpotensi Churn,0.9999987,1
DAD-03604,279,1,50000.0,2025-03-27,50000.0,Sambung Hidup Dhuafa,Transfer,10.819798284210286,1,1,Berpotensi Churn,0.99999917,1
DAD-03606,279,1,50000.0,2025-03-27,50000.0,Pulihkan Duka Negeri Palestina,Transfer,10.819798284210286,1,1,Berpotensi Churn,0.99999917,1
DAD-03607,279,1,30000.0,2025-03-27,30000.0,Sambung Hidup Dhuafa,Transfer,10.308985993422082,1,1,Berpotensi Churn,0.9999993,1
DAD-03608,264,2,200000.0,2025-04-11,100000.0,Pulihkan Duka Negeri Palestina,Transfer,12.206077645517674,1,1,Berpotensi Churn,0.99999774,1
DAD-03610,279,2,250000.0,2025-03-27,150000.0,Sambung Hidup Dhuafa,Transfer,12.429220196836383,1,1,Berpotensi Churn,0.9999974,1
DAD-03611,279,1,80000.0,2025-03-27,80000.0,Sambung Hidup Dhuafa,Transfer,11.289794413577894,1,1,Berpotensi Churn,0.9999988,1
DAD-03612,279,1,100000.0,2025-03-27,100000.0,Sambung Hidup Dhuafa,Transfer,11.51293546492023,1,1,Berpotensi Churn,0.9999987,1
DAD-03614,279,1,200000.0,2025-03-27,200000.0,Sambung Hidup Dhuafa,Transfer,12.206077645517674,1,1,Berpotensi Churn,0.99999833,1
DAD-03615,279,1,40000.0,2025-03-27,40000.0,Sambung Hidup Dhuafa,Transfer,10.596659732783579,1,1,Berpotensi Churn,0.9999993,1
DAD-03616,279,1,150000.0,2025-03-27,150000.0,Sambung Hidup Dhuafa,Transfer,11.918397239722838,1,1,Berpotensi Churn,0.99999857,1
DAD-03617,279,1,25000.0,2025-03-27,25000.0,Sambung Hidup Dhuafa,Transfer,10.12667110305036,1,1,Berpotensi Churn,0.9999993,1
DAD-03618,279,1,30000.0,2025-03-27,30000.0,Pulihkan Duka Negeri Palestina,Transfer,10.308985993422082,1,1,Berpotensi Churn,0.9999993,1
DAD-03619,279,1,300000.0,2025-03-27,300000.0,Pulihkan Duka Negeri Palestina,Transfer,12.611541086966115,1,1,Berpotensi Churn,0.9999976,1
DAD-03620,279,1,200000.0,2025-03-27,200000.0,Pulihkan Duka Negeri Palestina,Transfer,12.206077645517674,1,1,Berpotensi Churn,0.99999833,1
DAD-03621,18,3,250000.0,2025-12-13,100000.0,Pulihkan Duka Negeri Indonesia,Transfer,12.429220196836383,1,1,Berpotensi Churn,0.99997425,1
DAD-03622,279,1,40000.0,2025-03-27,40000.0,Sambung Hidup Dhuafa,Transfer,10.596659732783579,1,1,Berpotensi Churn,0.9999993,1
DAD-03623,279,1,150000.0,2025-03-27,150000.0,Pulihkan Duka Negeri Palestina,Transfer,11.918397239722838,1,1,Berpotensi Churn,0.99999857,1
DAD-03624,279,1,50000.0,2025-03-27,50000.0,Pulihkan Duka Negeri Palestina,Transfer,10.819798284210286,1,1,Berpotensi Churn,0.99999917,1
DAD-03626,279,1,100000.0,2025-03-27,100000.0,Syiar Qur'an Indonesia,Transfer,11.51293546492023,1,1,Berpotensi Churn,0.9999987,1
DAD-03627,279,1,100000.0,2025-03-27,100000.0,Syiar Qur'an Indonesia,Transfer,11.51293546492023,1,1,Berpotensi Churn,0.9999987,1
DAD-03628,279,2,300000.0,2025-03-27,100000.0,Sambung Hidup Dhuafa,Transfer,12.611541086966115,1,1,Berpotensi Churn,0.99999666,1
DAD-03629,279,1,100000.0,2025-03-27,100000.0,Sambung Hidup Dhuafa,Transfer,11.51293546492023,1,1,Berpotensi Churn,0.9999987,1
DAD-03630,279,1,50000.0,2025-03-27,50000.0,Pulihkan Duka Negeri Palestina,Transfer,10.819798284210286,1,1,Berpotensi Churn,0.99999917,1
DAD-03631,279,1,160000.0,2025-03-27,160000.0,Sambung Hidup Dhuafa,Transfer,11.982935344196433,1,1,Berpotensi Churn,0.99999845,1
DAD-03632,279,1,150000.0,2025-03-27,150000.0,Pulihkan Duka Negeri Palestina,Transfer,11.918397239722838,1,1,Berpotensi Churn,0.99999857,1
DAD-03633,279,1,47000.0,2025-03-27,47000.0,Sambung Hidup Dhuafa,Transfer,10.757924157061597,1,1,Berpotensi Churn,0.99999917,1
DAD-03634,279,1,250000.0,2025-03-27,250000.0,Sambung Hidup Dhuafa,Transfer,12.429220196836383,1,1,Berpotensi Churn,0.9999981,1
DAD-03635,279,1,100000.0,2025-03-27,100000.0,Syiar Qur'an Indonesia,Transfer,11.51293546492023,1,1,Berpotensi Churn,0.9999987,1
DAD-03636,279,1,300000.0,2025-03-27,300000.0,Pulihkan Duka Negeri Palestina,Transfer,12.611541086966115,1,1,Berpotensi Churn,0.9999976,1
DAD-03637,278,1,200000.0,2025-03-28,200000.0,Syiar Qur'an Indonesia,Transfer,12.206077645517674,1,1,Berpotensi Churn,0.99999833,1
DAD-03638,278,1,100000.0,2025-03-28,100000.0,Syiar Qur'an Indonesia,Transfer,11.51293546492023,1,1,Berpotensi Churn,0.9999987,1
DAD-03640,240,2,100000.0,2025-05-05,50000.0,Pulihkan Duka Negeri Palestina,Transfer,11.51293546492023,1,1,Berpotensi Churn,0.9999981,1
DAD-03641,278,1,100000.0,2025-03-28,100000.0,Pulihkan Duka Negeri Palestina,Transfer,11.51293546492023,1,1,Berpotensi Churn,0.9999987,1
DAD-03643,278,1,120000.0,2025-03-28,120000.0,Sambung Hidup Dhuafa,Transfer,11.695255355062795,1,1,Berpotensi Churn,0.9999987,1
DAD-03644,278,1,40000.0,2025-03-28,40000.0,Sambung Hidup Dhuafa,Transfer,10.596659732783579,1,1,Berpotensi Churn,0.9999993,1
DAD-03645,12,2,150000.0,2025-12-19,50000.0,Pulihkan Duka Negeri Indonesia,Transfer,11.918397239722838,1,1,Berpotensi Churn,0.99999225,1
DAD-03647,278,1,50000.0,2025-03-28,50000.0,Sambung Hidup Dhuafa,Transfer,10.819798284210286,1,1,Berpotensi Churn,0.99999917,1
DAD-03648,278,1,300000.0,2025-03-28,300000.0,Pulihkan Duka Negeri Palestina,Transfer,12.611541086966115,1,1,Berpotensi Churn,0.9999976,1
DAD-03649,278,1,60000.0,2025-03-28,60000.0,Sambung Hidup Dhuafa,Transfer,11.002116507732017,1,1,Berpotensi Churn,0.9999988,1
DAD-03651,278,1,300000.0,2025-03-28,300000.0,Pulihkan Duka Negeri Palestina,Transfer,12.611541086966115,1,1,Berpotensi Churn,0.9999976,1
DAD-03652,278,1,50000.0,2025-03-28,50000.0,Sambung Hidup Dhuafa,Transfer,10.819798284210286,1,1,Berpotensi Churn,0.99999917,1
DAD-03653,278,1,250000.0,2025-03-28,250000.0,Pulihkan Duka Negeri Palestina,Transfer,12.429220196836383,1,1,Berpotensi Churn,0.9999981,1
DAD-03654,278,1,100000.0,2025-03-28,100000.0,Syiar Qur'an Indonesia,Transfer,11.51293546492023,1,1,Berpotensi Churn,0.9999987,1
DAD-03655,278,1,100000.0,2025-03-28,100000.0,Syiar Qur'an Indonesia,Transfer,11.51293546492023,1,1,Berpotensi Churn,0.9999987,1
DAD-03656,278,1,100000.0,2025-03-28,100000.0,Syiar Qur'an Indonesia,Transfer,11.51293546492023,1,1,Berpotensi Churn,0.9999987,1
DAD-03657,278,1,250000.0,2025-03-28,250000.0,Pulihkan Duka Negeri Palestina,Transfer,12.429220196836383,1,1,Berpotensi Churn,0.9999981,1
DAD-03658,166,2,110000.0,2025-07-18,50000.0,Sambung Hidup Dhuafa,Transfer,11.608244735642321,1,1,Berpotensi Churn,0.9999981,1
DAD-03659,278,1,40000.0,2025-03-28,40000.0,Sambung Hidup Dhuafa,Transfer,10.596659732783579,1,1,Berpotensi Churn,0.9999993,1
DAD-03660,117,3,125000.0,2025-09-05,50000.0,Pulihkan Duka Negeri Palestina,Transfer,11.736077016252437,1,1,Berpotensi Churn,0.99998474,1
DAD-03661,278,1,40000.0,2025-03-28,40000.0,Sambung Hidup Dhuafa,Transfer,10.596659732783579,1,1,Berpotensi Churn,0.9999993,1
DAD-03662,278,1,100000.0,2025-03-28,100000.0,Syiar Qur'an Indonesia,Transfer,11.51293546492023,1,1,Berpotensi Churn,0.9999987,1
DAD-03664,159,2,350000.0,2025-07-25,150000.0,Pulihkan Duka Negeri Palestina,Transfer,12.765691290604371,1,1,Berpotensi Churn,0.99999547,1
DAD-03665,278,1,30000.0,2025-03-28,30000.0,Sambung Hidup Dhuafa,Transfer,10.308985993422082,1,1,Berpotensi Churn,0.9999993,1
DAD-03666,12,9,1500000.0,2025-12-19,200000.0,Pulihkan Duka Negeri Palestina,Transfer,14.220976332738882,1,1,Berpotensi Churn,0.9991874,1
DAD-03667,202,2,100000.0,2025-06-12,50000.0,Pulihkan Duka Negeri Palestina,Transfer,11.51293546492023,1,1,Berpotensi Churn,0.9999981,1
DAD-03668,278,1,100000.0,2025-03-28,100000.0,Syiar Qur'an Indonesia,Transfer,11.51293546492023,1,1,Berpotensi Churn,0.9999987,1
DAD-03669,278,1,50000.0,2025-03-28,50000.0,Sambung Hidup Dhuafa,Transfer,10.819798284210286,1,1,Berpotensi Churn,0.99999917,1
DAD-03670,278,1,100000.0,2025-03-28,100000.0,Syiar Qur'an Indonesia,Transfer,11.51293546492023,1,1,Berpotensi Churn,0.9999987,1
DAD-03671,278,1,110000.0,2025-03-28,110000.0,Pulihkan Duka Negeri Palestina,Transfer,11.608244735642321,1,1,Berpotensi Churn,0.9999987,1
DAD-03672,278,1,150000.0,2025-03-28,150000.0,Sambung Hidup Dhuafa,Transfer,11.918397239722838,1,1,Berpotensi Churn,0.99999857,1
DAD-03673,278,1,50000.0,2025-03-28,50000.0,Pulihkan Duka Negeri Palestina,Transfer,10.819798284210286,1,1,Berpotensi Churn,0.99999917,1
DAD-03674,124,3,300000.0,2025-08-29,100000.0,Pulihkan Duka Negeri Palestina,Transfer,12.611541086966115,1,1,Berpotensi Churn,0.99998176,1
DAD-03675,278,1,100000.0,2025-03-28,100000.0,Syiar Qur'an Indonesia,Transfer,11.51293546492023,1,1,Berpotensi Churn,0.9999987,1
DAD-03676,278,1,100000.0,2025-03-28,100000.0,Syiar Qur'an Indonesia,Transfer,11.51293546492023,1,1,Berpotensi Churn,0.9999987,1
DAD-03677,278,1,100000.0,2025-03-28,100000.0,Syiar Qur'an Indonesia,Transfer,11.51293546492023,1,1,Berpotensi Churn,0.9999987,1
DAD-03678,151,2,150000.0,2025-08-02,50000.0,Syiar Qur'an Indonesia,Transfer,11.918397239722838,1,1,Berpotensi Churn,0.999998,1
DAD-03679,159,2,200000.0,2025-07-25,100000.0,Syiar Qur'an Indonesia,Transfer,12.206077645517674,1,1,Berpotensi Churn,0.9999975,1
DAD-03681,278,1,200000.0,2025-03-28,200000.0,Sambung Hidup Dhuafa,Transfer,12.206077645517674,1,1,Berpotensi Churn,0.99999833,1
DAD-03682,103,3,550000.0,2025-09-19,200000.0,Pulihkan Duka Negeri Palestina,Transfer,13.217675375388819,1,1,Berpotensi Churn,0.99988997,1
DAD-03683,278,1,100000.0,2025-03-28,100000.0,Syiar Qur'an Indonesia,Transfer,11.51293546492023,1,1,Berpotensi Churn,0.9999987,1
DAD-03684,278,1,60000.0,2025-03-28,60000.0,Sambung Hidup Dhuafa,Transfer,11.002116507732017,1,1,Berpotensi Churn,0.9999988,1
DAD-03685,278,1,40000.0,2025-03-28,40000.0,Sambung Hidup Dhuafa,Transfer,10.596659732783579,1,1,Berpotensi Churn,0.9999993,1
DAD-03686,271,2,200000.0,2025-04-04,100000.0,Syiar Qur'an Indonesia,Transfer,12.206077645517674,1,1,Berpotensi Churn,0.99999774,1
DAD-03687,277,1,160000.0,2025-03-29,160000.0,Sambung Hidup Dhuafa,Transfer,11.982935344196433,1,1,Berpotensi Churn,0.99999845,1
DAD-03688,277,1,250000.0,2025-03-29,250000.0,Sambung Hidup Dhuafa,Transfer,12.429220196836383,1,1,Berpotensi Churn,0.9999981,1
DAD-03689,277,1,250000.0,2025-03-29,250000.0,Pulihkan Duka Negeri Palestina,Transfer,12.429220196836383,1,1,Berpotensi Churn,0.9999981,1
DAD-03690,277,1,126000.0,2025-03-29,126000.0,Sambung Hidup Dhuafa,Transfer,11.744045122410057,1,1,Berpotensi Churn,0.9999987,1
DAD-03691,276,2,250000.0,2025-03-30,200000.0,Sambung Hidup Dhuafa,Transfer,12.429220196836383,1,1,Berpotensi Churn,0.9999974,1
DAD-03692,277,1,300000.0,2025-03-29,300000.0,Sambung Hidup Dhuafa,Transfer,12.611541086966115,1,1,Berpotensi Churn,0.9999976,1
DAD-03694,277,1,300000.0,2025-03-29,300000.0,Pulihkan Duka Negeri Palestina,Transfer,12.611541086966115,1,1,Berpotensi Churn,0.9999976,1
DAD-03695,18,3,500000.0,2025-12-13,200000.0,Pulihkan Duka Negeri Indonesia,Transfer,13.122365377402328,1,1,Berpotensi Churn,0.99991095,1
DAD-03696,117,2,410000.0,2025-09-05,250000.0,Pulihkan Duka Negeri Palestina,Transfer,12.923914877701906,1,1,Berpotensi Churn,0.99997175,1
DAD-03697,124,4,265000.0,2025-08-29,50000.0,Pulihkan Duka Negeri Palestina,Transfer,12.487488878546145,1,1,Berpotensi Churn,0.9999769,1
DAD-03698,277,1,100000.0,2025-03-29,100000.0,Syiar Qur'an Indonesia,Transfer,11.51293546492023,1,1,Berpotensi Churn,0.9999987,1
DAD-03699,277,1,100000.0,2025-03-29,100000.0,Syiar Qur'an Indonesia,Transfer,11.51293546492023,1,1,Berpotensi Churn,0.9999987,1
DAD-03700,277,1,40000.0,2025-03-29,40000.0,Sambung Hidup Dhuafa,Transfer,10.596659732783579,1,1,Berpotensi Churn,0.9999993,1
DAD-03701,277,1,100000.0,2025-03-29,100000.0,Syiar Qur'an Indonesia,Transfer,11.51293546492023,1,1,Berpotensi Churn,0.9999987,1
DAD-03702,177,2,500000.0,2025-07-07,200000.0,Pulihkan Duka Negeri Palestina,Transfer,13.122365377402328,1,1,Berpotensi Churn,0.99998736,1
DAD-03703,277,1,100000.0,2025-03-29,100000.0,Syiar Qur'an Indonesia,Transfer,11.51293546492023,1,1,Berpotensi Churn,0.9999987,1
DAD-03705,209,2,90000.0,2025-06-05,50000.0,Sambung Hidup Dhuafa,Transfer,11.407576060361786,1,1,Berpotensi Churn,0.9999982,1
DAD-03706,277,1,300000.0,2025-03-29,300000.0,Pulihkan Duka Negeri Palestina,Transfer,12.611541086966115,1,1,Berpotensi Churn,0.9999976,1
DAD-03707,277,1,300000.0,2025-03-29,300000.0,Pulihkan Duka Negeri Palestina,Transfer,12.611541086966115,1,1,Berpotensi Churn,0.9999976,1
DAD-03709,277,2,80000.0,2025-03-29,30000.0,Pulihkan Duka Negeri Palestina,Transfer,11.289794413577894,1,1,Berpotensi Churn,0.99999845,1
DAD-03710,277,1,70000.0,2025-03-29,70000.0,Pulihkan Duka Negeri Palestina,Transfer,11.156264806643742,1,1,Berpotensi Churn,0.9999988,1
DAD-03711,277,1,120000.0,2025-03-29,120000.0,Sambung Hidup Dhuafa,Transfer,11.695255355062795,1,1,Berpotensi Churn,0.9999987,1
DAD-03712,277,1,300000.0,2025-03-29,300000.0,Sambung Hidup Dhuafa,Transfer,12.611541086966115,1,1,Berpotensi Churn,0.9999976,1
DAD-03713,30,3,500000.0,2025-12-01,100000.0,Pulihkan Duka Negeri Palestina,Transfer,13.122365377402328,1,1,Berpotensi Churn,0.99991727,1
DAD-03714,276,1,40000.0,2025-03-30,40000.0,Sambung Hidup Dhuafa,Transfer,10.596659732783579,1,1,Berpotensi Churn,0.9999993,1
DAD-03715,136,3,900000.0,2025-08-17,300000.0,Pulihkan Duka Negeri Palestina,Transfer,13.710151153416941,1,1,Berpotensi Churn,0.99995255,1
DAD-03716,123,1,100000.0,2025-08-30,100000.0,Pulihkan Duka Negeri Palestina,Transfer,11.51293546492023,1,1,Berpotensi Churn,0.9999964,1
DAD-03717,276,1,50000.0,2025-03-30,50000.0,Sambung Hidup Dhuafa,Transfer,10.819798284210286,1,1,Berpotensi Churn,0.99999917,1
DAD-03718,276,1,200000.0,2025-03-30,200000.0,Sambung Hidup Dhuafa,Transfer,12.206077645517674,1,1,Berpotensi Churn,0.99999833,1
DAD-03719,276,1,100000.0,2025-03-30,100000.0,Syiar Qur'an Indonesia,Transfer,11.51293546492023,1,1,Berpotensi Churn,0.9999987,1
DAD-03721,276,1,50000.0,2025-03-30,50000.0,Sambung Hidup Dhuafa,Transfer,10.819798284210286,1,1,Berpotensi Churn,0.99999917,1
DAD-03722,276,1,100000.0,2025-03-30,100000.0,Sambung Hidup Dhuafa,Transfer,11.51293546492023,1,1,Berpotensi Churn,0.9999987,1
DAD-03723,276,1,120000.0,2025-03-30,120000.0,Sambung Hidup Dhuafa,Transfer,11.695255355062795,1,1,Berpotensi Churn,0.9999987,1
DAD-03724,276,1,100000.0,2025-03-30,100000.0,Sambung Hidup Dhuafa,Transfer,11.51293546492023,1,1,Berpotensi Churn,0.9999987,1
DAD-03725,276,1,40000.0,2025-03-30,40000.0,Sambung Hidup Dhuafa,Transfer,10.596659732783579,1,1,Berpotensi Churn,0.9999993,1
DAD-03727,159,2,300000.0,2025-07-25,100000.0,Sambung Hidup Dhuafa,Transfer,12.611541086966115,1,1,Berpotensi Churn,0.9999964,1
DAD-03728,276,1,160000.0,2025-03-30,160000.0,Sambung Hidup Dhuafa,Transfer,11.982935344196433,1,1,Berpotensi Churn,0.99999845,1
DAD-03729,276,1,100000.0,2025-03-30,100000.0,Pulihkan Duka Negeri Palestina,Transfer,11.51293546492023,1,1,Berpotensi Churn,0.9999987,1
DAD-03730,276,2,150000.0,2025-03-30,50000.0,Pulihkan Duka Negeri Palestina,Transfer,11.918397239722838,1,1,Berpotensi Churn,0.9999981,1
DAD-03731,276,1,40000.0,2025-03-30,40000.0,Sambung Hidup Dhuafa,Transfer,10.596659732783579,1,1,Berpotensi Churn,0.9999993,1
DAD-03732,276,1,80000.0,2025-03-30,80000.0,Sambung Hidup Dhuafa,Transfer,11.289794413577894,1,1,Berpotensi Churn,0.9999988,1
DAD-03733,276,1,120000.0,2025-03-30,120000.0,Sambung Hidup Dhuafa,Transfer,11.695255355062795,1,1,Berpotensi Churn,0.9999987,1
DAD-03734,276,1,100000.0,2025-03-30,100000.0,Syiar Qur'an Indonesia,Transfer,11.51293546492023,1,1,Berpotensi Churn,0.9999987,1
DAD-03735,276,1,300000.0,2025-03-30,300000.0,Sambung Hidup Dhuafa,Transfer,12.611541086966115,1,1,Berpotensi Churn,0.9999976,1
DAD-03737,276,1,300000.0,2025-03-30,300000.0,Sambung Hidup Dhuafa,Transfer,12.611541086966115,1,1,Berpotensi Churn,0.9999976,1
DAD-03738,276,1,40000.0,2025-03-30,40000.0,Sambung Hidup Dhuafa,Transfer,10.596659732783579,1,1,Berpotensi Churn,0.9999993,1
DAD-03739,194,2,290000.0,2025-06-20,50000.0,Sambung Hidup Dhuafa,Transfer,12.577639650232573,1,1,Berpotensi Churn,0.9999958,1
DAD-03740,276,1,50000.0,2025-03-30,50000.0,Pulihkan Duka Negeri Palestina,Transfer,10.819798284210286,1,1,Berpotensi Churn,0.99999917,1
DAD-03741,276,1,100000.0,2025-03-30,100000.0,Syiar Qur'an Indonesia,Transfer,11.51293546492023,1,1,Berpotensi Churn,0.9999987,1
DAD-03742,29,2,80000.0,2025-12-02,40000.0,Pulihkan Duka Negeri Indonesia,Transfer,11.289794413577894,1,1,Berpotensi Churn,0.99999404,1
DAD-03743,276,1,50000.0,2025-03-30,50000.0,Pulihkan Duka Negeri Palestina,Transfer,10.819798284210286,1,1,Berpotensi Churn,0.99999917,1
DAD-03745,275,1,300000.0,2025-03-31,300000.0,Sambung Hidup Dhuafa,Transfer,12.611541086966115,1,1,Berpotensi Churn,0.9999976,1
DAD-03746,229,2,400000.0,2025-05-16,300000.0,Pulihkan Duka Negeri Palestina,Transfer,12.899222326086994,1,1,Berpotensi Churn,0.99999285,1
DAD-03747,274,1,100000.0,2025-04-01,100000.0,Pulihkan Duka Negeri Palestina,Transfer,11.51293546492023,1,1,Berpotensi Churn,0.9999987,1
DAD-03748,274,1,100000.0,2025-04-01,100000.0,Pulihkan Duka Negeri Palestina,Transfer,11.51293546492023,1,1,Berpotensi Churn,0.9999987,1
DAD-03750,227,1,200000.0,2025-05-18,200000.0,Pulihkan Duka Negeri Palestina,Transfer,12.206077645517674,1,1,Berpotensi Churn,0.9999981,1
DAD-03751,273,1,50000.0,2025-04-02,50000.0,Pulihkan Duka Negeri Palestina,Transfer,10.819798284210286,1,1,Berpotensi Churn,0.99999917,1
DAD-03752,23,2,300000.0,2025-12-08,100000.0,Pulihkan Duka Negeri Palestina,Transfer,12.611541086966115,1,1,Berpotensi Churn,0.9999857,1
DAD-03753,151,3,300000.0,2025-08-02,100000.0,Pulihkan Duka Negeri Palestina,Transfer,12.611541086966115,1,1,Berpotensi Churn,0.99999225,1
DAD-03754,271,1,50000.0,2025-04-04,50000.0,Wakaf Pembangunan Masjid,Transfer,10.819798284210286,1,1,Berpotensi Churn,0.99999917,1
DAD-03755,98,2,100000.0,2025-09-24,50000.0,Pulihkan Duka Negeri Palestina,Transfer,11.51293546492023,1,1,Berpotensi Churn,0.9999933,1
DAD-03756,124,101,570000.0,2025-08-29,5000.0,Pulihkan Duka Negeri Palestina,Transfer,13.25339339419516,0,0,Tidak Churn,0.009387308,0
DAD-03757,270,1,100000.0,2025-04-05,100000.0,Wakaf Pembangunan Masjid,Transfer,11.51293546492023,1,1,Berpotensi Churn,0.9999987,1
DAD-03760,242,2,170000.0,2025-05-03,100000.0,Pulihkan Duka Negeri Palestina,Transfer,12.04355959836804,1,1,Berpotensi Churn,0.9999975,1
DAD-03762,99,6,350000.0,2025-09-23,100000.0,Pulihkan Duka Negeri Palestina,Transfer,12.765691290604371,1,1,Berpotensi Churn,0.99993753,1
DAD-03763,138,3,300000.0,2025-08-15,50000.0,Pulihkan Duka Negeri Palestina,Transfer,12.611541086966115,1,1,Berpotensi Churn,0.9999912,1
DAD-03764,264,1,100000.0,2025-04-11,100000.0,Pulihkan Duka Negeri Palestina,Transfer,11.51293546492023,1,1,Berpotensi Churn,0.9999987,1
DAD-03765,124,2,150000.0,2025-08-29,100000.0,Pulihkan Duka Negeri Palestina,Transfer,11.918397239722838,1,1,Berpotensi Churn,0.9999957,1
DAD-03766,263,1,100000.0,2025-04-12,100000.0,Pulihkan Duka Negeri Palestina,Transfer,11.51293546492023,1,1,Berpotensi Churn,0.9999987,1
DAD-03767,263,1,100000.0,2025-04-12,100000.0,Pulihkan Duka Negeri Palestina,Transfer,11.51293546492023,1,1,Berpotensi Churn,0.9999987,1
DAD-03768,263,1,50000.0,2025-04-12,50000.0,Pulihkan Duka Negeri Palestina,Transfer,10.819798284210286,1,1,Berpotensi Churn,0.99999917,1
DAD-03769,152,2,150000.0,2025-08-01,50000.0,Pulihkan Duka Negeri Palestina,Transfer,11.918397239722838,1,1,Berpotensi Churn,0.999998,1
DAD-03770,263,1,100000.0,2025-04-12,100000.0,Pulihkan Duka Negeri Palestina,Transfer,11.51293546492023,1,1,Berpotensi Churn,0.9999987,1
DAD-03771,11,6,1450000.0,2025-12-20,200000.0,Wakaf Pembangunan Masjid,Transfer,14.187074804051692,1,1,Berpotensi Churn,0.99926096,1
DAD-03772,263,1,100000.0,2025-04-12,100000.0,Pulihkan Duka Negeri Palestina,Transfer,11.51293546492023,1,1,Berpotensi Churn,0.9999987,1
DAD-03773,263,1,30000.0,2025-04-12,30000.0,Pulihkan Duka Negeri Palestina,Transfer,10.308985993422082,1,1,Berpotensi Churn,0.9999993,1
DAD-03774,263,1,150000.0,2025-04-12,150000.0,Pulihkan Duka Negeri Palestina,Transfer,11.918397239722838,1,1,Berpotensi Churn,0.99999857,1
DAD-03775,263,1,50000.0,2025-04-12,50000.0,Pulihkan Duka Negeri Palestina,Transfer,10.819798284210286,1,1,Berpotensi Churn,0.99999917,1
DAD-03776,263,1,300000.0,2025-04-12,300000.0,Pulihkan Duka Negeri Palestina,Transfer,12.611541086966115,1,1,Berpotensi Churn,0.9999976,1
DAD-03777,262,1,50130.0,2025-04-13,50130.0,Pulihkan Duka Negeri Palestina,Transfer,10.822394858193437,1,1,Berpotensi Churn,0.9999989,1
DAD-03778,262,1,100000.0,2025-04-13,100000.0,Pulihkan Duka Negeri Palestina,Transfer,11.51293546492023,1,1,Berpotensi Churn,0.9999987,1
DAD-03779,262,1,30000.0,2025-04-13,30000.0,Pulihkan Duka Negeri Palestina,Transfer,10.308985993422082,1,1,Berpotensi Churn,0.9999993,1
DAD-03780,262,1,300000.0,2025-04-13,300000.0,Pulihkan Duka Negeri Palestina,Transfer,12.611541086966115,1,1,Berpotensi Churn,0.9999976,1
DAD-03781,262,1,300000.0,2025-04-13,300000.0,Pulihkan Duka Negeri Palestina,Transfer,12.611541086966115,1,1,Berpotensi Churn,0.9999976,1
DAD-03782,262,1,50000.0,2025-04-13,50000.0,Pulihkan Duka Negeri Palestina,Transfer,10.819798284210286,1,1,Berpotensi Churn,0.99999917,1
DAD-03783,262,1,50000.0,2025-04-13,50000.0,Pulihkan Duka Negeri Palestina,Transfer,10.819798284210286,1,1,Berpotensi Churn,0.99999917,1
DAD-03784,261,1,100000.0,2025-04-14,100000.0,Pulihkan Duka Negeri Palestina,Transfer,11.51293546492023,1,1,Berpotensi Churn,0.99999857,1
DAD-03785,261,1,100000.0,2025-04-14,100000.0,Pulihkan Duka Negeri Palestina,Transfer,11.51293546492023,1,1,Berpotensi Churn,0.99999857,1
DAD-03786,261,1,100000.0,2025-04-14,100000.0,Pulihkan Duka Negeri Palestina,Transfer,11.51293546492023,1,1,Berpotensi Churn,0.99999857,1
DAD-03787,261,1,80000.0,2025-04-14,80000.0,Pulihkan Duka Negeri Palestina,Transfer,11.289794413577894,1,1,Berpotensi Churn,0.9999987,1
DAD-03788,261,1,200000.0,2025-04-14,200000.0,Pulihkan Duka Negeri Palestina,Transfer,12.206077645517674,1,1,Berpotensi Churn,0.9999981,1
DAD-03789,260,1,300000.0,2025-04-15,300000.0,Pulihkan Duka Negeri Palestina,Transfer,12.611541086966115,1,1,Berpotensi Churn,0.99999726,1
DAD-03790,260,1,100000.0,2025-04-15,100000.0,Pulihkan Duka Negeri Palestina,Transfer,11.51293546492023,1,1,Berpotensi Churn,0.99999857,1
DAD-03791,260,1,100000.0,2025-04-15,100000.0,Pulihkan Duka Negeri Palestina,Transfer,11.51293546492023,1,1,Berpotensi Churn,0.99999857,1
DAD-03792,260,1,200000.0,2025-04-15,200000.0,Pulihkan Duka Negeri Palestina,Transfer,12.206077645517674,1,1,Berpotensi Churn,0.9999981,1
DAD-03793,260,1,30000.0,2025-04-15,30000.0,Pulihkan Duka Negeri Palestina,Transfer,10.308985993422082,1,1,Berpotensi Churn,0.99999917,1
DAD-03794,117,2,150000.0,2025-09-05,50000.0,Pulihkan Duka Negeri Palestina,Transfer,11.918397239722838,1,1,Berpotensi Churn,0.9999927,1
DAD-03795,159,2,100000.0,2025-07-25,50000.0,Syiar Qur'an Indonesia,Transfer,11.51293546492023,1,1,Berpotensi Churn,0.9999981,1
DAD-03796,260,1,50098.0,2025-04-15,50098.0,Pulihkan Duka Negeri Palestina,Transfer,10.821756326793912,1,1,Berpotensi Churn,0.9999988,1
DAD-03797,12,6,200135.0,2025-12-19,20000.0,Pulihkan Duka Negeri Palestina,Transfer,12.20675241443493,1,1,Berpotensi Churn,0.9999548,1
DAD-03798,259,1,50000.0,2025-04-16,50000.0,Pulihkan Duka Negeri Palestina,Transfer,10.819798284210286,1,1,Berpotensi Churn,0.99999917,1
DAD-03799,259,1,50000.0,2025-04-16,50000.0,Pulihkan Duka Negeri Palestina,Transfer,10.819798284210286,1,1,Berpotensi Churn,0.99999917,1
DAD-03800,12,4,350000.0,2025-12-19,100000.0,Pulihkan Duka Negeri Palestina,Transfer,12.765691290604371,1,1,Berpotensi Churn,0.9999578,1
DAD-03801,11,4,200000.0,2025-12-20,50000.0,Pulihkan Duka Negeri Palestina,Transfer,12.206077645517674,1,1,Berpotensi Churn,0.9999739,1
DAD-03803,164,3,130000.0,2025-07-20,30000.0,Pulihkan Duka Negeri Palestina,Transfer,11.775297421715827,1,1,Berpotensi Churn,0.9999957,1
DAD-03804,258,1,100000.0,2025-04-17,100000.0,Syiar Qur'an Indonesia,Transfer,11.51293546492023,1,1,Berpotensi Churn,0.99999857,1
DAD-03805,258,1,250000.0,2025-04-17,250000.0,Syiar Qur'an Indonesia,Transfer,12.429220196836383,1,1,Berpotensi Churn,0.99999785,1
DAD-03806,258,1,100000.0,2025-04-17,100000.0,Syiar Qur'an Indonesia,Transfer,11.51293546492023,1,1,Berpotensi Churn,0.99999857,1
DAD-03807,243,2,100000.0,2025-05-02,50000.0,Pulihkan Duka Negeri Palestina,Transfer,11.51293546492023,1,1,Berpotensi Churn,0.9999981,1
DAD-03808,152,3,150000.0,2025-08-01,50000.0,Pulihkan Duka Negeri Palestina,Transfer,11.918397239722838,1,1,Berpotensi Churn,0.99999523,1
DAD-03809,258,1,150000.0,2025-04-17,150000.0,Pulihkan Duka Negeri Palestina,Transfer,11.918397239722838,1,1,Berpotensi Churn,0.99999845,1
DAD-03811,258,1,100000.0,2025-04-17,100000.0,Pulihkan Duka Negeri Palestina,Transfer,11.51293546492023,1,1,Berpotensi Churn,0.99999857,1
DAD-03812,258,1,100000.0,2025-04-17,100000.0,Pulihkan Duka Negeri Palestina,Transfer,11.51293546492023,1,1,Berpotensi Churn,0.99999857,1
DAD-03813,258,1,200000.0,2025-04-17,200000.0,Pulihkan Duka Negeri Palestina,Transfer,12.206077645517674,1,1,Berpotensi Churn,0.9999981,1
DAD-03814,258,1,300000.0,2025-04-17,300000.0,Pulihkan Duka Negeri Palestina,Transfer,12.611541086966115,1,1,Berpotensi Churn,0.99999726,1
DAD-03815,257,1,100000.0,2025-04-18,100000.0,Syiar Qur'an Indonesia,Transfer,11.51293546492023,1,1,Berpotensi Churn,0.99999857,1
DAD-03816,257,1,120000.0,2025-04-18,120000.0,Syiar Qur'an Indonesia,Transfer,11.695255355062795,1,1,Berpotensi Churn,0.99999857,1
DAD-03817,257,1,50000.0,2025-04-18,50000.0,Pulihkan Duka Negeri Palestina,Transfer,10.819798284210286,1,1,Berpotensi Churn,0.99999917,1
DAD-03818,224,2,200000.0,2025-05-21,100000.0,Pulihkan Duka Negeri Palestina,Transfer,12.206077645517674,1,1,Berpotensi Churn,0.9999974,1
DAD-03819,18,5,375000.0,2025-12-13,100000.0,Pulihkan Duka Negeri Palestina,Transfer,12.834683971615659,1,1,Berpotensi Churn,0.9999496,1
DAD-03820,257,1,20000.0,2025-04-18,20000.0,Syiar Qur'an Indonesia,Transfer,9.90353755128617,1,1,Berpotensi Churn,0.99999917,1
DAD-03821,12,6,500000.0,2025-12-19,100000.0,Pulihkan Duka Negeri Indonesia,Transfer,13.122365377402328,1,1,Berpotensi Churn,0.9998497,1
DAD-03822,18,1,200000.0,2025-12-13,200000.0,Pulihkan Duka Negeri Indonesia,Transfer,12.206077645517674,1,1,Berpotensi Churn,0.9999925,1
DAD-03823,256,1,300000.0,2025-04-19,300000.0,Pulihkan Duka Negeri Palestina,Transfer,12.611541086966115,1,1,Berpotensi Churn,0.99999726,1
DAD-03824,241,2,600000.0,2025-05-04,300000.0,Pulihkan Duka Negeri Palestina,Transfer,13.304686600863562,1,1,Berpotensi Churn,0.99997556,1
DAD-03825,256,1,50000.0,2025-04-19,50000.0,Pulihkan Duka Negeri Palestina,Transfer,10.819798284210286,1,1,Berpotensi Churn,0.99999917,1
DAD-03826,110,3,700000.0,2025-09-12,200000.0,Pulihkan Duka Negeri Palestina,Transfer,13.45883704259595,1,1,Berpotensi Churn,0.9999176,1
DAD-03827,227,3,300000.0,2025-05-18,100000.0,Pulihkan Duka Negeri Palestina,Transfer,12.611541086966115,1,1,Berpotensi Churn,0.99999213,1
DAD-03828,253,1,25000.0,2025-04-22,25000.0,Pulihkan Duka Negeri Palestina,Transfer,10.12667110305036,1,1,Berpotensi Churn,0.99999917,1
DAD-03829,253,1,100000.0,2025-04-22,100000.0,Pulihkan Duka Negeri Palestina,Transfer,11.51293546492023,1,1,Berpotensi Churn,0.99999857,1
DAD-03830,229,2,100000.0,2025-05-16,50000.0,Pulihkan Duka Negeri Palestina,Transfer,11.51293546492023,1,1,Berpotensi Churn,0.9999981,1
DAD-03833,251,1,50000.0,2025-04-24,50000.0,Pulihkan Duka Negeri Palestina,Transfer,10.819798284210286,1,1,Berpotensi Churn,0.99999917,1
DAD-03834,251,1,100000.0,2025-04-24,100000.0,Pulihkan Duka Negeri Palestina,Transfer,11.51293546492023,1,1,Berpotensi Churn,0.99999857,1
DAD-03835,222,2,200000.0,2025-05-23,100000.0,Pulihkan Duka Negeri Palestina,Transfer,12.206077645517674,1,1,Berpotensi Churn,0.9999974,1
DAD-03836,250,1,100000.0,2025-04-25,100000.0,Pulihkan Duka Negeri Palestina,Transfer,11.51293546492023,1,1,Berpotensi Churn,0.99999857,1
DAD-03837,250,1,300000.0,2025-04-25,300000.0,Pulihkan Duka Negeri Palestina,Transfer,12.611541086966115,1,1,Berpotensi Churn,0.99999726,1
DAD-03838,250,1,200000.0,2025-04-25,200000.0,Pulihkan Duka Negeri Palestina,Transfer,12.206077645517674,1,1,Berpotensi Churn,0.9999981,1
DAD-03839,11,7,355000.0,2025-12-20,50000.0,Pulihkan Duka Negeri Indonesia,Transfer,12.779875885354993,1,1,Berpotensi Churn,0.99993277,1
DAD-03840,250,1,100000.0,2025-04-25,100000.0,Pulihkan Duka Negeri Palestina,Transfer,11.51293546492023,1,1,Berpotensi Churn,0.99999857,1
DAD-03841,249,1,50000.0,2025-04-26,50000.0,Wakaf Pembangunan Masjid,Transfer,10.819798284210286,1,1,Berpotensi Churn,0.99999917,1
DAD-03842,248,1,50000.0,2025-04-27,50000.0,Pulihkan Duka Negeri Palestina,Transfer,10.819798284210286,1,1,Berpotensi Churn,0.99999917,1
DAD-03843,248,1,200000.0,2025-04-27,200000.0,Pulihkan Duka Negeri Palestina,Transfer,12.206077645517674,1,1,Berpotensi Churn,0.9999981,1
DAD-03844,248,1,300000.0,2025-04-27,300000.0,Pulihkan Duka Negeri Palestina,Transfer,12.611541086966115,1,1,Berpotensi Churn,0.99999726,1
DAD-03845,248,1,300000.0,2025-04-27,300000.0,Pulihkan Duka Negeri Palestina,Transfer,12.611541086966115,1,1,Berpotensi Churn,0.99999726,1
DAD-03846,248,1,100000.0,2025-04-27,100000.0,Pulihkan Duka Negeri Palestina,Transfer,11.51293546492023,1,1,Berpotensi Churn,0.99999857,1
DAD-03847,9,2,100000.0,2025-12-22,50000.0,Pulihkan Duka Negeri Indonesia,Transfer,11.51293546492023,1,1,Berpotensi Churn,0.9999927,1
DAD-03848,247,1,50000.0,2025-04-28,50000.0,Pulihkan Duka Negeri Palestina,Transfer,10.819798284210286,1,1,Berpotensi Churn,0.99999917,1
DAD-03849,246,1,100000.0,2025-04-29,100000.0,Pulihkan Duka Negeri Palestina,Transfer,11.51293546492023,1,1,Berpotensi Churn,0.99999857,1
DAD-03850,246,1,150000.0,2025-04-29,150000.0,Pulihkan Duka Negeri Palestina,Transfer,11.918397239722838,1,1,Berpotensi Churn,0.99999845,1
DAD-03851,244,1,100000.0,2025-05-01,100000.0,Pulihkan Duka Negeri Palestina,Transfer,11.51293546492023,1,1,Berpotensi Churn,0.99999857,1
DAD-03852,244,1,250000.0,2025-05-01,250000.0,Pulihkan Duka Negeri Palestina,Transfer,12.429220196836383,1,1,Berpotensi Churn,0.99999785,1
DAD-03853,244,1,100000.0,2025-05-01,100000.0,Pulihkan Duka Negeri Palestina,Transfer,11.51293546492023,1,1,Berpotensi Churn,0.99999857,1
DAD-03854,244,1,250000.0,2025-05-01,250000.0,Pulihkan Duka Negeri Palestina,Transfer,12.429220196836383,1,1,Berpotensi Churn,0.99999785,1
DAD-03855,244,1,100000.0,2025-05-01,100000.0,Pulihkan Duka Negeri Palestina,Transfer,11.51293546492023,1,1,Berpotensi Churn,0.99999857,1
DAD-03856,244,1,50000.0,2025-05-01,50000.0,Pulihkan Duka Negeri Palestina,Transfer,10.819798284210286,1,1,Berpotensi Churn,0.99999917,1
DAD-03857,244,1,100168.0,2025-05-01,100168.0,Pulihkan Duka Negeri Palestina,Transfer,11.514614038527128,1,1,Berpotensi Churn,0.99999857,1
DAD-03858,244,1,50000.0,2025-05-01,50000.0,Pulihkan Duka Negeri Palestina,Transfer,10.819798284210286,1,1,Berpotensi Churn,0.99999917,1
DAD-03859,222,3,150000.0,2025-05-23,50000.0,Pulihkan Duka Negeri Palestina,Transfer,11.918397239722838,1,1,Berpotensi Churn,0.99999535,1
DAD-03860,230,4,190000.0,2025-05-15,40000.0,Pulihkan Duka Negeri Palestina,Transfer,12.154784614286667,1,1,Berpotensi Churn,0.99999356,1
DAD-03861,243,1,50000.0,2025-05-02,50000.0,Pulihkan Duka Negeri Palestina,Transfer,10.819798284210286,1,1,Berpotensi Churn,0.99999917,1
DAD-03862,243,1,100000.0,2025-05-02,100000.0,Pulihkan Duka Negeri Palestina,Transfer,11.51293546492023,1,1,Berpotensi Churn,0.99999857,1
DAD-03863,243,1,50010.0,2025-05-02,50010.0,Pulihkan Duka Negeri Palestina,Transfer,10.819998260213833,1,1,Berpotensi Churn,0.99999917,1
DAD-03864,243,1,100206.0,2025-05-02,100206.0,Pulihkan Duka Negeri Palestina,Transfer,11.514993325472227,1,1,Berpotensi Churn,0.99999857,1
DAD-03865,243,1,100000.0,2025-05-02,100000.0,Pulihkan Duka Negeri Palestina,Transfer,11.51293546492023,1,1,Berpotensi Churn,0.99999857,1
DAD-03866,243,1,50000.0,2025-05-02,50000.0,Pulihkan Duka Negeri Palestina,Transfer,10.819798284210286,1,1,Berpotensi Churn,0.99999917,1
DAD-03867,243,1,50000.0,2025-05-02,50000.0,Pulihkan Duka Negeri Palestina,Transfer,10.819798284210286,1,1,Berpotensi Churn,0.99999917,1
DAD-03868,243,1,50000.0,2025-05-02,50000.0,Pulihkan Duka Negeri Palestina,Transfer,10.819798284210286,1,1,Berpotensi Churn,0.99999917,1
DAD-03869,243,1,100000.0,2025-05-02,100000.0,Pulihkan Duka Negeri Palestina,Transfer,11.51293546492023,1,1,Berpotensi Churn,0.99999857,1
DAD-03870,14,5,630000.0,2025-12-17,30000.0,Pulihkan Duka Negeri Palestina,Transfer,13.353476685668044,1,1,Berpotensi Churn,0.9998222,1
DAD-03871,243,1,100000.0,2025-05-02,100000.0,Pulihkan Duka Negeri Palestina,Transfer,11.51293546492023,1,1,Berpotensi Churn,0.99999857,1
DAD-03872,243,1,50000.0,2025-05-02,50000.0,Pulihkan Duka Negeri Palestina,Transfer,10.819798284210286,1,1,Berpotensi Churn,0.99999917,1
DAD-03873,243,1,20000.0,2025-05-02,20000.0,Pulihkan Duka Negeri Palestina,Transfer,9.90353755128617,1,1,Berpotensi Churn,0.99999917,1
DAD-03874,117,3,300000.0,2025-09-05,100000.0,Pulihkan Duka Negeri Palestina,Transfer,12.611541086966115,1,1,Berpotensi Churn,0.9999691,1
DAD-03875,222,5,250000.0,2025-05-23,50000.0,Pulihkan Duka Negeri Palestina,Transfer,12.429220196836383,1,1,Berpotensi Churn,0.99999106,1
DAD-03876,243,1,200000.0,2025-05-02,200000.0,Pulihkan Duka Negeri Palestina,Transfer,12.206077645517674,1,1,Berpotensi Churn,0.9999981,1
DAD-03877,222,3,250000.0,2025-05-23,20000.0,Pulihkan Duka Negeri Palestina,Transfer,12.429220196836383,1,1,Berpotensi Churn,0.9999939,1
DAD-03879,243,1,50125.0,2025-05-02,50125.0,Pulihkan Duka Negeri Palestina,Transfer,10.822295114534558,1,1,Berpotensi Churn,0.9999988,1
DAD-03880,243,1,100000.0,2025-05-02,100000.0,Pulihkan Duka Negeri Palestina,Transfer,11.51293546492023,1,1,Berpotensi Churn,0.99999857,1
DAD-03881,243,1,50000.0,2025-05-02,50000.0,Pulihkan Duka Negeri Palestina,Transfer,10.819798284210286,1,1,Berpotensi Churn,0.99999917,1
DAD-03882,223,4,200000.0,2025-05-22,50000.0,Pulihkan Duka Negeri Palestina,Transfer,12.206077645517674,1,1,Berpotensi Churn,0.99999356,1
DAD-03883,236,2,100000.0,2025-05-09,50000.0,Pulihkan Duka Negeri Palestina,Transfer,11.51293546492023,1,1,Berpotensi Churn,0.9999981,1
DAD-03884,222,3,300000.0,2025-05-23,100000.0,Pulihkan Duka Negeri Palestina,Transfer,12.611541086966115,1,1,Berpotensi Churn,0.99999213,1
DAD-03885,239,2,100000.0,2025-05-06,50000.0,Pulihkan Duka Negeri Palestina,Transfer,11.51293546492023,1,1,Berpotensi Churn,0.9999981,1
DAD-03886,243,1,100000.0,2025-05-02,100000.0,Pulihkan Duka Negeri Palestina,Transfer,11.51293546492023,1,1,Berpotensi Churn,0.99999857,1
DAD-03887,222,2,200000.0,2025-05-23,100000.0,Pulihkan Duka Negeri Palestina,Transfer,12.206077645517674,1,1,Berpotensi Churn,0.9999974,1
DAD-03888,236,3,300000.0,2025-05-09,50000.0,Pulihkan Duka Negeri Palestina,Transfer,12.611541086966115,1,1,Berpotensi Churn,0.99999213,1
DAD-03889,243,1,100000.0,2025-05-02,100000.0,Pulihkan Duka Negeri Palestina,Transfer,11.51293546492023,1,1,Berpotensi Churn,0.99999857,1
DAD-03890,243,1,250000.0,2025-05-02,250000.0,Pulihkan Duka Negeri Palestina,Transfer,12.429220196836383,1,1,Berpotensi Churn,0.99999785,1
DAD-03891,243,1,100000.0,2025-05-02,100000.0,Pulihkan Duka Negeri Palestina,Transfer,11.51293546492023,1,1,Berpotensi Churn,0.99999857,1
DAD-03892,243,1,100075.0,2025-05-02,100075.0,Pulihkan Duka Negeri Palestina,Transfer,11.51368517631647,1,1,Berpotensi Churn,0.99999857,1
DAD-03893,242,3,250085.0,2025-05-03,50085.0,Pulihkan Duka Negeri Palestina,Transfer,12.429560137689949,1,1,Berpotensi Churn,0.9999939,1
DAD-03894,242,1,100000.0,2025-05-03,100000.0,Pulihkan Duka Negeri Palestina,Transfer,11.51293546492023,1,1,Berpotensi Churn,0.99999857,1
DAD-03895,153,2,600000.0,2025-07-31,300000.0,Pulihkan Duka Negeri Palestina,Transfer,13.304686600863562,1,1,Berpotensi Churn,0.9999814,1
DAD-03896,204,2,250000.0,2025-06-10,150000.0,Pulihkan Duka Negeri Palestina,Transfer,12.429220196836383,1,1,Berpotensi Churn,0.99999714,1
DAD-03897,242,1,50000.0,2025-05-03,50000.0,Pulihkan Duka Negeri Palestina,Transfer,10.819798284210286,1,1,Berpotensi Churn,0.99999917,1
DAD-03898,143,2,300000.0,2025-08-10,150000.0,Pulihkan Duka Negeri Palestina,Transfer,12.611541086966115,1,1,Berpotensi Churn,0.99999595,1
DAD-03899,242,1,250137.0,2025-05-03,250137.0,Pulihkan Duka Negeri Palestina,Transfer,12.429768044548426,1,1,Berpotensi Churn,0.99999785,1
DAD-03900,242,1,100000.0,2025-05-03,100000.0,Pulihkan Duka Negeri Palestina,Transfer,11.51293546492023,1,1,Berpotensi Churn,0.99999857,1
DAD-03901,242,1,200000.0,2025-05-03,200000.0,Pulihkan Duka Negeri Palestina,Transfer,12.206077645517674,1,1,Berpotensi Churn,0.9999981,1
DAD-03902,242,1,50000.0,2025-05-03,50000.0,Pulihkan Duka Negeri Palestina,Transfer,10.819798284210286,1,1,Berpotensi Churn,0.99999917,1
DAD-03903,242,1,50000.0,2025-05-03,50000.0,Pulihkan Duka Negeri Palestina,Transfer,10.819798284210286,1,1,Berpotensi Churn,0.99999917,1
DAD-03904,242,1,200000.0,2025-05-03,200000.0,Pulihkan Duka Negeri Palestina,Transfer,12.206077645517674,1,1,Berpotensi Churn,0.9999981,1
DAD-03905,241,1,100000.0,2025-05-04,100000.0,Pulihkan Duka Negeri Palestina,Transfer,11.51293546492023,1,1,Berpotensi Churn,0.99999857,1
DAD-03906,241,1,100077.0,2025-05-04,100077.0,Pulihkan Duka Negeri Palestina,Transfer,11.51370516092832,1,1,Berpotensi Churn,0.99999857,1
DAD-03907,241,1,200000.0,2025-05-04,200000.0,Pulihkan Duka Negeri Palestina,Transfer,12.206077645517674,1,1,Berpotensi Churn,0.9999981,1
DAD-03908,241,1,100000.0,2025-05-04,100000.0,Pulihkan Duka Negeri Palestina,Transfer,11.51293546492023,1,1,Berpotensi Churn,0.99999857,1
DAD-03909,240,1,30000.0,2025-05-05,30000.0,Pulihkan Duka Negeri Palestina,Transfer,10.308985993422082,1,1,Berpotensi Churn,0.99999917,1
DAD-03910,240,1,250000.0,2025-05-05,250000.0,Pulihkan Duka Negeri Palestina,Transfer,12.429220196836383,1,1,Berpotensi Churn,0.99999785,1
DAD-03911,240,1,50000.0,2025-05-05,50000.0,Pulihkan Duka Negeri Palestina,Transfer,10.819798284210286,1,1,Berpotensi Churn,0.99999917,1
DAD-03912,240,1,50000.0,2025-05-05,50000.0,Pulihkan Duka Negeri Palestina,Transfer,10.819798284210286,1,1,Berpotensi Churn,0.99999917,1
DAD-03913,239,1,50000.0,2025-05-06,50000.0,Pulihkan Duka Negeri Palestina,Transfer,10.819798284210286,1,1,Berpotensi Churn,0.99999917,1
DAD-03914,239,1,100000.0,2025-05-06,100000.0,Pulihkan Duka Negeri Palestina,Transfer,11.51293546492023,1,1,Berpotensi Churn,0.99999857,1
DAD-03915,239,1,50000.0,2025-05-06,50000.0,Pulihkan Duka Negeri Palestina,Transfer,10.819798284210286,1,1,Berpotensi Churn,0.99999917,1
DAD-03916,239,1,30000.0,2025-05-06,30000.0,Pulihkan Duka Negeri Palestina,Transfer,10.308985993422082,1,1,Berpotensi Churn,0.99999917,1
DAD-03917,239,1,100000.0,2025-05-06,100000.0,Pulihkan Duka Negeri Palestina,Transfer,11.51293546492023,1,1,Berpotensi Churn,0.99999857,1
DAD-03918,239,1,50000.0,2025-05-06,50000.0,Pulihkan Duka Negeri Palestina,Transfer,10.819798284210286,1,1,Berpotensi Churn,0.99999917,1
DAD-03919,239,1,100000.0,2025-05-06,100000.0,Pulihkan Duka Negeri Palestina,Transfer,11.51293546492023,1,1,Berpotensi Churn,0.99999857,1
DAD-03920,239,1,250050.0,2025-05-06,250050.0,Pulihkan Duka Negeri Palestina,Transfer,12.429420176039214,1,1,Berpotensi Churn,0.99999785,1
DAD-03921,239,1,300000.0,2025-05-06,300000.0,Pulihkan Duka Negeri Palestina,Transfer,12.611541086966115,1,1,Berpotensi Churn,0.99999726,1
DAD-03922,226,2,600000.0,2025-05-19,300000.0,Pulihkan Duka Negeri Palestina,Transfer,13.304686600863562,1,1,Berpotensi Churn,0.99997556,1
DAD-03923,239,1,50180.0,2025-05-06,50180.0,Pulihkan Duka Negeri Palestina,Transfer,10.823391747980118,1,1,Berpotensi Churn,0.9999988,1
DAD-03924,238,1,50000.0,2025-05-07,50000.0,Pulihkan Duka Negeri Palestina,Transfer,10.819798284210286,1,1,Berpotensi Churn,0.99999917,1
DAD-03925,238,1,35000.0,2025-05-07,35000.0,Pulihkan Duka Negeri Palestina,Transfer,10.463131911491967,1,1,Berpotensi Churn,0.99999917,1
DAD-03926,238,1,50000.0,2025-05-07,50000.0,Pulihkan Duka Negeri Palestina,Transfer,10.819798284210286,1,1,Berpotensi Churn,0.99999917,1
DAD-03927,238,1,50000.0,2025-05-07,50000.0,Pulihkan Duka Negeri Palestina,Transfer,10.819798284210286,1,1,Berpotensi Churn,0.99999917,1
DAD-03928,238,1,100002.0,2025-05-07,100002.0,Pulihkan Duka Negeri Palestina,Transfer,11.512955464520237,1,1,Berpotensi Churn,0.99999857,1
DAD-03929,238,1,200000.0,2025-05-07,200000.0,Pulihkan Duka Negeri Palestina,Transfer,12.206077645517674,1,1,Berpotensi Churn,0.9999981,1
DAD-03930,238,1,50000.0,2025-05-07,50000.0,Pulihkan Duka Negeri Palestina,Transfer,10.819798284210286,1,1,Berpotensi Churn,0.99999917,1
DAD-03931,238,1,50000.0,2025-05-07,50000.0,Pulihkan Duka Negeri Palestina,Transfer,10.819798284210286,1,1,Berpotensi Churn,0.99999917,1
DAD-03932,238,1,50000.0,2025-05-07,50000.0,Pulihkan Duka Negeri Palestina,Transfer,10.819798284210286,1,1,Berpotensi Churn,0.99999917,1
DAD-03933,238,1,50000.0,2025-05-07,50000.0,Pulihkan Duka Negeri Palestina,Transfer,10.819798284210286,1,1,Berpotensi Churn,0.99999917,1
DAD-03934,217,7,350000.0,2025-05-28,50000.0,Pulihkan Duka Negeri Palestina,Transfer,12.765691290604371,1,1,Berpotensi Churn,0.9999795,1
DAD-03935,237,1,10000.0,2025-05-08,10000.0,Wakaf Pembebasan Lahan,Transfer,9.210440366976517,1,1,Berpotensi Churn,0.99999917,1
DAD-03936,103,2,30000.0,2025-09-19,20000.0,Wakaf Pembangunan Masjid,Transfer,10.308985993422082,1,1,Berpotensi Churn,0.999997,1
DAD-03937,237,1,30000.0,2025-05-08,30000.0,Pulihkan Duka Negeri Palestina,Transfer,10.308985993422082,1,1,Berpotensi Churn,0.99999917,1
DAD-03938,237,1,55555.0,2025-05-08,55555.0,Pulihkan Duka Negeri Palestina,Transfer,10.92514680003611,1,1,Berpotensi Churn,0.9999987,1
DAD-03939,237,1,100000.0,2025-05-08,100000.0,Pulihkan Duka Negeri Palestina,Transfer,11.51293546492023,1,1,Berpotensi Churn,0.99999857,1
DAD-03940,237,1,50000.0,2025-05-08,50000.0,Pulihkan Duka Negeri Palestina,Transfer,10.819798284210286,1,1,Berpotensi Churn,0.99999917,1
DAD-03941,237,1,50000.0,2025-05-08,50000.0,Pulihkan Duka Negeri Palestina,Transfer,10.819798284210286,1,1,Berpotensi Churn,0.99999917,1
DAD-03942,237,1,50000.0,2025-05-08,50000.0,Pulihkan Duka Negeri Palestina,Transfer,10.819798284210286,1,1,Berpotensi Churn,0.99999917,1
DAD-03944,237,1,30000.0,2025-05-08,30000.0,Wakaf Pembangunan Masjid,Transfer,10.308985993422082,1,1,Berpotensi Churn,0.99999917,1
DAD-03945,237,1,300000.0,2025-05-08,300000.0,Pulihkan Duka Negeri Palestina,Transfer,12.611541086966115,1,1,Berpotensi Churn,0.99999726,1
DAD-03946,237,1,55000.0,2025-05-08,55000.0,Pulihkan Duka Negeri Palestina,Transfer,10.915106645867503,1,1,Berpotensi Churn,0.9999987,1
DAD-03947,236,1,100000.0,2025-05-09,100000.0,Pulihkan Duka Negeri Palestina,Transfer,11.51293546492023,1,1,Berpotensi Churn,0.99999857,1
DAD-03948,222,2,100000.0,2025-05-23,50000.0,Pulihkan Duka Negeri Palestina,Transfer,11.51293546492023,1,1,Berpotensi Churn,0.9999981,1
DAD-03949,236,1,200000.0,2025-05-09,200000.0,Pulihkan Duka Negeri Palestina,Transfer,12.206077645517674,1,1,Berpotensi Churn,0.9999981,1
DAD-03950,236,1,100000.0,2025-05-09,100000.0,Wakaf Pembebasan Lahan,Transfer,11.51293546492023,1,1,Berpotensi Churn,0.99999857,1
DAD-03951,236,1,300000.0,2025-05-09,300000.0,Pulihkan Duka Negeri Palestina,Transfer,12.611541086966115,1,1,Berpotensi Churn,0.99999726,1
DAD-03952,236,1,100000.0,2025-05-09,100000.0,Pulihkan Duka Negeri Palestina,Transfer,11.51293546492023,1,1,Berpotensi Churn,0.99999857,1
DAD-03953,236,1,100000.0,2025-05-09,100000.0,Pulihkan Duka Negeri Palestina,Transfer,11.51293546492023,1,1,Berpotensi Churn,0.99999857,1
DAD-03954,236,1,50000.0,2025-05-09,50000.0,Pulihkan Duka Negeri Palestina,Transfer,10.819798284210286,1,1,Berpotensi Churn,0.99999917,1
DAD-03955,236,1,150000.0,2025-05-09,150000.0,Pulihkan Duka Negeri Palestina,Transfer,11.918397239722838,1,1,Berpotensi Churn,0.99999845,1
DAD-03956,226,2,100000.0,2025-05-19,50000.0,Pulihkan Duka Negeri Palestina,Transfer,11.51293546492023,1,1,Berpotensi Churn,0.9999981,1
DAD-03957,236,1,100000.0,2025-05-09,100000.0,Syiar Qur'an Indonesia,Transfer,11.51293546492023,1,1,Berpotensi Churn,0.99999857,1
DAD-03958,236,1,100000.0,2025-05-09,100000.0,Pulihkan Duka Negeri Palestina,Transfer,11.51293546492023,1,1,Berpotensi Churn,0.99999857,1
DAD-03961,236,1,250119.0,2025-05-09,250119.0,Pulihkan Duka Negeri Palestina,Transfer,12.429696081681234,1,1,Berpotensi Churn,0.99999785,1
DAD-03962,236,1,200000.0,2025-05-09,200000.0,Pulihkan Duka Negeri Palestina,Transfer,12.206077645517674,1,1,Berpotensi Churn,0.9999981,1
DAD-03963,225,2,100000.0,2025-05-20,50000.0,Pulihkan Duka Negeri Palestina,Transfer,11.51293546492023,1,1,Berpotensi Churn,0.9999981,1
DAD-03964,236,1,50000.0,2025-05-09,50000.0,Pulihkan Duka Negeri Palestina,Transfer,10.819798284210286,1,1,Berpotensi Churn,0.99999917,1
DAD-03965,236,1,100000.0,2025-05-09,100000.0,Pulihkan Duka Negeri Palestina,Transfer,11.51293546492023,1,1,Berpotensi Churn,0.99999857,1
DAD-03966,236,1,10000.0,2025-05-09,10000.0,Wakaf Pembangunan Masjid,Transfer,9.210440366976517,1,1,Berpotensi Churn,0.99999917,1
DAD-03967,236,1,100000.0,2025-05-09,100000.0,Wakaf Pembangunan Masjid,Transfer,11.51293546492023,1,1,Berpotensi Churn,0.99999857,1
DAD-03968,235,1,100000.0,2025-05-10,100000.0,Pulihkan Duka Negeri Palestina,Transfer,11.51293546492023,1,1,Berpotensi Churn,0.99999857,1
DAD-03969,235,1,180000.0,2025-05-10,180000.0,Pulihkan Duka Negeri Palestina,Transfer,12.100717685412471,1,1,Berpotensi Churn,0.9999981,1
DAD-03970,235,1,100000.0,2025-05-10,100000.0,Pulihkan Duka Negeri Palestina,Transfer,11.51293546492023,1,1,Berpotensi Churn,0.99999857,1
DAD-03971,235,1,100000.0,2025-05-10,100000.0,Pulihkan Duka Negeri Palestina,Transfer,11.51293546492023,1,1,Berpotensi Churn,0.99999857,1
DAD-03972,224,2,200000.0,2025-05-21,100000.0,Pulihkan Duka Negeri Palestina,Transfer,12.206077645517674,1,1,Berpotensi Churn,0.9999974,1
DAD-03973,124,3,350000.0,2025-08-29,50000.0,Wakaf Pembangunan Masjid,Transfer,12.765691290604371,1,1,Berpotensi Churn,0.9999788,1
DAD-03974,235,1,30000.0,2025-05-10,30000.0,Wakaf Pembangunan Masjid,Transfer,10.308985993422082,1,1,Berpotensi Churn,0.99999917,1
DAD-03975,166,2,60000.0,2025-07-18,50000.0,Wakaf Pembangunan Masjid,Transfer,11.002116507732017,1,1,Berpotensi Churn,0.99999833,1
DAD-03976,235,1,100000.0,2025-05-10,100000.0,Wakaf Pembangunan Masjid,Transfer,11.51293546492023,1,1,Berpotensi Churn,0.99999857,1
DAD-03977,234,1,100000.0,2025-05-11,100000.0,Pulihkan Duka Negeri Indonesia,Transfer,11.51293546492023,1,1,Berpotensi Churn,0.99999857,1
DAD-03978,234,1,50000.0,2025-05-11,50000.0,Pulihkan Duka Negeri Palestina,Transfer,10.819798284210286,1,1,Berpotensi Churn,0.99999917,1
DAD-03979,234,1,100000.0,2025-05-11,100000.0,Pulihkan Duka Negeri Palestina,Transfer,11.51293546492023,1,1,Berpotensi Churn,0.99999857,1
DAD-03980,234,1,50000.0,2025-05-11,50000.0,Pulihkan Duka Negeri Palestina,Transfer,10.819798284210286,1,1,Berpotensi Churn,0.99999917,1
DAD-03982,221,2,200000.0,2025-05-24,100000.0,Pulihkan Duka Negeri Palestina,Transfer,12.206077645517674,1,1,Berpotensi Churn,0.9999975,1
DAD-03983,232,1,100000.0,2025-05-13,100000.0,Pulihkan Duka Negeri Palestina,Transfer,11.51293546492023,1,1,Berpotensi Churn,0.99999857,1
DAD-03984,232,1,100000.0,2025-05-13,100000.0,Pulihkan Duka Negeri Palestina,Transfer,11.51293546492023,1,1,Berpotensi Churn,0.99999857,1
DAD-03985,232,1,300000.0,2025-05-13,300000.0,Pulihkan Duka Negeri Palestina,Transfer,12.611541086966115,1,1,Berpotensi Churn,0.99999726,1
DAD-03986,231,1,100000.0,2025-05-14,100000.0,Pulihkan Duka Negeri Indonesia,Transfer,11.51293546492023,1,1,Berpotensi Churn,0.99999857,1
DAD-03987,17,2,200000.0,2025-12-14,100000.0,Pulihkan Duka Negeri Indonesia,Transfer,12.206077645517674,1,1,Berpotensi Churn,0.9999893,1
DAD-03989,124,2,450000.0,2025-08-29,250000.0,Pulihkan Duka Negeri Palestina,Transfer,13.017005083966255,1,1,Berpotensi Churn,0.9999769,1
DAD-03990,231,1,50000.0,2025-05-14,50000.0,Pulihkan Duka Negeri Palestina,Transfer,10.819798284210286,1,1,Berpotensi Churn,0.99999917,1
DAD-03991,231,1,100008.0,2025-05-14,100008.0,Pulihkan Duka Negeri Palestina,Transfer,11.513015460920471,1,1,Berpotensi Churn,0.99999857,1
DAD-03992,231,1,50000.0,2025-05-14,50000.0,Pulihkan Duka Negeri Palestina,Transfer,10.819798284210286,1,1,Berpotensi Churn,0.99999917,1
DAD-03993,231,1,150000.0,2025-05-14,150000.0,Pulihkan Duka Negeri Palestina,Transfer,11.918397239722838,1,1,Berpotensi Churn,0.99999845,1
DAD-03994,231,1,50000.0,2025-05-14,50000.0,Pulihkan Duka Negeri Palestina,Transfer,10.819798284210286,1,1,Berpotensi Churn,0.99999917,1
DAD-03995,231,1,100000.0,2025-05-14,100000.0,Pulihkan Duka Negeri Palestina,Transfer,11.51293546492023,1,1,Berpotensi Churn,0.99999857,1
DAD-03996,31,4,400000.0,2025-11-30,100000.0,Pulihkan Duka Negeri Palestina,Transfer,12.899222326086994,1,1,Berpotensi Churn,0.99994767,1
DAD-03997,231,1,300000.0,2025-05-14,300000.0,Pulihkan Duka Negeri Palestina,Transfer,12.611541086966115,1,1,Berpotensi Churn,0.99999726,1
DAD-03998,230,1,10000.0,2025-05-15,10000.0,Pulihkan Duka Negeri Palestina,Transfer,9.210440366976517,1,1,Berpotensi Churn,0.99999917,1
DAD-03999,230,1,200000.0,2025-05-15,200000.0,Pulihkan Duka Negeri Palestina,Transfer,12.206077645517674,1,1,Berpotensi Churn,0.9999981,1
DAD-04000,148,10,1000000.0,2025-08-05,100000.0,Wakaf Pembangunan Masjid,Transfer,13.815511557963774,1,1,Berpotensi Churn,0.9999629,1
DAD-04001,229,1,50000.0,2025-05-16,50000.0,Pulihkan Duka Negeri Palestina,Transfer,10.819798284210286,1,1,Berpotensi Churn,0.99999917,1
DAD-04002,229,1,50000.0,2025-05-16,50000.0,Pulihkan Duka Negeri Palestina,Transfer,10.819798284210286,1,1,Berpotensi Churn,0.99999917,1
DAD-04003,229,1,50000.0,2025-05-16,50000.0,Pulihkan Duka Negeri Palestina,Transfer,10.819798284210286,1,1,Berpotensi Churn,0.99999917,1
DAD-04004,222,2,200356.0,2025-05-23,100178.0,Pulihkan Duka Negeri Palestina,Transfer,12.207856054310943,1,1,Berpotensi Churn,0.9999974,1
DAD-04005,124,2,100000.0,2025-08-29,50000.0,Pulihkan Duka Negeri Palestina,Transfer,11.51293546492023,1,1,Berpotensi Churn,0.99999607,1
DAD-04006,229,1,100141.0,2025-05-16,100141.0,Pulihkan Duka Negeri Palestina,Transfer,11.514344457723642,1,1,Berpotensi Churn,0.99999857,1
DAD-04007,229,1,100185.0,2025-05-16,100185.0,Pulihkan Duka Negeri Palestina,Transfer,11.514783737312193,1,1,Berpotensi Churn,0.99999857,1
DAD-04008,229,1,100000.0,2025-05-16,100000.0,Pulihkan Duka Negeri Palestina,Transfer,11.51293546492023,1,1,Berpotensi Churn,0.99999857,1
DAD-04009,229,1,100000.0,2025-05-16,100000.0,Pulihkan Duka Negeri Palestina,Transfer,11.51293546492023,1,1,Berpotensi Churn,0.99999857,1
DAD-04010,229,1,250000.0,2025-05-16,250000.0,Pulihkan Duka Negeri Palestina,Transfer,12.429220196836383,1,1,Berpotensi Churn,0.99999785,1
DAD-04011,229,1,150000.0,2025-05-16,150000.0,Pulihkan Duka Negeri Palestina,Transfer,11.918397239722838,1,1,Berpotensi Churn,0.99999845,1
DAD-04012,229,1,50000.0,2025-05-16,50000.0,Pulihkan Duka Negeri Palestina,Transfer,10.819798284210286,1,1,Berpotensi Churn,0.99999917,1
DAD-04013,229,1,100000.0,2025-05-16,100000.0,Pulihkan Duka Negeri Palestina,Transfer,11.51293546492023,1,1,Berpotensi Churn,0.99999857,1
DAD-04014,228,1,50000.0,2025-05-17,50000.0,Pulihkan Duka Negeri Palestina,Transfer,10.819798284210286,1,1,Berpotensi Churn,0.99999917,1
DAD-04015,228,1,100000.0,2025-05-17,100000.0,Pulihkan Duka Negeri Palestina,Transfer,11.51293546492023,1,1,Berpotensi Churn,0.99999857,1
DAD-04017,228,1,100000.0,2025-05-17,100000.0,Pulihkan Duka Negeri Palestina,Transfer,11.51293546492023,1,1,Berpotensi Churn,0.99999857,1
DAD-04018,217,2,100123.0,2025-05-28,50123.0,Pulihkan Duka Negeri Indonesia,Transfer,11.51416469680518,1,1,Berpotensi Churn,0.9999981,1
DAD-04019,227,1,50000.0,2025-05-18,50000.0,Pulihkan Duka Negeri Palestina,Transfer,10.819798284210286,1,1,Berpotensi Churn,0.99999917,1
DAD-04020,227,1,100000.0,2025-05-18,100000.0,Pulihkan Duka Negeri Palestina,Transfer,11.51293546492023,1,1,Berpotensi Churn,0.99999857,1
DAD-04021,227,1,200000.0,2025-05-18,200000.0,Pulihkan Duka Negeri Palestina,Transfer,12.206077645517674,1,1,Berpotensi Churn,0.9999981,1
DAD-04022,227,1,100000.0,2025-05-18,100000.0,Pulihkan Duka Negeri Palestina,Transfer,11.51293546492023,1,1,Berpotensi Churn,0.99999857,1
DAD-04023,227,1,100000.0,2025-05-18,100000.0,Pulihkan Duka Negeri Palestina,Transfer,11.51293546492023,1,1,Berpotensi Churn,0.99999857,1
DAD-04024,126,2,200000.0,2025-08-27,100000.0,Pulihkan Duka Negeri Palestina,Transfer,12.206077645517674,1,1,Berpotensi Churn,0.99999416,1
DAD-04025,227,1,50000.0,2025-05-18,50000.0,Pulihkan Duka Negeri Palestina,Transfer,10.819798284210286,1,1,Berpotensi Churn,0.99999917,1
DAD-04026,218,6,390000.0,2025-05-27,100000.0,Pulihkan Duka Negeri Palestina,Transfer,12.873904582205107,1,1,Berpotensi Churn,0.9999763,1
DAD-04027,226,1,50000.0,2025-05-19,50000.0,Pulihkan Duka Negeri Palestina,Transfer,10.819798284210286,1,1,Berpotensi Churn,0.99999917,1
DAD-04028,226,1,50000.0,2025-05-19,50000.0,Pulihkan Duka Negeri Palestina,Transfer,10.819798284210286,1,1,Berpotensi Churn,0.99999917,1
DAD-04029,225,1,100000.0,2025-05-20,100000.0,Pulihkan Duka Negeri Palestina,Transfer,11.51293546492023,1,1,Berpotensi Churn,0.99999857,1
DAD-04030,225,1,210000.0,2025-05-20,210000.0,Pulihkan Duka Negeri Palestina,Transfer,12.25486757159303,1,1,Berpotensi Churn,0.99999785,1
DAD-04031,225,1,300000.0,2025-05-20,300000.0,Pulihkan Duka Negeri Palestina,Transfer,12.611541086966115,1,1,Berpotensi Churn,0.99999726,1
DAD-04033,225,1,55000.0,2025-05-20,55000.0,Pulihkan Duka Negeri Palestina,Transfer,10.915106645867503,1,1,Berpotensi Churn,0.9999987,1
DAD-04034,225,1,100000.0,2025-05-20,100000.0,Pulihkan Duka Negeri Palestina,Transfer,11.51293546492023,1,1,Berpotensi Churn,0.99999857,1
DAD-04035,225,1,200000.0,2025-05-20,200000.0,Pulihkan Duka Negeri Palestina,Transfer,12.206077645517674,1,1,Berpotensi Churn,0.9999981,1
DAD-04036,224,1,100000.0,2025-05-21,100000.0,Pulihkan Duka Negeri Palestina,Transfer,11.51293546492023,1,1,Berpotensi Churn,0.99999857,1
DAD-04037,224,1,100000.0,2025-05-21,100000.0,Pulihkan Duka Negeri Palestina,Transfer,11.51293546492023,1,1,Berpotensi Churn,0.99999857,1
DAD-04038,224,1,50000.0,2025-05-21,50000.0,Pulihkan Duka Negeri Palestina,Transfer,10.819798284210286,1,1,Berpotensi Churn,0.99999917,1
DAD-04039,224,1,50000.0,2025-05-21,50000.0,Pulihkan Duka Negeri Palestina,Transfer,10.819798284210286,1,1,Berpotensi Churn,0.99999917,1
DAD-04040,224,1,100000.0,2025-05-21,100000.0,Pulihkan Duka Negeri Palestina,Transfer,11.51293546492023,1,1,Berpotensi Churn,0.99999857,1
DAD-04041,224,1,35000.0,2025-05-21,35000.0,Syiar Qur'an Indonesia,Transfer,10.463131911491967,1,1,Berpotensi Churn,0.99999917,1
DAD-04042,223,1,300000.0,2025-05-22,300000.0,Pulihkan Duka Negeri Indonesia,Transfer,12.611541086966115,1,1,Berpotensi Churn,0.99999726,1
DAD-04043,223,1,100000.0,2025-05-22,100000.0,Pulihkan Duka Negeri Palestina,Transfer,11.51293546492023,1,1,Berpotensi Churn,0.99999857,1
DAD-04044,223,1,50000.0,2025-05-22,50000.0,Pulihkan Duka Negeri Palestina,Transfer,10.819798284210286,1,1,Berpotensi Churn,0.99999917,1
DAD-04045,223,1,100000.0,2025-05-22,100000.0,Pulihkan Duka Negeri Palestina,Transfer,11.51293546492023,1,1,Berpotensi Churn,0.99999857,1
DAD-04046,223,1,50000.0,2025-05-22,50000.0,Pulihkan Duka Negeri Palestina,Transfer,10.819798284210286,1,1,Berpotensi Churn,0.99999917,1
DAD-04047,222,1,50000.0,2025-05-23,50000.0,Pulihkan Duka Negeri Indonesia,Transfer,10.819798284210286,1,1,Berpotensi Churn,0.99999917,1
DAD-04048,222,1,100000.0,2025-05-23,100000.0,Pulihkan Duka Negeri Indonesia,Transfer,11.51293546492023,1,1,Berpotensi Churn,0.99999857,1
DAD-04049,222,1,100000.0,2025-05-23,100000.0,Pulihkan Duka Negeri Indonesia,Transfer,11.51293546492023,1,1,Berpotensi Churn,0.99999857,1
DAD-04050,222,1,100000.0,2025-05-23,100000.0,Pulihkan Duka Negeri Indonesia,Transfer,11.51293546492023,1,1,Berpotensi Churn,0.99999857,1
DAD-04051,222,1,100000.0,2025-05-23,100000.0,Pulihkan Duka Negeri Indonesia,Transfer,11.51293546492023,1,1,Berpotensi Churn,0.99999857,1
DAD-04052,222,1,100224.0,2025-05-23,100224.0,Pulihkan Duka Negeri Indonesia,Transfer,11.515172937510707,1,1,Berpotensi Churn,0.99999857,1
DAD-04053,222,1,300000.0,2025-05-23,300000.0,Pulihkan Duka Negeri Indonesia,Transfer,12.611541086966115,1,1,Berpotensi Churn,0.99999726,1
DAD-04054,222,1,100000.0,2025-05-23,100000.0,Pulihkan Duka Negeri Indonesia,Transfer,11.51293546492023,1,1,Berpotensi Churn,0.99999857,1
DAD-04055,222,1,50192.0,2025-05-23,50192.0,Pulihkan Duka Negeri Palestina,Transfer,10.823630853725772,1,1,Berpotensi Churn,0.9999988,1
DAD-04056,222,1,50000.0,2025-05-23,50000.0,Pulihkan Duka Negeri Palestina,Transfer,10.819798284210286,1,1,Berpotensi Churn,0.99999917,1
DAD-04057,222,1,50000.0,2025-05-23,50000.0,Pulihkan Duka Negeri Palestina,Transfer,10.819798284210286,1,1,Berpotensi Churn,0.99999917,1
DAD-04058,222,1,50000.0,2025-05-23,50000.0,Wakaf Pembebasan Lahan,Transfer,10.819798284210286,1,1,Berpotensi Churn,0.99999917,1
DAD-04060,222,1,100000.0,2025-05-23,100000.0,Pulihkan Duka Negeri Palestina,Transfer,11.51293546492023,1,1,Berpotensi Churn,0.99999857,1
DAD-04061,18,4,650000.0,2025-12-13,100000.0,Pulihkan Duka Negeri Palestina,Transfer,13.384729180332174,1,1,Berpotensi Churn,0.99987054,1
DAD-04062,222,1,100000.0,2025-05-23,100000.0,Sambung Hidup Dhuafa,Transfer,11.51293546492023,1,1,Berpotensi Churn,0.99999857,1
DAD-04063,222,1,100000.0,2025-05-23,100000.0,Pulihkan Duka Negeri Palestina,Transfer,11.51293546492023,1,1,Berpotensi Churn,0.99999857,1
DAD-04064,222,1,200000.0,2025-05-23,200000.0,Pulihkan Duka Negeri Palestina,Transfer,12.206077645517674,1,1,Berpotensi Churn,0.9999981,1
DAD-04065,222,1,10000.0,2025-05-23,10000.0,Pulihkan Duka Negeri Palestina,Transfer,9.210440366976517,1,1,Berpotensi Churn,0.99999917,1
DAD-04066,222,1,300000.0,2025-05-23,300000.0,Pulihkan Duka Negeri Palestina,Transfer,12.611541086966115,1,1,Berpotensi Churn,0.99999726,1
DAD-04067,221,1,100000.0,2025-05-24,100000.0,Pulihkan Duka Negeri Indonesia,Transfer,11.51293546492023,1,1,Berpotensi Churn,0.99999857,1
DAD-04068,221,1,100000.0,2025-05-24,100000.0,Pulihkan Duka Negeri Indonesia,Transfer,11.51293546492023,1,1,Berpotensi Churn,0.99999857,1
DAD-04069,221,1,100000.0,2025-05-24,100000.0,Pulihkan Duka Negeri Indonesia,Transfer,11.51293546492023,1,1,Berpotensi Churn,0.99999857,1
DAD-04070,221,1,100000.0,2025-05-24,100000.0,Pulihkan Duka Negeri Indonesia,Transfer,11.51293546492023,1,1,Berpotensi Churn,0.99999857,1
DAD-04071,221,1,25000.0,2025-05-24,25000.0,Pulihkan Duka Negeri Indonesia,Transfer,10.12667110305036,1,1,Berpotensi Churn,0.99999917,1
DAD-04072,221,1,100000.0,2025-05-24,100000.0,Pulihkan Duka Negeri Indonesia,Transfer,11.51293546492023,1,1,Berpotensi Churn,0.99999857,1
DAD-04073,221,1,50000.0,2025-05-24,50000.0,Pulihkan Duka Negeri Palestina,Transfer,10.819798284210286,1,1,Berpotensi Churn,0.99999917,1
DAD-04074,221,1,50000.0,2025-05-24,50000.0,Pulihkan Duka Negeri Palestina,Transfer,10.819798284210286,1,1,Berpotensi Churn,0.99999917,1
DAD-04075,145,2,200008.0,2025-08-08,100008.0,Pulihkan Duka Negeri Palestina,Transfer,12.206117644517704,1,1,Berpotensi Churn,0.9999975,1
DAD-04076,221,1,40000.0,2025-05-24,40000.0,Pulihkan Duka Negeri Palestina,Transfer,10.596659732783579,1,1,Berpotensi Churn,0.99999917,1
DAD-04077,221,1,50000.0,2025-05-24,50000.0,Pulihkan Duka Negeri Palestina,Transfer,10.819798284210286,1,1,Berpotensi Churn,0.99999917,1
DAD-04078,221,1,100000.0,2025-05-24,100000.0,Pulihkan Duka Negeri Palestina,Transfer,11.51293546492023,1,1,Berpotensi Churn,0.99999857,1
DAD-04079,221,1,50000.0,2025-05-24,50000.0,Pulihkan Duka Negeri Palestina,Transfer,10.819798284210286,1,1,Berpotensi Churn,0.99999917,1
DAD-04080,221,1,300000.0,2025-05-24,300000.0,Pulihkan Duka Negeri Palestina,Transfer,12.611541086966115,1,1,Berpotensi Churn,0.99999726,1
DAD-04081,221,1,43000.0,2025-05-24,43000.0,Pulihkan Duka Negeri Palestina,Transfer,10.668978650219241,1,1,Berpotensi Churn,0.99999917,1
DAD-04082,221,1,100000.0,2025-05-24,100000.0,Syiar Qur'an Indonesia,Transfer,11.51293546492023,1,1,Berpotensi Churn,0.99999857,1
DAD-04084,220,1,100000.0,2025-05-25,100000.0,Pulihkan Duka Negeri Indonesia,Transfer,11.51293546492023,1,1,Berpotensi Churn,0.99999857,1
DAD-04085,220,1,300000.0,2025-05-25,300000.0,Pulihkan Duka Negeri Indonesia,Transfer,12.611541086966115,1,1,Berpotensi Churn,0.99999726,1
DAD-04086,220,1,100000.0,2025-05-25,100000.0,Pulihkan Duka Negeri Indonesia,Transfer,11.51293546492023,1,1,Berpotensi Churn,0.99999857,1
DAD-04087,220,1,100000.0,2025-05-25,100000.0,Pulihkan Duka Negeri Indonesia,Transfer,11.51293546492023,1,1,Berpotensi Churn,0.99999857,1
DAD-04088,220,1,10000.0,2025-05-25,10000.0,Pulihkan Duka Negeri Indonesia,Transfer,9.210440366976517,1,1,Berpotensi Churn,0.99999917,1
DAD-04089,220,1,150000.0,2025-05-25,150000.0,Pulihkan Duka Negeri Palestina,Transfer,11.918397239722838,1,1,Berpotensi Churn,0.99999845,1
DAD-04090,220,1,50000.0,2025-05-25,50000.0,Pulihkan Duka Negeri Palestina,Transfer,10.819798284210286,1,1,Berpotensi Churn,0.99999917,1
DAD-04092,220,1,50000.0,2025-05-25,50000.0,Pulihkan Duka Negeri Palestina,Transfer,10.819798284210286,1,1,Berpotensi Churn,0.99999917,1
DAD-04093,220,1,40000.0,2025-05-25,40000.0,Pulihkan Duka Negeri Palestina,Transfer,10.596659732783579,1,1,Berpotensi Churn,0.99999917,1
DAD-04094,220,1,100000.0,2025-05-25,100000.0,Pulihkan Duka Negeri Palestina,Transfer,11.51293546492023,1,1,Berpotensi Churn,0.99999857,1
DAD-04095,220,1,50000.0,2025-05-25,50000.0,Pulihkan Duka Negeri Palestina,Transfer,10.819798284210286,1,1,Berpotensi Churn,0.99999917,1
DAD-04096,219,1,300000.0,2025-05-26,300000.0,Pulihkan Duka Negeri Indonesia,Transfer,12.611541086966115,1,1,Berpotensi Churn,0.99999726,1
DAD-04097,219,1,100000.0,2025-05-26,100000.0,Pulihkan Duka Negeri Indonesia,Transfer,11.51293546492023,1,1,Berpotensi Churn,0.99999857,1
DAD-04098,219,1,100000.0,2025-05-26,100000.0,Pulihkan Duka Negeri Indonesia,Transfer,11.51293546492023,1,1,Berpotensi Churn,0.99999857,1
DAD-04099,219,1,100129.0,2025-05-26,100129.0,Pulihkan Duka Negeri Palestina,Transfer,11.514224620701848,1,1,Berpotensi Churn,0.99999857,1
DAD-04100,219,1,100000.0,2025-05-26,100000.0,Pulihkan Duka Negeri Palestina,Transfer,11.51293546492023,1,1,Berpotensi Churn,0.99999857,1
DAD-04101,219,1,100000.0,2025-05-26,100000.0,Pulihkan Duka Negeri Palestina,Transfer,11.51293546492023,1,1,Berpotensi Churn,0.99999857,1
DAD-04102,219,1,50000.0,2025-05-26,50000.0,Pulihkan Duka Negeri Palestina,Transfer,10.819798284210286,1,1,Berpotensi Churn,0.99999917,1
DAD-04103,158,2,200000.0,2025-07-26,100000.0,Pulihkan Duka Negeri Palestina,Transfer,12.206077645517674,1,1,Berpotensi Churn,0.9999975,1
DAD-04104,219,1,50000.0,2025-05-26,50000.0,Pulihkan Duka Negeri Palestina,Transfer,10.819798284210286,1,1,Berpotensi Churn,0.99999917,1
DAD-04105,219,1,50000.0,2025-05-26,50000.0,Pulihkan Duka Negeri Palestina,Transfer,10.819798284210286,1,1,Berpotensi Churn,0.99999917,1
DAD-04106,219,1,100000.0,2025-05-26,100000.0,Syiar Qur'an Indonesia,Transfer,11.51293546492023,1,1,Berpotensi Churn,0.99999857,1
DAD-04107,218,1,100000.0,2025-05-27,100000.0,Pulihkan Duka Negeri Indonesia,Transfer,11.51293546492023,1,1,Berpotensi Churn,0.99999857,1
DAD-04108,218,1,100000.0,2025-05-27,100000.0,Pulihkan Duka Negeri Indonesia,Transfer,11.51293546492023,1,1,Berpotensi Churn,0.99999857,1
DAD-04109,124,2,200000.0,2025-08-29,100000.0,Pulihkan Duka Negeri Indonesia,Transfer,12.206077645517674,1,1,Berpotensi Churn,0.99999416,1
DAD-04110,218,1,100000.0,2025-05-27,100000.0,Pulihkan Duka Negeri Palestina,Transfer,11.51293546492023,1,1,Berpotensi Churn,0.99999857,1
DAD-04111,218,1,50000.0,2025-05-27,50000.0,Pulihkan Duka Negeri Palestina,Transfer,10.819798284210286,1,1,Berpotensi Churn,0.99999917,1
DAD-04112,217,1,100000.0,2025-05-28,100000.0,Pulihkan Duka Negeri Indonesia,Transfer,11.51293546492023,1,1,Berpotensi Churn,0.99999857,1
DAD-04113,217,1,300000.0,2025-05-28,300000.0,Pulihkan Duka Negeri Indonesia,Transfer,12.611541086966115,1,1,Berpotensi Churn,0.99999726,1
DAD-04114,217,1,100000.0,2025-05-28,100000.0,Pulihkan Duka Negeri Indonesia,Transfer,11.51293546492023,1,1,Berpotensi Churn,0.99999857,1
DAD-04115,217,1,50000.0,2025-05-28,50000.0,Pulihkan Duka Negeri Indonesia,Transfer,10.819798284210286,1,1,Berpotensi Churn,0.99999917,1
DAD-04116,217,1,100000.0,2025-05-28,100000.0,Pulihkan Duka Negeri Indonesia,Transfer,11.51293546492023,1,1,Berpotensi Churn,0.99999857,1
DAD-04117,217,1,160000.0,2025-05-28,160000.0,Pulihkan Duka Negeri Indonesia,Transfer,11.982935344196433,1,1,Berpotensi Churn,0.9999982,1
DAD-04118,217,1,100000.0,2025-05-28,100000.0,Pulihkan Duka Negeri Indonesia,Transfer,11.51293546492023,1,1,Berpotensi Churn,0.99999857,1
DAD-04119,217,1,100000.0,2025-05-28,100000.0,Pulihkan Duka Negeri Indonesia,Transfer,11.51293546492023,1,1,Berpotensi Churn,0.99999857,1
DAD-04120,217,1,50000.0,2025-05-28,50000.0,Pulihkan Duka Negeri Indonesia,Transfer,10.819798284210286,1,1,Berpotensi Churn,0.99999917,1
DAD-04121,217,1,100000.0,2025-05-28,100000.0,Pulihkan Duka Negeri Indonesia,Transfer,11.51293546492023,1,1,Berpotensi Churn,0.99999857,1
DAD-04122,215,2,600000.0,2025-05-30,300000.0,Pulihkan Duka Negeri Palestina,Transfer,13.304686600863562,1,1,Berpotensi Churn,0.9999777,1
DAD-04123,216,1,100000.0,2025-05-29,100000.0,Pulihkan Duka Negeri Indonesia,Transfer,11.51293546492023,1,1,Berpotensi Churn,0.99999857,1
DAD-04124,216,1,200000.0,2025-05-29,200000.0,Pulihkan Duka Negeri Indonesia,Transfer,12.206077645517674,1,1,Berpotensi Churn,0.9999981,1
DAD-04125,215,1,100000.0,2025-05-30,100000.0,Pulihkan Duka Negeri Indonesia,Transfer,11.51293546492023,1,1,Berpotensi Churn,0.99999857,1
DAD-04126,215,1,100000.0,2025-05-30,100000.0,Pulihkan Duka Negeri Indonesia,Transfer,11.51293546492023,1,1,Berpotensi Churn,0.99999857,1
DAD-04127,166,3,175000.0,2025-07-18,50000.0,Wakaf Pembangunan Masjid,Transfer,12.07254696717504,1,1,Berpotensi Churn,0.99999475,1
DAD-04129,210,1,100000.0,2025-06-04,100000.0,Pulihkan Duka Negeri Palestina,Transfer,11.51293546492023,1,1,Berpotensi Churn,0.99999857,1
DAD-04130,103,2,45000.0,2025-09-19,25000.0,Pulihkan Duka Negeri Palestina,Transfer,10.714439990727769,1,1,Berpotensi Churn,0.99999654,1
DAD-04131,210,1,20000.0,2025-06-04,20000.0,Pulihkan Duka Negeri Palestina,Transfer,9.90353755128617,1,1,Berpotensi Churn,0.99999917,1
DAD-04132,210,1,50000.0,2025-06-04,50000.0,Pulihkan Duka Negeri Palestina,Transfer,10.819798284210286,1,1,Berpotensi Churn,0.99999917,1
DAD-04133,210,1,200000.0,2025-06-04,200000.0,Pulihkan Duka Negeri Palestina,Transfer,12.206077645517674,1,1,Berpotensi Churn,0.9999981,1
DAD-04134,210,1,50000.0,2025-06-04,50000.0,Pulihkan Duka Negeri Palestina,Transfer,10.819798284210286,1,1,Berpotensi Churn,0.99999917,1
DAD-04135,103,2,120000.0,2025-09-19,100000.0,Pulihkan Duka Negeri Palestina,Transfer,11.695255355062795,1,1,Berpotensi Churn,0.9999933,1
DAD-04136,210,1,60000.0,2025-06-04,60000.0,Pulihkan Duka Negeri Palestina,Transfer,11.002116507732017,1,1,Berpotensi Churn,0.9999987,1
DAD-04137,210,1,30000.0,2025-06-04,30000.0,Pulihkan Duka Negeri Palestina,Transfer,10.308985993422082,1,1,Berpotensi Churn,0.99999917,1
DAD-04138,210,1,100000.0,2025-06-04,100000.0,Pulihkan Duka Negeri Palestina,Transfer,11.51293546492023,1,1,Berpotensi Churn,0.99999857,1
DAD-04139,210,1,50000.0,2025-06-04,50000.0,Pulihkan Duka Negeri Palestina,Transfer,10.819798284210286,1,1,Berpotensi Churn,0.99999917,1
DAD-04140,210,1,25000.0,2025-06-04,25000.0,Wali Asuh Santri,Transfer,10.12667110305036,1,1,Berpotensi Churn,0.99999917,1
DAD-04141,210,1,50000.0,2025-06-04,50000.0,Wali Asuh Santri,Transfer,10.819798284210286,1,1,Berpotensi Churn,0.99999917,1
DAD-04142,209,1,50000.0,2025-06-05,50000.0,Pulihkan Duka Negeri Palestina,Transfer,10.819798284210286,1,1,Berpotensi Churn,0.99999917,1
DAD-04143,209,1,100000.0,2025-06-05,100000.0,Pulihkan Duka Negeri Palestina,Transfer,11.51293546492023,1,1,Berpotensi Churn,0.99999857,1
DAD-04144,124,2,100000.0,2025-08-29,50000.0,Pulihkan Duka Negeri Palestina,Transfer,11.51293546492023,1,1,Berpotensi Churn,0.99999607,1
DAD-04145,209,1,100000.0,2025-06-05,100000.0,Pulihkan Duka Negeri Palestina,Transfer,11.51293546492023,1,1,Berpotensi Churn,0.99999857,1
DAD-04146,209,1,100000.0,2025-06-05,100000.0,Pulihkan Duka Negeri Palestina,Transfer,11.51293546492023,1,1,Berpotensi Churn,0.99999857,1
DAD-04147,18,3,375000.0,2025-12-13,200000.0,Wali Asuh Santri,Transfer,12.834683971615659,1,1,Berpotensi Churn,0.9999635,1
DAD-04148,209,1,50000.0,2025-06-05,50000.0,Wali Asuh Santri,Transfer,10.819798284210286,1,1,Berpotensi Churn,0.99999917,1
DAD-04149,209,1,50000.0,2025-06-05,50000.0,Wali Asuh Santri,Transfer,10.819798284210286,1,1,Berpotensi Churn,0.99999917,1
DAD-04150,209,1,50000.0,2025-06-05,50000.0,Wali Asuh Santri,Transfer,10.819798284210286,1,1,Berpotensi Churn,0.99999917,1
DAD-04151,209,1,25000.0,2025-06-05,25000.0,Wali Asuh Santri,Transfer,10.12667110305036,1,1,Berpotensi Churn,0.99999917,1
DAD-04152,209,1,50000.0,2025-06-05,50000.0,Wali Asuh Santri,Transfer,10.819798284210286,1,1,Berpotensi Churn,0.99999917,1
DAD-04153,209,1,50000.0,2025-06-05,50000.0,Wali Asuh Santri,Transfer,10.819798284210286,1,1,Berpotensi Churn,0.99999917,1
DAD-04154,209,1,25000.0,2025-06-05,25000.0,Wali Asuh Santri,Transfer,10.12667110305036,1,1,Berpotensi Churn,0.99999917,1
DAD-04155,209,1,50000.0,2025-06-05,50000.0,Wali Asuh Santri,Transfer,10.819798284210286,1,1,Berpotensi Churn,0.99999917,1
DAD-04156,12,2,100000.0,2025-12-19,50000.0,Pulihkan Duka Negeri Indonesia,Transfer,11.51293546492023,1,1,Berpotensi Churn,0.9999927,1
DAD-04157,18,2,150000.0,2025-12-13,100000.0,Pulihkan Duka Negeri Indonesia,Transfer,11.918397239722838,1,1,Berpotensi Churn,0.99999225,1
DAD-04158,209,1,50000.0,2025-06-05,50000.0,Wali Asuh Santri,Transfer,10.819798284210286,1,1,Berpotensi Churn,0.99999917,1
DAD-04159,209,1,50000.0,2025-06-05,50000.0,Wali Asuh Santri,Transfer,10.819798284210286,1,1,Berpotensi Churn,0.99999917,1
DAD-04160,209,1,50000.0,2025-06-05,50000.0,Pulihkan Duka Negeri Palestina,Transfer,10.819798284210286,1,1,Berpotensi Churn,0.99999917,1
DAD-04161,209,1,200000.0,2025-06-05,200000.0,Pulihkan Duka Negeri Palestina,Transfer,12.206077645517674,1,1,Berpotensi Churn,0.9999981,1
DAD-04162,1,8,170000.0,2025-12-30,30000.0,Pulihkan Duka Negeri Palestina,Transfer,12.04355959836804,1,1,Berpotensi Churn,0.9999548,1
DAD-04163,209,1,30000.0,2025-06-05,30000.0,Pulihkan Duka Negeri Palestina,Transfer,10.308985993422082,1,1,Berpotensi Churn,0.99999917,1
DAD-04164,209,1,100000.0,2025-06-05,100000.0,Pulihkan Duka Negeri Palestina,Transfer,11.51293546492023,1,1,Berpotensi Churn,0.99999857,1
DAD-04165,209,1,20000.0,2025-06-05,20000.0,Pulihkan Duka Negeri Palestina,Transfer,9.90353755128617,1,1,Berpotensi Churn,0.99999917,1
DAD-04166,209,1,100000.0,2025-06-05,100000.0,Pulihkan Duka Negeri Palestina,Transfer,11.51293546492023,1,1,Berpotensi Churn,0.99999857,1
DAD-04167,203,1,300000.0,2025-06-11,300000.0,Pulihkan Duka Negeri Palestina,Transfer,12.611541086966115,1,1,Berpotensi Churn,0.99999726,1
DAD-04168,202,1,50000.0,2025-06-12,50000.0,Syiar Qur'an Indonesia,Transfer,10.819798284210286,1,1,Berpotensi Churn,0.99999917,1
DAD-04169,201,1,30000.0,2025-06-13,30000.0,Syiar Qur'an Indonesia,Transfer,10.308985993422082,1,1,Berpotensi Churn,0.99999917,1
DAD-04171,47,6,300000.0,2025-11-14,50000.0,Pulihkan Duka Negeri Palestina,Transfer,12.611541086966115,1,1,Berpotensi Churn,0.99994457,1
DAD-04172,110,2,100000.0,2025-09-12,50000.0,Pulihkan Duka Negeri Palestina,Transfer,11.51293546492023,1,1,Berpotensi Churn,0.9999933,1
DAD-04173,198,1,100000.0,2025-06-16,100000.0,Syiar Qur'an Indonesia,Transfer,11.51293546492023,1,1,Berpotensi Churn,0.99999857,1
DAD-04174,194,1,300000.0,2025-06-20,300000.0,Pulihkan Duka Negeri Palestina,Transfer,12.611541086966115,1,1,Berpotensi Churn,0.99999726,1
DAD-04175,193,2,150000.0,2025-06-21,50000.0,Pulihkan Duka Negeri Palestina,Transfer,11.918397239722838,1,1,Berpotensi Churn,0.999998,1
DAD-04176,99,4,400000.0,2025-09-23,100000.0,Pulihkan Duka Negeri Palestina,Transfer,12.899222326086994,1,1,Berpotensi Churn,0.99994767,1
DAD-04178,195,1,100000.0,2025-06-19,100000.0,Pulihkan Duka Negeri Palestina,Transfer,11.51293546492023,1,1,Berpotensi Churn,0.99999857,1
DAD-04179,180,3,75000.0,2025-07-04,20000.0,Syiar Qur'an Indonesia,Transfer,11.225256725762893,1,1,Berpotensi Churn,0.99999607,1
DAD-04180,194,1,20000.0,2025-06-20,20000.0,Syiar Qur'an Indonesia,Transfer,9.90353755128617,1,1,Berpotensi Churn,0.99999917,1
DAD-04181,194,1,100000.0,2025-06-20,100000.0,Syiar Qur'an Indonesia,Transfer,11.51293546492023,1,1,Berpotensi Churn,0.99999857,1
DAD-04182,106,2,50000.0,2025-09-16,30000.0,Pulihkan Duka Negeri Palestina,Transfer,10.819798284210286,1,1,Berpotensi Churn,0.9999963,1
DAD-04183,194,1,300000.0,2025-06-20,300000.0,Pulihkan Duka Negeri Palestina,Transfer,12.611541086966115,1,1,Berpotensi Churn,0.99999726,1
DAD-04184,191,1,100000.0,2025-06-23,100000.0,Pulihkan Duka Negeri Palestina,Transfer,11.51293546492023,1,1,Berpotensi Churn,0.99999857,1
DAD-04185,191,1,100000.0,2025-06-23,100000.0,Pulihkan Duka Negeri Palestina,Transfer,11.51293546492023,1,1,Berpotensi Churn,0.99999857,1
DAD-04186,187,1,50000.0,2025-06-27,50000.0,Wakaf Pembangunan Masjid,Transfer,10.819798284210286,1,1,Berpotensi Churn,0.99999917,1
DAD-04187,187,1,100000.0,2025-06-27,100000.0,Wakaf Pembangunan Masjid,Transfer,11.51293546492023,1,1,Berpotensi Churn,0.99999857,1
DAD-04188,186,1,50000.0,2025-06-28,50000.0,Wakaf Pembangunan Masjid,Transfer,10.819798284210286,1,1,Berpotensi Churn,0.99999917,1
DAD-04189,184,1,100000.0,2025-06-30,100000.0,Wakaf Pembangunan Masjid,Transfer,11.51293546492023,1,1,Berpotensi Churn,0.99999857,1
DAD-04190,184,1,100088.0,2025-06-30,100088.0,Wakaf Pembangunan Masjid,Transfer,11.513815069155061,1,1,Berpotensi Churn,0.99999857,1
DAD-04191,184,1,50000.0,2025-06-30,50000.0,Wakaf Pembangunan Masjid,Transfer,10.819798284210286,1,1,Berpotensi Churn,0.99999917,1
DAD-04193,103,3,300000.0,2025-09-19,100000.0,Wakaf Pembangunan Masjid,Transfer,12.611541086966115,1,1,Berpotensi Churn,0.9999691,1
DAD-04194,184,1,50000.0,2025-06-30,50000.0,Wakaf Pembangunan Masjid,Transfer,10.819798284210286,1,1,Berpotensi Churn,0.99999917,1
DAD-04195,175,2,200000.0,2025-07-09,100000.0,Wakaf Pembangunan Masjid,Transfer,12.206077645517674,1,1,Berpotensi Churn,0.9999975,1
DAD-04196,175,2,200000.0,2025-07-09,100000.0,Wakaf Pembangunan Masjid,Transfer,12.206077645517674,1,1,Berpotensi Churn,0.9999975,1
DAD-04197,182,1,100000.0,2025-07-02,100000.0,Syiar Qur'an Indonesia,Transfer,11.51293546492023,1,1,Berpotensi Churn,0.99999857,1
DAD-04198,181,1,50000.0,2025-07-03,50000.0,Syiar Qur'an Indonesia,Transfer,10.819798284210286,1,1,Berpotensi Churn,0.99999917,1
DAD-04199,181,1,50000.0,2025-07-03,50000.0,Wakaf Pembangunan Masjid,Transfer,10.819798284210286,1,1,Berpotensi Churn,0.99999917,1
DAD-04200,181,1,100000.0,2025-07-03,100000.0,Wakaf Pembangunan Masjid,Transfer,11.51293546492023,1,1,Berpotensi Churn,0.99999857,1
DAD-04201,96,4,550000.0,2025-09-26,100000.0,Wakaf Pembangunan Masjid,Transfer,13.217675375388819,1,1,Berpotensi Churn,0.9998834,1
DAD-04202,177,1,50000.0,2025-07-07,50000.0,Pulihkan Duka Negeri Palestina,Transfer,10.819798284210286,1,1,Berpotensi Churn,0.99999917,1
DAD-04203,176,1,50000.0,2025-07-08,50000.0,Wakaf Pembangunan Masjid,Transfer,10.819798284210286,1,1,Berpotensi Churn,0.99999917,1
DAD-04204,145,2,200000.0,2025-08-08,100000.0,Syiar Qur'an Indonesia,Transfer,12.206077645517674,1,1,Berpotensi Churn,0.9999975,1
DAD-04205,173,1,50000.0,2025-07-11,50000.0,Syiar Qur'an Indonesia,Transfer,10.819798284210286,1,1,Berpotensi Churn,0.99999917,1
DAD-04206,171,1,50000.0,2025-07-13,50000.0,Wakaf Pembangunan Masjid,Transfer,10.819798284210286,1,1,Berpotensi Churn,0.99999917,1
DAD-04207,0,4,570000.0,2025-12-31,120000.0,Sambung Hidup Dhuafa,Transfer,13.25339339419516,1,1,Berpotensi Churn,0.9998745,1
DAD-04208,95,3,125000.0,2025-09-27,50000.0,Pulihkan Duka Negeri Palestina,Transfer,11.736077016252437,1,1,Berpotensi Churn,0.99998474,1
DAD-04209,31,2,200000.0,2025-11-30,100000.0,Pulihkan Duka Negeri Indonesia,Transfer,12.206077645517674,1,1,Berpotensi Churn,0.9999901,1
DAD-04210,166,1,25000.0,2025-07-18,25000.0,Wali Asuh Santri,Transfer,10.12667110305036,1,1,Berpotensi Churn,0.99999917,1
DAD-04211,18,2,150000.0,2025-12-13,50000.0,Pulihkan Duka Negeri Indonesia,Transfer,11.918397239722838,1,1,Berpotensi Churn,0.99999225,1
DAD-04212,166,1,50000.0,2025-07-18,50000.0,Pulihkan Duka Negeri Palestina,Transfer,10.819798284210286,1,1,Berpotensi Churn,0.99999917,1
DAD-04213,166,1,25000.0,2025-07-18,25000.0,Wakaf Pembangunan Masjid,Transfer,10.12667110305036,1,1,Berpotensi Churn,0.99999917,1
DAD-04214,117,2,100000.0,2025-09-05,50000.0,Wakaf Pembangunan Masjid,Transfer,11.51293546492023,1,1,Berpotensi Churn,0.9999933,1
DAD-04215,19,2,100000.0,2025-12-12,50000.0,Pulihkan Duka Negeri Indonesia,Transfer,11.51293546492023,1,1,Berpotensi Churn,0.9999927,1
DAD-04216,159,1,200000.0,2025-07-25,200000.0,Pulihkan Duka Negeri Palestina,Transfer,12.206077645517674,1,1,Berpotensi Churn,0.9999982,1
DAD-04217,154,1,25000.0,2025-07-30,25000.0,Wakaf Pembebasan Lahan,Transfer,10.12667110305036,1,1,Berpotensi Churn,0.99999917,1
DAD-04218,152,1,170000.0,2025-08-01,170000.0,Wakaf Pembangunan Masjid,Transfer,12.04355959836804,1,1,Berpotensi Churn,0.99999833,1
DAD-04219,120,2,300000.0,2025-09-02,100000.0,Pulihkan Duka Negeri Palestina,Transfer,12.611541086966115,1,1,Berpotensi Churn,0.99998915,1
DAD-04222,24,6,1350000.0,2025-12-07,200000.0,Wakaf Pembangunan Masjid,Transfer,14.115615891155079,1,1,Berpotensi Churn,0.99926096,1
DAD-04223,151,1,300000.0,2025-08-02,300000.0,Wakaf Pembangunan Masjid,Transfer,12.611541086966115,1,1,Berpotensi Churn,0.9999974,1
DAD-04224,150,1,100000.0,2025-08-03,100000.0,Pulihkan Duka Negeri Palestina,Transfer,11.51293546492023,1,1,Berpotensi Churn,0.99999857,1
DAD-04225,150,1,50000.0,2025-08-03,50000.0,Pulihkan Duka Negeri Palestina,Transfer,10.819798284210286,1,1,Berpotensi Churn,0.99999917,1
DAD-04226,147,1,50000.0,2025-08-06,50000.0,Pulihkan Duka Negeri Palestina,Transfer,10.819798284210286,1,1,Berpotensi Churn,0.99999917,1
DAD-04227,146,1,100000.0,2025-08-07,100000.0,Pulihkan Duka Negeri Palestina,Transfer,11.51293546492023,1,1,Berpotensi Churn,0.99999857,1
DAD-04228,146,1,200000.0,2025-08-07,200000.0,Syiar Qur'an Indonesia,Transfer,12.206077645517674,1,1,Berpotensi Churn,0.9999982,1
DAD-04230,145,1,50000.0,2025-08-08,50000.0,Pulihkan Duka Negeri Palestina,Transfer,10.819798284210286,1,1,Berpotensi Churn,0.99999917,1
DAD-04231,145,1,100000.0,2025-08-08,100000.0,Wakaf Pembangunan Masjid,Transfer,11.51293546492023,1,1,Berpotensi Churn,0.99999857,1
DAD-04232,68,3,350000.0,2025-10-24,150000.0,Wakaf Pembangunan Masjid,Transfer,12.765691290604371,1,1,Berpotensi Churn,0.9999652,1
DAD-04233,145,1,200000.0,2025-08-08,200000.0,Pulihkan Duka Negeri Palestina,Transfer,12.206077645517674,1,1,Berpotensi Churn,0.9999982,1
DAD-04234,145,1,10000.0,2025-08-08,10000.0,Pulihkan Duka Negeri Palestina,Transfer,9.210440366976517,1,1,Berpotensi Churn,0.99999917,1
DAD-04235,145,1,300000.0,2025-08-08,300000.0,Pulihkan Duka Negeri Palestina,Transfer,12.611541086966115,1,1,Berpotensi Churn,0.9999974,1
DAD-04236,145,1,100000.0,2025-08-08,100000.0,Pulihkan Duka Negeri Palestina,Transfer,11.51293546492023,1,1,Berpotensi Churn,0.99999857,1
DAD-04237,143,1,100000.0,2025-08-10,100000.0,Wakaf Pembangunan Masjid,Transfer,11.51293546492023,1,1,Berpotensi Churn,0.99999833,1
DAD-04238,113,2,350000.0,2025-09-09,150000.0,Wakaf Pembangunan Masjid,Transfer,12.765691290604371,1,1,Berpotensi Churn,0.9999839,1
DAD-04239,143,1,200000.0,2025-08-10,200000.0,Wakaf Pembangunan Masjid,Transfer,12.206077645517674,1,1,Berpotensi Churn,0.999998,1
DAD-04240,72,3,300000.0,2025-10-20,100000.0,Wakaf Pembangunan Masjid,Transfer,12.611541086966115,1,1,Berpotensi Churn,0.9999691,1
DAD-04241,96,2,100000.0,2025-09-26,50000.0,Wakaf Pembangunan Masjid,Transfer,11.51293546492023,1,1,Berpotensi Churn,0.9999933,1
DAD-04243,143,1,100000.0,2025-08-10,100000.0,Wakaf Pembangunan Masjid,Transfer,11.51293546492023,1,1,Berpotensi Churn,0.99999833,1
DAD-04244,105,2,100000.0,2025-09-17,50000.0,Wakaf Pembangunan Masjid,Transfer,11.51293546492023,1,1,Berpotensi Churn,0.9999933,1
DAD-04245,143,1,100000.0,2025-08-10,100000.0,Wakaf Pembangunan Masjid,Transfer,11.51293546492023,1,1,Berpotensi Churn,0.99999833,1
DAD-04246,143,1,100000.0,2025-08-10,100000.0,Wakaf Pembangunan Masjid,Transfer,11.51293546492023,1,1,Berpotensi Churn,0.99999833,1
DAD-04247,26,4,250000.0,2025-12-05,100000.0,Wakaf Pembangunan Masjid,Transfer,12.429220196836383,1,1,Berpotensi Churn,0.99997306,1
DAD-04248,113,2,400000.0,2025-09-09,200000.0,Wakaf Pembangunan Masjid,Transfer,12.899222326086994,1,1,Berpotensi Churn,0.9999771,1
DAD-04249,143,1,100000.0,2025-08-10,100000.0,Pulihkan Duka Negeri Palestina,Transfer,11.51293546492023,1,1,Berpotensi Churn,0.99999833,1
DAD-04250,142,1,300000.0,2025-08-11,300000.0,Wakaf Pembangunan Masjid,Transfer,12.611541086966115,1,1,Berpotensi Churn,0.999997,1
DAD-04251,96,2,300000.0,2025-09-26,100000.0,Wakaf Pembangunan Masjid,Transfer,12.611541086966115,1,1,Berpotensi Churn,0.9999857,1
DAD-04253,141,1,50000.0,2025-08-12,50000.0,Wakaf Pembangunan Masjid,Transfer,10.819798284210286,1,1,Berpotensi Churn,0.99999905,1
DAD-04257,139,1,50000.0,2025-08-14,50000.0,Wakaf Pembangunan Masjid,Transfer,10.819798284210286,1,1,Berpotensi Churn,0.99999905,1
DAD-04259,138,1,100000.0,2025-08-15,100000.0,Wakaf Pembangunan Masjid,Transfer,11.51293546492023,1,1,Berpotensi Churn,0.99999833,1
DAD-04260,138,1,100000.0,2025-08-15,100000.0,Wakaf Pembangunan Masjid,Transfer,11.51293546492023,1,1,Berpotensi Churn,0.99999833,1
DAD-04261,138,1,150000.0,2025-08-15,150000.0,Wakaf Pembangunan Masjid,Transfer,11.918397239722838,1,1,Berpotensi Churn,0.9999982,1
DAD-04262,136,1,50000.0,2025-08-17,50000.0,Pulihkan Duka Negeri Palestina,Transfer,10.819798284210286,1,1,Berpotensi Churn,0.99999845,1
DAD-04263,136,1,100000.0,2025-08-17,100000.0,Pulihkan Duka Negeri Palestina,Transfer,11.51293546492023,1,1,Berpotensi Churn,0.99999726,1
DAD-04264,133,1,200000.0,2025-08-20,200000.0,Wakaf Pembangunan Masjid,Transfer,12.206077645517674,1,1,Berpotensi Churn,0.9999963,1
DAD-04266,132,1,260000.0,2025-08-21,260000.0,Wakaf Pembangunan Masjid,Transfer,12.468440756144114,1,1,Berpotensi Churn,0.9999939,1
DAD-04267,131,1,50000.0,2025-08-22,50000.0,Pulihkan Duka Negeri Palestina,Transfer,10.819798284210286,1,1,Berpotensi Churn,0.99999845,1
DAD-04268,33,3,200000.0,2025-11-28,50000.0,Wakaf Pembangunan Masjid,Transfer,12.206077645517674,1,1,Berpotensi Churn,0.99997854,1
DAD-04269,130,1,50000.0,2025-08-23,50000.0,Wakaf Pembangunan Masjid,Transfer,10.819798284210286,1,1,Berpotensi Churn,0.99999833,1
DAD-04270,130,1,50000.0,2025-08-23,50000.0,Wakaf Pembangunan Masjid,Transfer,10.819798284210286,1,1,Berpotensi Churn,0.99999833,1
DAD-04271,130,1,100000.0,2025-08-23,100000.0,Wakaf Pembangunan Masjid,Transfer,11.51293546492023,1,1,Berpotensi Churn,0.99999714,1
DAD-04272,130,1,100000.0,2025-08-23,100000.0,Wakaf Pembangunan Masjid,Transfer,11.51293546492023,1,1,Berpotensi Churn,0.99999714,1
DAD-04274,129,1,200000.0,2025-08-24,200000.0,Wakaf Pembangunan Masjid,Transfer,12.206077645517674,1,1,Berpotensi Churn,0.9999957,1
DAD-04275,129,1,100000.0,2025-08-24,100000.0,Wakaf Pembangunan Masjid,Transfer,11.51293546492023,1,1,Berpotensi Churn,0.99999714,1
DAD-04276,126,1,200000.0,2025-08-27,200000.0,Wakaf Pembangunan Masjid,Transfer,12.206077645517674,1,1,Berpotensi Churn,0.9999957,1
DAD-04277,125,1,200000.0,2025-08-28,200000.0,Wakaf Pembangunan Masjid,Transfer,12.206077645517674,1,1,Berpotensi Churn,0.9999957,1
DAD-04279,124,1,100000.0,2025-08-29,100000.0,Wakaf Pembangunan Masjid,Transfer,11.51293546492023,1,1,Berpotensi Churn,0.99999714,1
DAD-04280,75,2,300000.0,2025-10-17,100000.0,Wakaf Pembangunan Masjid,Transfer,12.611541086966115,1,1,Berpotensi Churn,0.9999857,1
DAD-04281,124,1,100000.0,2025-08-29,100000.0,Pulihkan Duka Negeri Palestina,Transfer,11.51293546492023,1,1,Berpotensi Churn,0.99999714,1
DAD-04283,124,1,50000.0,2025-08-29,50000.0,Wakaf Pembangunan Masjid,Transfer,10.819798284210286,1,1,Berpotensi Churn,0.99999833,1
DAD-04284,124,1,50000.0,2025-08-29,50000.0,Wali Asuh Santri,Transfer,10.819798284210286,1,1,Berpotensi Churn,0.99999833,1
DAD-04285,123,1,100000.0,2025-08-30,100000.0,Pulihkan Duka Negeri Palestina,Transfer,11.51293546492023,1,1,Berpotensi Churn,0.9999964,1
DAD-04286,120,1,100000.0,2025-09-02,100000.0,Pulihkan Duka Negeri Palestina,Transfer,11.51293546492023,1,1,Berpotensi Churn,0.9999964,1
DAD-04287,120,1,250000.0,2025-09-02,250000.0,Pulihkan Duka Negeri Palestina,Transfer,12.429220196836383,1,1,Berpotensi Churn,0.99999416,1
DAD-04290,117,1,100000.0,2025-09-05,100000.0,Pulihkan Duka Negeri Palestina,Transfer,11.51293546492023,1,1,Berpotensi Churn,0.99999535,1
DAD-04291,117,1,50000.0,2025-09-05,50000.0,Wakaf Pembangunan Masjid,Transfer,10.819798284210286,1,1,Berpotensi Churn,0.9999974,1
DAD-04292,31,1,50000.0,2025-11-30,50000.0,Pulihkan Duka Negeri Indonesia,Transfer,10.819798284210286,1,1,Berpotensi Churn,0.9999974,1
DAD-04293,105,2,150000.0,2025-09-17,50000.0,Wakaf Pembangunan Masjid,Transfer,11.918397239722838,1,1,Berpotensi Churn,0.9999927,1
DAD-04294,113,1,250000.0,2025-09-09,250000.0,Wakaf Pembangunan Masjid,Transfer,12.429220196836383,1,1,Berpotensi Churn,0.99999225,1
DAD-04295,26,2,300000.0,2025-12-05,100000.0,Pulihkan Duka Negeri Indonesia,Transfer,12.611541086966115,1,1,Berpotensi Churn,0.9999857,1
DAD-04296,112,1,200000.0,2025-09-10,200000.0,Wakaf Pembangunan Masjid,Transfer,12.206077645517674,1,1,Berpotensi Churn,0.9999931,1
DAD-04297,75,3,40000.0,2025-10-17,20000.0,Pulihkan Duka Negeri Palestina,Transfer,10.596659732783579,1,1,Berpotensi Churn,0.99999297,1
DAD-04299,110,1,100000.0,2025-09-12,100000.0,Wakaf Pembangunan Masjid,Transfer,11.51293546492023,1,1,Berpotensi Churn,0.99999535,1
DAD-04300,54,2,200000.0,2025-11-07,100000.0,Wakaf Pembangunan Masjid,Transfer,12.206077645517674,1,1,Berpotensi Churn,0.9999901,1
DAD-04301,110,1,100000.0,2025-09-12,100000.0,Pulihkan Duka Negeri Palestina,Transfer,11.51293546492023,1,1,Berpotensi Churn,0.99999535,1
DAD-04302,110,1,200000.0,2025-09-12,200000.0,Wakaf Pembangunan Masjid,Transfer,12.206077645517674,1,1,Berpotensi Churn,0.9999931,1
DAD-04303,110,1,50000.0,2025-09-12,50000.0,Wakaf Pembangunan Masjid,Transfer,10.819798284210286,1,1,Berpotensi Churn,0.9999974,1
DAD-04304,110,1,150000.0,2025-09-12,150000.0,Wakaf Pembangunan Masjid,Transfer,11.918397239722838,1,1,Berpotensi Churn,0.999995,1
DAD-04305,72,2,200000.0,2025-10-20,100000.0,Wakaf Pembangunan Masjid,Transfer,12.206077645517674,1,1,Berpotensi Churn,0.9999901,1
DAD-04306,109,1,100000.0,2025-09-13,100000.0,Wakaf Pembangunan Masjid,Transfer,11.51293546492023,1,1,Berpotensi Churn,0.99999535,1
DAD-04307,109,1,100000.0,2025-09-13,100000.0,Wakaf Pembangunan Masjid,Transfer,11.51293546492023,1,1,Berpotensi Churn,0.99999535,1
DAD-04308,108,1,100000.0,2025-09-14,100000.0,Wakaf Pembangunan Masjid,Transfer,11.51293546492023,1,1,Berpotensi Churn,0.99999535,1
DAD-04309,106,1,50000.0,2025-09-16,50000.0,Wakaf Pembangunan Masjid,Transfer,10.819798284210286,1,1,Berpotensi Churn,0.9999974,1
DAD-04310,106,1,100000.0,2025-09-16,100000.0,Pulihkan Duka Negeri Palestina,Transfer,11.51293546492023,1,1,Berpotensi Churn,0.99999535,1
DAD-04311,104,1,271000.0,2025-09-18,271000.0,Wakaf Pembangunan Masjid,Transfer,12.509877789891931,1,1,Berpotensi Churn,0.9999888,1
DAD-04314,101,1,50000.0,2025-09-21,50000.0,Pulihkan Duka Negeri Palestina,Transfer,10.819798284210286,1,1,Berpotensi Churn,0.9999974,1
DAD-04315,101,1,100000.0,2025-09-21,100000.0,Pulihkan Duka Negeri Palestina,Transfer,11.51293546492023,1,1,Berpotensi Churn,0.99999535,1
DAD-04316,99,1,200000.0,2025-09-23,200000.0,Pulihkan Duka Negeri Palestina,Transfer,12.206077645517674,1,1,Berpotensi Churn,0.9999931,1
DAD-04317,99,1,100000.0,2025-09-23,100000.0,Wakaf Pembangunan Masjid,Transfer,11.51293546492023,1,1,Berpotensi Churn,0.99999535,1
DAD-04318,97,1,50000.0,2025-09-25,50000.0,Pulihkan Duka Negeri Palestina,Transfer,10.819798284210286,1,1,Berpotensi Churn,0.9999974,1
DAD-04319,97,1,280000.0,2025-09-25,280000.0,Wakaf Pembangunan Masjid,Transfer,12.54254845357358,1,1,Berpotensi Churn,0.9999888,1
DAD-04320,93,1,100000.0,2025-09-29,100000.0,Syiar Qur'an Indonesia,Transfer,11.51293546492023,1,1,Berpotensi Churn,0.99999535,1
DAD-04321,93,1,100000.0,2025-09-29,100000.0,Wakaf Pembangunan Masjid,Transfer,11.51293546492023,1,1,Berpotensi Churn,0.99999535,1
DAD-04322,93,1,260000.0,2025-09-29,260000.0,Wakaf Pembangunan Masjid,Transfer,12.468440756144114,1,1,Berpotensi Churn,0.9999888,1
DAD-04323,89,1,100000.0,2025-10-03,100000.0,Pulihkan Duka Negeri Palestina,Transfer,11.51293546492023,1,1,Berpotensi Churn,0.99999535,1
DAD-04325,89,1,100000.0,2025-10-03,100000.0,Wakaf Pembangunan Masjid,Transfer,11.51293546492023,1,1,Berpotensi Churn,0.99999535,1
DAD-04326,0,32,3135000.0,2025-12-31,100000.0,Pulihkan Duka Negeri Palestina,Transfer,14.958140051028373,0,0,Tidak Churn,0.0002543312,0
DAD-04329,82,1,100000.0,2025-10-10,100000.0,Pulihkan Duka Negeri Palestina,Transfer,11.51293546492023,1,1,Berpotensi Churn,0.99999535,1
DAD-04330,76,1,100000.0,2025-10-16,100000.0,Pengembangan Lahan Produktif,Transfer,11.51293546492023,1,1,Berpotensi Churn,0.99999535,1
DAD-04331,75,1,50000.0,2025-10-17,50000.0,Pulihkan Duka Negeri Palestina,Transfer,10.819798284210286,1,1,Berpotensi Churn,0.9999974,1
DAD-04332,9,2,45000.0,2025-12-22,25000.0,Pulihkan Duka Negeri Indonesia,Transfer,10.714439990727769,1,1,Berpotensi Churn,0.9999962,1
DAD-04333,75,1,100000.0,2025-10-17,100000.0,Pulihkan Duka Negeri Palestina,Transfer,11.51293546492023,1,1,Berpotensi Churn,0.99999535,1
DAD-04334,74,1,200000.0,2025-10-18,200000.0,Pulihkan Duka Negeri Palestina,Transfer,12.206077645517674,1,1,Berpotensi Churn,0.9999931,1
DAD-04336,71,1,100000.0,2025-10-21,100000.0,Pulihkan Duka Negeri Palestina,Transfer,11.51293546492023,1,1,Berpotensi Churn,0.99999535,1
DAD-04337,71,1,50500.0,2025-10-21,50500.0,Pulihkan Duka Negeri Palestina,Transfer,10.829748417047593,1,1,Berpotensi Churn,0.9999958,1
DAD-04338,71,1,40000.0,2025-10-21,40000.0,Pulihkan Duka Negeri Palestina,Transfer,10.596659732783579,1,1,Berpotensi Churn,0.99999774,1
DAD-04339,69,1,50000.0,2025-10-23,50000.0,Pulihkan Duka Negeri Palestina,Transfer,10.819798284210286,1,1,Berpotensi Churn,0.9999974,1
DAD-04340,69,1,50000.0,2025-10-23,50000.0,Pulihkan Duka Negeri Palestina,Transfer,10.819798284210286,1,1,Berpotensi Churn,0.9999974,1
DAD-04341,16,4,60000.0,2025-12-15,15000.0,Pulihkan Duka Negeri Palestina,Transfer,11.002116507732017,1,1,Berpotensi Churn,0.99998355,1
DAD-04342,68,1,50000.0,2025-10-24,50000.0,Syiar Qur'an Indonesia,Transfer,10.819798284210286,1,1,Berpotensi Churn,0.9999974,1
DAD-04343,32,5,400000.0,2025-11-29,150000.0,Wakaf Pembangunan Masjid,Transfer,12.899222326086994,1,1,Berpotensi Churn,0.99993587,1
DAD-04344,68,1,40000.0,2025-10-24,40000.0,Wali Asuh Santri,Transfer,10.596659732783579,1,1,Berpotensi Churn,0.99999774,1
DAD-04345,40,2,150000.0,2025-11-21,100000.0,Pulihkan Duka Negeri Palestina,Transfer,11.918397239722838,1,1,Berpotensi Churn,0.9999927,1
DAD-04346,66,1,100000.0,2025-10-26,100000.0,Pulihkan Duka Negeri Palestina,Transfer,11.51293546492023,1,1,Berpotensi Churn,0.99999535,1
DAD-04347,65,1,25000.0,2025-10-27,25000.0,Pulihkan Duka Negeri Palestina,Transfer,10.12667110305036,1,1,Berpotensi Churn,0.99999785,1
DAD-04348,67,1,1.0,2025-10-25,1.0,Pulihkan Duka Negeri Palestina,Transfer,0.6931471805599453,1,1,Berpotensi Churn,0.99999785,1
DAD-04349,65,1,100000.0,2025-10-27,100000.0,Pulihkan Duka Negeri Palestina,Transfer,11.51293546492023,1,1,Berpotensi Churn,0.99999535,1
DAD-04350,65,1,30000.0,2025-10-27,30000.0,Pulihkan Duka Negeri Palestina,Transfer,10.308985993422082,1,1,Berpotensi Churn,0.99999785,1
DAD-04351,47,2,55000.0,2025-11-14,20000.0,Pulihkan Duka Negeri Palestina,Transfer,10.915106645867503,1,1,Berpotensi Churn,0.99999404,1
DAD-04352,28,2,100000.0,2025-12-03,50000.0,Pulihkan Duka Negeri Indonesia,Transfer,11.51293546492023,1,1,Berpotensi Churn,0.9999933,1
DAD-04353,64,1,100000.0,2025-10-28,100000.0,Pulihkan Duka Negeri Palestina,Transfer,11.51293546492023,1,1,Berpotensi Churn,0.99999535,1
DAD-04354,63,1,50000.0,2025-10-29,50000.0,Syiar Qur'an Indonesia,Transfer,10.819798284210286,1,1,Berpotensi Churn,0.9999974,1
DAD-04355,29,2,200000.0,2025-12-02,100000.0,Pulihkan Duka Negeri Palestina,Transfer,12.206077645517674,1,1,Berpotensi Churn,0.9999901,1
DAD-04356,62,1,30000.0,2025-10-30,30000.0,Pulihkan Duka Negeri Palestina,Transfer,10.308985993422082,1,1,Berpotensi Churn,0.99999785,1
DAD-04357,62,1,20000.0,2025-10-30,20000.0,Pulihkan Duka Negeri Palestina,Transfer,9.90353755128617,1,1,Berpotensi Churn,0.99999785,1
DAD-04358,12,6,505000.0,2025-12-19,50000.0,Pulihkan Duka Negeri Indonesia,Transfer,13.132315688453556,1,1,Berpotensi Churn,0.9998011,1
DAD-04359,62,1,100000.0,2025-10-30,100000.0,Wakaf Pembangunan Masjid,Transfer,11.51293546492023,1,1,Berpotensi Churn,0.99999535,1
DAD-04360,61,1,60000.0,2025-10-31,60000.0,Pulihkan Duka Negeri Palestina,Transfer,11.002116507732017,1,1,Berpotensi Churn,0.9999958,1
DAD-04361,61,1,100000.0,2025-10-31,100000.0,Pulihkan Duka Negeri Palestina,Transfer,11.51293546492023,1,1,Berpotensi Churn,0.99999535,1
DAD-04362,61,1,100000.0,2025-10-31,100000.0,Pulihkan Duka Negeri Palestina,Transfer,11.51293546492023,1,1,Berpotensi Churn,0.99999535,1
DAD-04363,5,3,150000.0,2025-12-26,50000.0,Jaga Asa,Transfer,11.918397239722838,1,1,Berpotensi Churn,0.99998236,1
DAD-04364,16,2,120500.0,2025-12-15,100000.0,Pulihkan Duka Negeri Indonesia,Transfer,11.699413330633599,1,1,Berpotensi Churn,0.99999285,1
DAD-04365,61,1,30000.0,2025-10-31,30000.0,Pulihkan Duka Negeri Palestina,Transfer,10.308985993422082,1,1,Berpotensi Churn,0.99999785,1
DAD-04366,61,1,50000.0,2025-10-31,50000.0,Pulihkan Duka Negeri Palestina,Transfer,10.819798284210286,1,1,Berpotensi Churn,0.9999974,1
DAD-04367,61,1,100000.0,2025-10-31,100000.0,Pulihkan Duka Negeri Palestina,Transfer,11.51293546492023,1,1,Berpotensi Churn,0.99999535,1
DAD-04368,5,3,30000.0,2025-12-26,10000.0,Pulihkan Duka Negeri Palestina,Transfer,10.308985993422082,1,1,Berpotensi Churn,0.99999285,1
DAD-04369,40,2,150000.0,2025-11-21,50000.0,Pulihkan Duka Negeri Palestina,Transfer,11.918397239722838,1,1,Berpotensi Churn,0.9999927,1
DAD-04371,12,2,200000.0,2025-12-19,100000.0,Pulihkan Duka Negeri Indonesia,Transfer,12.206077645517674,1,1,Berpotensi Churn,0.9999893,1
DAD-04372,15,2,200000.0,2025-12-16,100000.0,Pulihkan Duka Negeri Indonesia,Transfer,12.206077645517674,1,1,Berpotensi Churn,0.9999893,1
DAD-04373,29,2,100000.0,2025-12-02,50000.0,Pulihkan Duka Negeri Indonesia,Transfer,11.51293546492023,1,1,Berpotensi Churn,0.9999933,1
DAD-04374,59,1,50000.0,2025-11-02,50000.0,Pulihkan Duka Negeri Palestina,Transfer,10.819798284210286,1,1,Berpotensi Churn,0.9999974,1
DAD-04375,22,3,425000.0,2025-12-09,200000.0,Pulihkan Duka Negeri Palestina,Transfer,12.959846800844963,1,1,Berpotensi Churn,0.99991846,1
DAD-04377,57,1,50000.0,2025-11-04,50000.0,Pulihkan Duka Negeri Palestina,Transfer,10.819798284210286,1,1,Berpotensi Churn,0.9999974,1
DAD-04378,26,2,150000.0,2025-12-05,50000.0,Pulihkan Duka Negeri Indonesia,Transfer,11.918397239722838,1,1,Berpotensi Churn,0.9999927,1
DAD-04379,57,1,100000.0,2025-11-04,100000.0,Pulihkan Duka Negeri Palestina,Transfer,11.51293546492023,1,1,Berpotensi Churn,0.99999535,1
DAD-04380,57,1,50000.0,2025-11-04,50000.0,Pulihkan Duka Negeri Palestina,Transfer,10.819798284210286,1,1,Berpotensi Churn,0.9999974,1
DAD-04381,22,2,200000.0,2025-12-09,100000.0,Pulihkan Duka Negeri Indonesia,Transfer,12.206077645517674,1,1,Berpotensi Churn,0.9999901,1
DAD-04382,5,3,230000.0,2025-12-26,80000.0,Jaga Asa,Transfer,12.345838935721968,1,1,Berpotensi Churn,0.99997425,1
DAD-04383,56,1,100000.0,2025-11-05,100000.0,Pulihkan Duka Negeri Palestina,Transfer,11.51293546492023,1,1,Berpotensi Churn,0.99999535,1
DAD-04384,56,1,150000.0,2025-11-05,150000.0,Syiar Qur'an Indonesia,Transfer,11.918397239722838,1,1,Berpotensi Churn,0.999995,1
DAD-04385,56,1,100000.0,2025-11-05,100000.0,Pulihkan Duka Negeri Palestina,Transfer,11.51293546492023,1,1,Berpotensi Churn,0.99999535,1
DAD-04386,26,2,30000.0,2025-12-05,10000.0,Pulihkan Duka Negeri Indonesia,Transfer,10.308985993422082,1,1,Berpotensi Churn,0.999997,1
DAD-04387,29,2,200000.0,2025-12-02,100000.0,Pulihkan Duka Negeri Indonesia,Transfer,12.206077645517674,1,1,Berpotensi Churn,0.9999901,1
DAD-04388,56,1,182000.0,2025-11-05,182000.0,Pulihkan Duka Negeri Palestina,Transfer,12.111767460549332,1,1,Berpotensi Churn,0.9999931,1
DAD-04389,56,1,100000.0,2025-11-05,100000.0,Pulihkan Duka Negeri Palestina,Transfer,11.51293546492023,1,1,Berpotensi Churn,0.99999535,1
DAD-04390,55,1,50000.0,2025-11-06,50000.0,Pulihkan Duka Negeri Palestina,Transfer,10.819798284210286,1,1,Berpotensi Churn,0.9999974,1
DAD-04391,55,1,100000.0,2025-11-06,100000.0,Pulihkan Duka Negeri Palestina,Transfer,11.51293546492023,1,1,Berpotensi Churn,0.99999535,1
DAD-04392,54,1,50000.0,2025-11-07,50000.0,Wakaf Pembangunan Masjid,Transfer,10.819798284210286,1,1,Berpotensi Churn,0.9999974,1
DAD-04393,54,1,100000.0,2025-11-07,100000.0,Wakaf Pembangunan Masjid,Transfer,11.51293546492023,1,1,Berpotensi Churn,0.99999535,1
DAD-04394,54,1,50000.0,2025-11-07,50000.0,Syiar Qur'an Indonesia,Transfer,10.819798284210286,1,1,Berpotensi Churn,0.9999974,1
DAD-04395,54,1,50500.0,2025-11-07,50500.0,Pulihkan Duka Negeri Palestina,Transfer,10.829748417047593,1,1,Berpotensi Churn,0.9999958,1
DAD-04396,54,1,100000.0,2025-11-07,100000.0,Pulihkan Duka Negeri Palestina,Transfer,11.51293546492023,1,1,Berpotensi Churn,0.99999535,1
DAD-04397,14,2,300000.0,2025-12-17,150000.0,Pulihkan Duka Negeri Indonesia,Transfer,12.611541086966115,1,1,Berpotensi Churn,0.9999846,1
DAD-04398,54,1,100000.0,2025-11-07,100000.0,Pulihkan Duka Negeri Palestina,Transfer,11.51293546492023,1,1,Berpotensi Churn,0.99999535,1
DAD-04399,54,1,52500.0,2025-11-07,52500.0,Pulihkan Duka Negeri Palestina,Transfer,10.868587496017359,1,1,Berpotensi Churn,0.9999958,1
DAD-04400,54,1,100000.0,2025-11-07,100000.0,Pulihkan Duka Negeri Palestina,Transfer,11.51293546492023,1,1,Berpotensi Churn,0.99999535,1
DAD-04401,52,1,150000.0,2025-11-09,150000.0,Pulihkan Duka Negeri Palestina,Transfer,11.918397239722838,1,1,Berpotensi Churn,0.999995,1
DAD-04402,51,1,50000.0,2025-11-10,50000.0,Pulihkan Duka Negeri Palestina,Transfer,10.819798284210286,1,1,Berpotensi Churn,0.9999974,1
DAD-04404,49,1,100000.0,2025-11-12,100000.0,Pulihkan Duka Negeri Palestina,Transfer,11.51293546492023,1,1,Berpotensi Churn,0.99999535,1
DAD-04405,49,1,50000.0,2025-11-12,50000.0,Pulihkan Duka Negeri Palestina,Transfer,10.819798284210286,1,1,Berpotensi Churn,0.9999974,1
DAD-04406,33,3,400000.0,2025-11-28,100000.0,Pulihkan Duka Negeri Palestina,Transfer,12.899222326086994,1,1,Berpotensi Churn,0.99995065,1
DAD-04407,48,1,100000.0,2025-11-13,100000.0,Pulihkan Duka Negeri Palestina,Transfer,11.51293546492023,1,1,Berpotensi Churn,0.99999535,1
DAD-04408,48,1,150000.0,2025-11-13,150000.0,Pulihkan Duka Negeri Palestina,Transfer,11.918397239722838,1,1,Berpotensi Churn,0.999995,1
DAD-04409,48,1,100000.0,2025-11-13,100000.0,Pulihkan Duka Negeri Palestina,Transfer,11.51293546492023,1,1,Berpotensi Churn,0.99999535,1
DAD-04410,47,1,100000.0,2025-11-14,100000.0,Pulihkan Duka Negeri Palestina,Transfer,11.51293546492023,1,1,Berpotensi Churn,0.99999535,1
DAD-04411,12,4,200000.0,2025-12-19,50000.0,Pulihkan Duka Negeri Indonesia,Transfer,12.206077645517674,1,1,Berpotensi Churn,0.9999739,1
DAD-04412,47,1,50000.0,2025-11-14,50000.0,Pulihkan Duka Negeri Palestina,Transfer,10.819798284210286,1,1,Berpotensi Churn,0.9999974,1
DAD-04413,40,2,20000.0,2025-11-21,10000.0,Pulihkan Duka Negeri Palestina,Transfer,9.90353755128617,1,1,Berpotensi Churn,0.999997,1
DAD-04414,26,2,250000.0,2025-12-05,200000.0,Pulihkan Duka Negeri Indonesia,Transfer,12.429220196836383,1,1,Berpotensi Churn,0.9999889,1
DAD-04415,31,2,300000.0,2025-11-30,200000.0,Pulihkan Duka Negeri Indonesia,Transfer,12.611541086966115,1,1,Berpotensi Churn,0.9999857,1
DAD-04416,26,2,100000.0,2025-12-05,50000.0,Pulihkan Duka Negeri Indonesia,Transfer,11.51293546492023,1,1,Berpotensi Churn,0.9999933,1
DAD-04417,47,1,100000.0,2025-11-14,100000.0,Pulihkan Duka Negeri Palestina,Transfer,11.51293546492023,1,1,Berpotensi Churn,0.99999535,1
DAD-04418,47,1,50000.0,2025-11-14,50000.0,Pulihkan Duka Negeri Palestina,Transfer,10.819798284210286,1,1,Berpotensi Churn,0.9999974,1
DAD-04419,33,2,30000.0,2025-11-28,20000.0,Pulihkan Duka Negeri Indonesia,Transfer,10.308985993422082,1,1,Berpotensi Churn,0.999997,1
DAD-04420,47,1,45000.0,2025-11-14,45000.0,Pulihkan Duka Negeri Palestina,Transfer,10.714439990727769,1,1,Berpotensi Churn,0.9999976,1
DAD-04421,47,1,50000.0,2025-11-14,50000.0,Pulihkan Duka Negeri Palestina,Transfer,10.819798284210286,1,1,Berpotensi Churn,0.9999974,1
DAD-04422,47,1,50010.0,2025-11-14,50010.0,Pulihkan Duka Negeri Palestina,Transfer,10.819998260213833,1,1,Berpotensi Churn,0.9999974,1
DAD-04423,40,2,150000.0,2025-11-21,50000.0,Pulihkan Duka Negeri Palestina,Transfer,11.918397239722838,1,1,Berpotensi Churn,0.9999927,1
DAD-04424,46,1,50000.0,2025-11-15,50000.0,Pulihkan Duka Negeri Palestina,Transfer,10.819798284210286,1,1,Berpotensi Churn,0.9999974,1
DAD-04425,22,2,60000.0,2025-12-09,50000.0,Pulihkan Duka Negeri Indonesia,Transfer,11.002116507732017,1,1,Berpotensi Churn,0.99999404,1
DAD-04426,44,1,50000.0,2025-11-17,50000.0,Pulihkan Duka Negeri Palestina,Transfer,10.819798284210286,1,1,Berpotensi Churn,0.9999974,1
DAD-04427,44,1,40000.0,2025-11-17,40000.0,Pulihkan Duka Negeri Palestina,Transfer,10.596659732783579,1,1,Berpotensi Churn,0.99999774,1
DAD-04428,34,2,200000.0,2025-11-27,100000.0,Pulihkan Duka Negeri Indonesia,Transfer,12.206077645517674,1,1,Berpotensi Churn,0.9999901,1
DAD-04429,44,1,20000.0,2025-11-17,20000.0,Pulihkan Duka Negeri Palestina,Transfer,9.90353755128617,1,1,Berpotensi Churn,0.99999785,1
DAD-04430,42,1,50000.0,2025-11-19,50000.0,Pulihkan Duka Negeri Palestina,Transfer,10.819798284210286,1,1,Berpotensi Churn,0.9999974,1
DAD-04431,7,5,60000.0,2025-12-24,10000.0,Pulihkan Duka Negeri Indonesia,Transfer,11.002116507732017,1,1,Berpotensi Churn,0.99997926,1
DAD-04432,41,1,50000.0,2025-11-20,50000.0,Pulihkan Duka Negeri Palestina,Transfer,10.819798284210286,1,1,Berpotensi Churn,0.9999974,1
DAD-04434,40,1,50000.0,2025-11-21,50000.0,Pulihkan Duka Negeri Palestina,Transfer,10.819798284210286,1,1,Berpotensi Churn,0.9999974,1
DAD-04435,40,1,100000.0,2025-11-21,100000.0,Pulihkan Duka Negeri Palestina,Transfer,11.51293546492023,1,1,Berpotensi Churn,0.99999535,1
DAD-04437,33,2,100000.0,2025-11-28,50000.0,Pulihkan Duka Negeri Indonesia,Transfer,11.51293546492023,1,1,Berpotensi Churn,0.9999933,1
DAD-04438,40,1,150000.0,2025-11-21,150000.0,Pulihkan Duka Negeri Palestina,Transfer,11.918397239722838,1,1,Berpotensi Churn,0.999995,1
DAD-04439,40,1,100000.0,2025-11-21,100000.0,Pulihkan Duka Negeri Palestina,Transfer,11.51293546492023,1,1,Berpotensi Churn,0.99999535,1
DAD-04440,22,2,150000.0,2025-12-09,50000.0,Pulihkan Duka Negeri Indonesia,Transfer,11.918397239722838,1,1,Berpotensi Churn,0.9999927,1
DAD-04441,40,1,21000.0,2025-11-21,21000.0,Pulihkan Duka Negeri Palestina,Transfer,9.952325334619427,1,1,Berpotensi Churn,0.99999785,1
DAD-04442,5,2,150000.0,2025-12-26,50000.0,Pulihkan Duka Negeri Indonesia,Transfer,11.918397239722838,1,1,Berpotensi Churn,0.99999225,1
DAD-04443,40,1,50000.0,2025-11-21,50000.0,Pulihkan Duka Negeri Palestina,Transfer,10.819798284210286,1,1,Berpotensi Churn,0.9999974,1
DAD-04445,40,1,100000.0,2025-11-21,100000.0,Pulihkan Duka Negeri Palestina,Transfer,11.51293546492023,1,1,Berpotensi Churn,0.99999535,1
DAD-04446,40,1,150000.0,2025-11-21,150000.0,Pulihkan Duka Negeri Palestina,Transfer,11.918397239722838,1,1,Berpotensi Churn,0.999995,1
DAD-04447,40,1,150000.0,2025-11-21,150000.0,Pulihkan Duka Negeri Palestina,Transfer,11.918397239722838,1,1,Berpotensi Churn,0.999995,1
DAD-04448,24,2,350000.0,2025-12-07,200000.0,Pulihkan Duka Negeri Indonesia,Transfer,12.765691290604371,1,1,Berpotensi Churn,0.9999839,1
DAD-04449,39,2,40000.0,2025-11-22,20000.0,Pulihkan Duka Negeri Palestina,Transfer,10.596659732783579,1,1,Berpotensi Churn,0.9999968,1
DAD-04450,40,1,100000.0,2025-11-21,100000.0,Pulihkan Duka Negeri Palestina,Transfer,11.51293546492023,1,1,Berpotensi Churn,0.99999535,1
DAD-04451,38,1,50000.0,2025-11-23,50000.0,Pulihkan Duka Negeri Palestina,Transfer,10.819798284210286,1,1,Berpotensi Churn,0.9999974,1
DAD-04452,37,1,100000.0,2025-11-24,100000.0,Pulihkan Duka Negeri Palestina,Transfer,11.51293546492023,1,1,Berpotensi Churn,0.99999535,1
DAD-04453,37,1,100000.0,2025-11-24,100000.0,Pulihkan Duka Negeri Indonesia,Transfer,11.51293546492023,1,1,Berpotensi Churn,0.99999535,1
DAD-04454,26,2,350000.0,2025-12-05,150000.0,Pulihkan Duka Negeri Indonesia,Transfer,12.765691290604371,1,1,Berpotensi Churn,0.9999839,1
DAD-04455,19,3,300000.0,2025-12-12,100000.0,Pulihkan Duka Negeri Indonesia,Transfer,12.611541086966115,1,1,Berpotensi Churn,0.99996674,1
DAD-04456,36,1,100000.0,2025-11-25,100000.0,Syiar Qur'an Indonesia,Transfer,11.51293546492023,1,1,Berpotensi Churn,0.99999535,1
DAD-04457,34,1,50000.0,2025-11-27,50000.0,Pulihkan Duka Negeri Indonesia,Transfer,10.819798284210286,1,1,Berpotensi Churn,0.9999974,1
DAD-04458,23,1,200000.0,2025-12-08,200000.0,Pulihkan Duka Negeri Indonesia,Transfer,12.206077645517674,1,1,Berpotensi Churn,0.9999931,1
DAD-04459,1,3,400000.0,2025-12-30,100000.0,Pulihkan Duka Negeri Indonesia,Transfer,12.899222326086994,1,1,Berpotensi Churn,0.99994695,1
DAD-04460,26,2,150000.0,2025-12-05,100000.0,Pulihkan Duka Negeri Indonesia,Transfer,11.918397239722838,1,1,Berpotensi Churn,0.9999927,1
DAD-04461,33,1,50000.0,2025-11-28,50000.0,Pulihkan Duka Negeri Indonesia,Transfer,10.819798284210286,1,1,Berpotensi Churn,0.9999974,1
DAD-04462,33,1,100000.0,2025-11-28,100000.0,Pulihkan Duka Negeri Indonesia,Transfer,11.51293546492023,1,1,Berpotensi Churn,0.99999535,1
DAD-04463,12,2,20000.0,2025-12-19,10000.0,Pulihkan Duka Negeri Indonesia,Transfer,9.90353755128617,1,1,Berpotensi Churn,0.9999968,1
DAD-04464,33,1,100000.0,2025-11-28,100000.0,Pulihkan Duka Negeri Indonesia,Transfer,11.51293546492023,1,1,Berpotensi Churn,0.99999535,1
DAD-04465,33,1,100000.0,2025-11-28,100000.0,Pulihkan Duka Negeri Palestina,Transfer,11.51293546492023,1,1,Berpotensi Churn,0.99999535,1
DAD-04466,33,1,20000.0,2025-11-28,20000.0,Pulihkan Duka Negeri Indonesia,Transfer,9.90353755128617,1,1,Berpotensi Churn,0.99999785,1
DAD-04467,33,1,50000.0,2025-11-28,50000.0,Pulihkan Duka Negeri Indonesia,Transfer,10.819798284210286,1,1,Berpotensi Churn,0.9999974,1
DAD-04468,33,1,100000.0,2025-11-28,100000.0,Pulihkan Duka Negeri Indonesia,Transfer,11.51293546492023,1,1,Berpotensi Churn,0.99999535,1
DAD-04469,33,1,75000.0,2025-11-28,75000.0,Pulihkan Duka Negeri Indonesia,Transfer,11.225256725762893,1,1,Berpotensi Churn,0.9999958,1
DAD-04470,33,1,100000.0,2025-11-28,100000.0,Pulihkan Duka Negeri Palestina,Transfer,11.51293546492023,1,1,Berpotensi Churn,0.99999535,1
DAD-04471,26,2,80000.0,2025-12-05,30000.0,Pulihkan Duka Negeri Indonesia,Transfer,11.289794413577894,1,1,Berpotensi Churn,0.99999404,1
DAD-04472,33,1,100000.0,2025-11-28,100000.0,Pulihkan Duka Negeri Indonesia,Transfer,11.51293546492023,1,1,Berpotensi Churn,0.99999535,1
DAD-04473,5,3,150000.0,2025-12-26,50000.0,Pulihkan Duka Negeri Indonesia,Transfer,11.918397239722838,1,1,Berpotensi Churn,0.99998236,1
DAD-04474,33,1,150000.0,2025-11-28,150000.0,Pulihkan Duka Negeri Indonesia,Transfer,11.918397239722838,1,1,Berpotensi Churn,0.999995,1
DAD-04475,33,1,100000.0,2025-11-28,100000.0,Pulihkan Duka Negeri Indonesia,Transfer,11.51293546492023,1,1,Berpotensi Churn,0.99999535,1
DAD-04476,33,1,100000.0,2025-11-28,100000.0,Pulihkan Duka Negeri Palestina,Transfer,11.51293546492023,1,1,Berpotensi Churn,0.99999535,1
DAD-04477,33,1,100000.0,2025-11-28,100000.0,Pulihkan Duka Negeri Indonesia,Transfer,11.51293546492023,1,1,Berpotensi Churn,0.99999535,1
DAD-04479,33,1,100000.0,2025-11-28,100000.0,Pulihkan Duka Negeri Indonesia,Transfer,11.51293546492023,1,1,Berpotensi Churn,0.99999535,1
DAD-04480,31,2,200000.0,2025-11-30,100000.0,Pulihkan Duka Negeri Indonesia,Transfer,12.206077645517674,1,1,Berpotensi Churn,0.9999901,1
DAD-04482,32,1,50000.0,2025-11-29,50000.0,Pulihkan Duka Negeri Indonesia,Transfer,10.819798284210286,1,1,Berpotensi Churn,0.9999974,1
DAD-04483,32,1,50000.0,2025-11-29,50000.0,Pulihkan Duka Negeri Indonesia,Transfer,10.819798284210286,1,1,Berpotensi Churn,0.9999974,1
DAD-04484,14,2,150000.0,2025-12-17,100000.0,Pulihkan Duka Negeri Indonesia,Transfer,11.918397239722838,1,1,Berpotensi Churn,0.99999225,1
DAD-04485,32,1,100000.0,2025-11-29,100000.0,Pulihkan Duka Negeri Indonesia,Transfer,11.51293546492023,1,1,Berpotensi Churn,0.99999535,1
DAD-04486,9,2,100000.0,2025-12-22,50000.0,Pulihkan Duka Negeri Indonesia,Transfer,11.51293546492023,1,1,Berpotensi Churn,0.9999927,1
DAD-04487,32,1,50000.0,2025-11-29,50000.0,Pulihkan Duka Negeri Indonesia,Transfer,10.819798284210286,1,1,Berpotensi Churn,0.9999974,1
DAD-04488,32,1,30000.0,2025-11-29,30000.0,Pulihkan Duka Negeri Indonesia,Transfer,10.308985993422082,1,1,Berpotensi Churn,0.99999785,1
DAD-04489,32,1,100000.0,2025-11-29,100000.0,Pulihkan Duka Negeri Indonesia,Transfer,11.51293546492023,1,1,Berpotensi Churn,0.99999535,1
DAD-04490,32,1,100000.0,2025-11-29,100000.0,Pulihkan Duka Negeri Indonesia,Transfer,11.51293546492023,1,1,Berpotensi Churn,0.99999535,1
DAD-04491,32,1,150000.0,2025-11-29,150000.0,Pulihkan Duka Negeri Indonesia,Transfer,11.918397239722838,1,1,Berpotensi Churn,0.999995,1
DAD-04492,5,2,500000.0,2025-12-26,300000.0,Pulihkan Duka Negeri Indonesia,Transfer,13.122365377402328,1,1,Berpotensi Churn,0.99995875,1
DAD-04493,32,1,100000.0,2025-11-29,100000.0,Pulihkan Duka Negeri Indonesia,Transfer,11.51293546492023,1,1,Berpotensi Churn,0.99999535,1
DAD-04494,32,1,100000.0,2025-11-29,100000.0,Pulihkan Duka Negeri Indonesia,Transfer,11.51293546492023,1,1,Berpotensi Churn,0.99999535,1
DAD-04495,31,1,150000.0,2025-11-30,150000.0,Pulihkan Duka Negeri Indonesia,Transfer,11.918397239722838,1,1,Berpotensi Churn,0.999995,1
DAD-04496,31,1,100000.0,2025-11-30,100000.0,Pulihkan Duka Negeri Indonesia,Transfer,11.51293546492023,1,1,Berpotensi Churn,0.99999535,1
DAD-04497,31,1,50000.0,2025-11-30,50000.0,Pulihkan Duka Negeri Indonesia,Transfer,10.819798284210286,1,1,Berpotensi Churn,0.9999974,1
DAD-04498,19,3,200000.0,2025-12-12,50000.0,Pulihkan Duka Negeri Indonesia,Transfer,12.206077645517674,1,1,Berpotensi Churn,0.9999769,1
DAD-04499,30,1,25000.0,2025-12-01,25000.0,Pulihkan Duka Negeri Indonesia,Transfer,10.12667110305036,1,1,Berpotensi Churn,0.99999785,1
DAD-04500,30,1,15000.0,2025-12-01,15000.0,Pulihkan Duka Negeri Indonesia,Transfer,9.61587214452889,1,1,Berpotensi Churn,0.99999785,1
DAD-04501,30,1,100000.0,2025-12-01,100000.0,Pulihkan Duka Negeri Indonesia,Transfer,11.51293546492023,1,1,Berpotensi Churn,0.99999535,1
DAD-04502,30,1,100000.0,2025-12-01,100000.0,Pulihkan Duka Negeri Indonesia,Transfer,11.51293546492023,1,1,Berpotensi Churn,0.99999535,1
DAD-04503,30,1,50000.0,2025-12-01,50000.0,Pulihkan Duka Negeri Indonesia,Transfer,10.819798284210286,1,1,Berpotensi Churn,0.9999974,1
DAD-04504,30,1,50000.0,2025-12-01,50000.0,Pulihkan Duka Negeri Indonesia,Transfer,10.819798284210286,1,1,Berpotensi Churn,0.9999974,1
DAD-04505,30,1,50000.0,2025-12-01,50000.0,Pulihkan Duka Negeri Indonesia,Transfer,10.819798284210286,1,1,Berpotensi Churn,0.9999974,1
DAD-04506,30,1,100000.0,2025-12-01,100000.0,Pulihkan Duka Negeri Indonesia,Transfer,11.51293546492023,1,1,Berpotensi Churn,0.99999535,1
DAD-04507,30,1,50000.0,2025-12-01,50000.0,Pulihkan Duka Negeri Indonesia,Transfer,10.819798284210286,1,1,Berpotensi Churn,0.9999974,1
DAD-04509,29,1,100000.0,2025-12-02,100000.0,Pulihkan Duka Negeri Indonesia,Transfer,11.51293546492023,1,1,Berpotensi Churn,0.99999535,1
DAD-04510,29,1,80000.0,2025-12-02,80000.0,Pulihkan Duka Negeri Palestina,Transfer,11.289794413577894,1,1,Berpotensi Churn,0.9999958,1
DAD-04511,29,1,100000.0,2025-12-02,100000.0,Pulihkan Duka Negeri Palestina,Transfer,11.51293546492023,1,1,Berpotensi Churn,0.99999535,1
DAD-04512,29,1,150000.0,2025-12-02,150000.0,Pulihkan Duka Negeri Palestina,Transfer,11.918397239722838,1,1,Berpotensi Churn,0.999995,1
DAD-04513,29,1,250000.0,2025-12-02,250000.0,Pulihkan Duka Negeri Palestina,Transfer,12.429220196836383,1,1,Berpotensi Churn,0.99999225,1
DAD-04514,0,2,150000.0,2025-12-31,100000.0,Pulihkan Duka Negeri Palestina,Transfer,11.918397239722838,1,1,Berpotensi Churn,0.99999225,1
DAD-04515,29,1,75000.0,2025-12-02,75000.0,Pulihkan Duka Negeri Indonesia,Transfer,11.225256725762893,1,1,Berpotensi Churn,0.9999958,1
DAD-04516,29,1,50000.0,2025-12-02,50000.0,Pulihkan Duka Negeri Indonesia,Transfer,10.819798284210286,1,1,Berpotensi Churn,0.9999974,1
DAD-04517,28,1,100000.0,2025-12-03,100000.0,Pulihkan Duka Negeri Indonesia,Transfer,11.51293546492023,1,1,Berpotensi Churn,0.99999535,1
DAD-04518,28,1,100000.0,2025-12-03,100000.0,Pulihkan Duka Negeri Indonesia,Transfer,11.51293546492023,1,1,Berpotensi Churn,0.99999535,1
DAD-04519,28,1,50000.0,2025-12-03,50000.0,Pulihkan Duka Negeri Indonesia,Transfer,10.819798284210286,1,1,Berpotensi Churn,0.9999974,1
DAD-04520,28,1,30000.0,2025-12-03,30000.0,Pulihkan Duka Negeri Indonesia,Transfer,10.308985993422082,1,1,Berpotensi Churn,0.99999785,1
DAD-04521,28,1,50000.0,2025-12-03,50000.0,Pulihkan Duka Negeri Indonesia,Transfer,10.819798284210286,1,1,Berpotensi Churn,0.9999974,1
DAD-04522,28,1,75000.0,2025-12-03,75000.0,Pulihkan Duka Negeri Indonesia,Transfer,11.225256725762893,1,1,Berpotensi Churn,0.9999958,1
DAD-04523,28,1,100000.0,2025-12-03,100000.0,Pulihkan Duka Negeri Indonesia,Transfer,11.51293546492023,1,1,Berpotensi Churn,0.99999535,1
DAD-04524,28,1,50000.0,2025-12-03,50000.0,Pulihkan Duka Negeri Indonesia,Transfer,10.819798284210286,1,1,Berpotensi Churn,0.9999974,1
DAD-04525,14,2,100000.0,2025-12-17,50000.0,Pulihkan Duka Negeri Indonesia,Transfer,11.51293546492023,1,1,Berpotensi Churn,0.9999927,1
DAD-04526,28,1,25000.0,2025-12-03,25000.0,Pulihkan Duka Negeri Palestina,Transfer,10.12667110305036,1,1,Berpotensi Churn,0.99999785,1
DAD-04527,28,1,100000.0,2025-12-03,100000.0,Pulihkan Duka Negeri Palestina,Transfer,11.51293546492023,1,1,Berpotensi Churn,0.99999535,1
DAD-04528,1,2,150000.0,2025-12-30,50000.0,Pulihkan Duka Negeri Indonesia,Transfer,11.918397239722838,1,1,Berpotensi Churn,0.99999225,1
DAD-04530,25,2,200000.0,2025-12-06,100000.0,Pulihkan Duka Negeri Indonesia,Transfer,12.206077645517674,1,1,Berpotensi Churn,0.9999901,1
DAD-04531,28,1,100000.0,2025-12-03,100000.0,Pulihkan Duka Negeri Indonesia,Transfer,11.51293546492023,1,1,Berpotensi Churn,0.99999535,1
DAD-04532,28,1,200000.0,2025-12-03,200000.0,Pulihkan Duka Negeri Indonesia,Transfer,12.206077645517674,1,1,Berpotensi Churn,0.9999931,1
DAD-04533,28,1,100000.0,2025-12-03,100000.0,Pulihkan Duka Negeri Indonesia,Transfer,11.51293546492023,1,1,Berpotensi Churn,0.99999535,1
DAD-04534,27,1,200000.0,2025-12-04,200000.0,Pulihkan Duka Negeri Indonesia,Transfer,12.206077645517674,1,1,Berpotensi Churn,0.9999931,1
DAD-04535,27,1,50000.0,2025-12-04,50000.0,Pulihkan Duka Negeri Indonesia,Transfer,10.819798284210286,1,1,Berpotensi Churn,0.9999974,1
DAD-04536,27,1,50000.0,2025-12-04,50000.0,Pulihkan Duka Negeri Indonesia,Transfer,10.819798284210286,1,1,Berpotensi Churn,0.9999974,1
DAD-04537,10,2,200000.0,2025-12-21,100000.0,Pulihkan Duka Negeri Indonesia,Transfer,12.206077645517674,1,1,Berpotensi Churn,0.9999893,1
DAD-04538,27,1,200000.0,2025-12-04,200000.0,Pulihkan Duka Negeri Indonesia,Transfer,12.206077645517674,1,1,Berpotensi Churn,0.9999931,1
DAD-04539,27,1,30000.0,2025-12-04,30000.0,Pulihkan Duka Negeri Indonesia,Transfer,10.308985993422082,1,1,Berpotensi Churn,0.99999785,1
DAD-04540,27,1,50000.0,2025-12-04,50000.0,Pulihkan Duka Negeri Indonesia,Transfer,10.819798284210286,1,1,Berpotensi Churn,0.9999974,1
DAD-04541,27,1,25000.0,2025-12-04,25000.0,Pulihkan Duka Negeri Indonesia,Transfer,10.12667110305036,1,1,Berpotensi Churn,0.99999785,1
DAD-04542,22,2,200000.0,2025-12-09,100000.0,Pulihkan Duka Negeri Indonesia,Transfer,12.206077645517674,1,1,Berpotensi Churn,0.9999901,1
DAD-04544,27,1,25000.0,2025-12-04,25000.0,Pulihkan Duka Negeri Indonesia,Transfer,10.12667110305036,1,1,Berpotensi Churn,0.99999785,1
DAD-04545,27,1,25000.0,2025-12-04,25000.0,Pulihkan Duka Negeri Indonesia,Transfer,10.12667110305036,1,1,Berpotensi Churn,0.99999785,1
DAD-04546,27,1,50000.0,2025-12-04,50000.0,Pulihkan Duka Negeri Indonesia,Transfer,10.819798284210286,1,1,Berpotensi Churn,0.9999974,1
DAD-04547,27,1,100000.0,2025-12-04,100000.0,Pulihkan Duka Negeri Indonesia,Transfer,11.51293546492023,1,1,Berpotensi Churn,0.99999535,1
DAD-04549,27,1,25000.0,2025-12-04,25000.0,Pulihkan Duka Negeri Indonesia,Transfer,10.12667110305036,1,1,Berpotensi Churn,0.99999785,1
DAD-04550,0,2,400000.0,2025-12-31,200000.0,Pulihkan Duka Negeri Indonesia,Transfer,12.899222326086994,1,1,Berpotensi Churn,0.99997544,1
DAD-04551,27,1,25000.0,2025-12-04,25000.0,Pulihkan Duka Negeri Indonesia,Transfer,10.12667110305036,1,1,Berpotensi Churn,0.99999785,1
DAD-04552,27,1,25000.0,2025-12-04,25000.0,Pulihkan Duka Negeri Indonesia,Transfer,10.12667110305036,1,1,Berpotensi Churn,0.99999785,1
DAD-04553,27,1,100000.0,2025-12-04,100000.0,Pulihkan Duka Negeri Indonesia,Transfer,11.51293546492023,1,1,Berpotensi Churn,0.99999535,1
DAD-04554,27,1,100000.0,2025-12-04,100000.0,Pulihkan Duka Negeri Indonesia,Transfer,11.51293546492023,1,1,Berpotensi Churn,0.99999535,1
DAD-04555,27,1,50000.0,2025-12-04,50000.0,Pulihkan Duka Negeri Indonesia,Transfer,10.819798284210286,1,1,Berpotensi Churn,0.9999974,1
DAD-04556,27,1,100000.0,2025-12-04,100000.0,Pulihkan Duka Negeri Palestina,Transfer,11.51293546492023,1,1,Berpotensi Churn,0.99999535,1
DAD-04557,27,1,30000.0,2025-12-04,30000.0,Pulihkan Duka Negeri Indonesia,Transfer,10.308985993422082,1,1,Berpotensi Churn,0.99999785,1
DAD-04558,12,2,100000.0,2025-12-19,50000.0,Pulihkan Duka Negeri Indonesia,Transfer,11.51293546492023,1,1,Berpotensi Churn,0.9999927,1
DAD-04559,26,1,50000.0,2025-12-05,50000.0,Pulihkan Duka Negeri Indonesia,Transfer,10.819798284210286,1,1,Berpotensi Churn,0.9999974,1
DAD-04560,26,1,200000.0,2025-12-05,200000.0,Pulihkan Duka Negeri Indonesia,Transfer,12.206077645517674,1,1,Berpotensi Churn,0.9999931,1
DAD-04561,26,1,20000.0,2025-12-05,20000.0,Pulihkan Duka Negeri Indonesia,Transfer,9.90353755128617,1,1,Berpotensi Churn,0.99999785,1
DAD-04562,26,1,100000.0,2025-12-05,100000.0,Pulihkan Duka Negeri Indonesia,Transfer,11.51293546492023,1,1,Berpotensi Churn,0.99999535,1
DAD-04563,26,1,100000.0,2025-12-05,100000.0,Pulihkan Duka Negeri Indonesia,Transfer,11.51293546492023,1,1,Berpotensi Churn,0.99999535,1
DAD-04565,26,1,25000.0,2025-12-05,25000.0,Pulihkan Duka Negeri Indonesia,Transfer,10.12667110305036,1,1,Berpotensi Churn,0.99999785,1
DAD-04566,26,1,250000.0,2025-12-05,250000.0,Pulihkan Duka Negeri Indonesia,Transfer,12.429220196836383,1,1,Berpotensi Churn,0.99999225,1
DAD-04567,5,2,200034.0,2025-12-26,100022.0,Pulihkan Duka Negeri Indonesia,Transfer,12.20624763021946,1,1,Berpotensi Churn,0.9999893,1
DAD-04568,7,3,300000.0,2025-12-24,100000.0,Pulihkan Duka Negeri Indonesia,Transfer,12.611541086966115,1,1,Berpotensi Churn,0.99996674,1
DAD-04569,26,1,50000.0,2025-12-05,50000.0,Pulihkan Duka Negeri Palestina,Transfer,10.819798284210286,1,1,Berpotensi Churn,0.9999974,1
DAD-04570,26,1,50000.0,2025-12-05,50000.0,Pulihkan Duka Negeri Palestina,Transfer,10.819798284210286,1,1,Berpotensi Churn,0.9999974,1
DAD-04571,26,1,200000.0,2025-12-05,200000.0,Pulihkan Duka Negeri Palestina,Transfer,12.206077645517674,1,1,Berpotensi Churn,0.9999931,1
DAD-04572,5,3,150000.0,2025-12-26,50000.0,Pulihkan Duka Negeri Indonesia,Transfer,11.918397239722838,1,1,Berpotensi Churn,0.99998236,1
DAD-04573,26,1,50000.0,2025-12-05,50000.0,Pulihkan Duka Negeri Indonesia,Transfer,10.819798284210286,1,1,Berpotensi Churn,0.9999974,1
DAD-04574,26,1,300000.0,2025-12-05,300000.0,Pulihkan Duka Negeri Palestina,Transfer,12.611541086966115,1,1,Berpotensi Churn,0.99999,1
DAD-04576,26,1,25000.0,2025-12-05,25000.0,Pulihkan Duka Negeri Indonesia,Transfer,10.12667110305036,1,1,Berpotensi Churn,0.99999785,1
DAD-04577,22,2,100000.0,2025-12-09,50000.0,Pulihkan Duka Negeri Indonesia,Transfer,11.51293546492023,1,1,Berpotensi Churn,0.9999933,1
DAD-04578,26,1,25000.0,2025-12-05,25000.0,Pulihkan Duka Negeri Indonesia,Transfer,10.12667110305036,1,1,Berpotensi Churn,0.99999785,1
DAD-04579,26,1,50000.0,2025-12-05,50000.0,Pulihkan Duka Negeri Indonesia,Transfer,10.819798284210286,1,1,Berpotensi Churn,0.9999974,1
DAD-04580,26,1,100000.0,2025-12-05,100000.0,Pulihkan Duka Negeri Indonesia,Transfer,11.51293546492023,1,1,Berpotensi Churn,0.99999535,1
DAD-04581,26,1,100000.0,2025-12-05,100000.0,Pulihkan Duka Negeri Indonesia,Transfer,11.51293546492023,1,1,Berpotensi Churn,0.99999535,1
DAD-04582,12,2,80000.0,2025-12-19,30000.0,Pulihkan Duka Negeri Indonesia,Transfer,11.289794413577894,1,1,Berpotensi Churn,0.99999356,1
DAD-04583,26,1,100000.0,2025-12-05,100000.0,Pulihkan Duka Negeri Indonesia,Transfer,11.51293546492023,1,1,Berpotensi Churn,0.99999535,1
DAD-04584,26,1,25000.0,2025-12-05,25000.0,Pulihkan Duka Negeri Indonesia,Transfer,10.12667110305036,1,1,Berpotensi Churn,0.99999785,1
DAD-04585,26,1,300000.0,2025-12-05,300000.0,Pulihkan Duka Negeri Indonesia,Transfer,12.611541086966115,1,1,Berpotensi Churn,0.99999,1
DAD-04586,26,1,200000.0,2025-12-05,200000.0,Pulihkan Duka Negeri Indonesia,Transfer,12.206077645517674,1,1,Berpotensi Churn,0.9999931,1
DAD-04587,26,1,110000.0,2025-12-05,110000.0,Pulihkan Duka Negeri Indonesia,Transfer,11.608244735642321,1,1,Berpotensi Churn,0.99999535,1
DAD-04589,26,1,100000.0,2025-12-05,100000.0,Pulihkan Duka Negeri Indonesia,Transfer,11.51293546492023,1,1,Berpotensi Churn,0.99999535,1
DAD-04591,26,1,25000.0,2025-12-05,25000.0,Pulihkan Duka Negeri Indonesia,Transfer,10.12667110305036,1,1,Berpotensi Churn,0.99999785,1
DAD-04592,26,1,100000.0,2025-12-05,100000.0,Pulihkan Duka Negeri Indonesia,Transfer,11.51293546492023,1,1,Berpotensi Churn,0.99999535,1
DAD-04593,26,1,300000.0,2025-12-05,300000.0,Pulihkan Duka Negeri Indonesia,Transfer,12.611541086966115,1,1,Berpotensi Churn,0.99999,1
DAD-04594,26,1,100000.0,2025-12-05,100000.0,Pulihkan Duka Negeri Indonesia,Transfer,11.51293546492023,1,1,Berpotensi Churn,0.99999535,1
DAD-04595,26,1,100000.0,2025-12-05,100000.0,Pulihkan Duka Negeri Indonesia,Transfer,11.51293546492023,1,1,Berpotensi Churn,0.99999535,1
DAD-04596,26,1,50000.0,2025-12-05,50000.0,Pulihkan Duka Negeri Indonesia,Transfer,10.819798284210286,1,1,Berpotensi Churn,0.9999974,1
DAD-04597,26,1,50000.0,2025-12-05,50000.0,Pulihkan Duka Negeri Indonesia,Transfer,10.819798284210286,1,1,Berpotensi Churn,0.9999974,1
DAD-04598,26,1,25000.0,2025-12-05,25000.0,Pulihkan Duka Negeri Indonesia,Transfer,10.12667110305036,1,1,Berpotensi Churn,0.99999785,1
DAD-04599,26,1,70000.0,2025-12-05,70000.0,Pulihkan Duka Negeri Indonesia,Transfer,11.156264806643742,1,1,Berpotensi Churn,0.9999958,1
DAD-04600,26,1,100213.0,2025-12-05,100213.0,Pulihkan Duka Negeri Indonesia,Transfer,11.515063178431776,1,1,Berpotensi Churn,0.99999535,1
DAD-04601,26,1,50000.0,2025-12-05,50000.0,Pulihkan Duka Negeri Palestina,Transfer,10.819798284210286,1,1,Berpotensi Churn,0.9999974,1
DAD-04602,26,1,200000.0,2025-12-05,200000.0,Pulihkan Duka Negeri Indonesia,Transfer,12.206077645517674,1,1,Berpotensi Churn,0.9999931,1
DAD-04603,26,1,100000.0,2025-12-05,100000.0,Pulihkan Duka Negeri Indonesia,Transfer,11.51293546492023,1,1,Berpotensi Churn,0.99999535,1
DAD-04604,25,1,100000.0,2025-12-06,100000.0,Pulihkan Duka Negeri Indonesia,Transfer,11.51293546492023,1,1,Berpotensi Churn,0.99999535,1
DAD-04606,25,1,100000.0,2025-12-06,100000.0,Pulihkan Duka Negeri Indonesia,Transfer,11.51293546492023,1,1,Berpotensi Churn,0.99999535,1
DAD-04607,25,1,35000.0,2025-12-06,35000.0,Pulihkan Duka Negeri Indonesia,Transfer,10.463131911491967,1,1,Berpotensi Churn,0.99999785,1
DAD-04608,25,1,50000.0,2025-12-06,50000.0,Pulihkan Duka Negeri Indonesia,Transfer,10.819798284210286,1,1,Berpotensi Churn,0.9999974,1
DAD-04609,25,1,30000.0,2025-12-06,30000.0,Pulihkan Duka Negeri Indonesia,Transfer,10.308985993422082,1,1,Berpotensi Churn,0.99999785,1
DAD-04610,25,1,25000.0,2025-12-06,25000.0,Pulihkan Duka Negeri Indonesia,Transfer,10.12667110305036,1,1,Berpotensi Churn,0.99999785,1
DAD-04611,25,1,25000.0,2025-12-06,25000.0,Pulihkan Duka Negeri Indonesia,Transfer,10.12667110305036,1,1,Berpotensi Churn,0.99999785,1
DAD-04612,23,2,200000.0,2025-12-08,100000.0,Pulihkan Duka Negeri Indonesia,Transfer,12.206077645517674,1,1,Berpotensi Churn,0.9999901,1
DAD-04613,25,1,100000.0,2025-12-06,100000.0,Pulihkan Duka Negeri Indonesia,Transfer,11.51293546492023,1,1,Berpotensi Churn,0.99999535,1
DAD-04614,25,1,150000.0,2025-12-06,150000.0,Wakaf Pembangunan Masjid,Transfer,11.918397239722838,1,1,Berpotensi Churn,0.999995,1
DAD-04615,25,1,100000.0,2025-12-06,100000.0,Pulihkan Duka Negeri Indonesia,Transfer,11.51293546492023,1,1,Berpotensi Churn,0.99999535,1
DAD-04616,25,1,100000.0,2025-12-06,100000.0,Pulihkan Duka Negeri Indonesia,Transfer,11.51293546492023,1,1,Berpotensi Churn,0.99999535,1
DAD-04617,24,1,50000.0,2025-12-07,50000.0,Pulihkan Duka Negeri Indonesia,Transfer,10.819798284210286,1,1,Berpotensi Churn,0.9999974,1
DAD-04618,24,1,300000.0,2025-12-07,300000.0,Pulihkan Duka Negeri Indonesia,Transfer,12.611541086966115,1,1,Berpotensi Churn,0.99999,1
DAD-04619,5,2,75000.0,2025-12-26,25000.0,Pulihkan Duka Negeri Indonesia,Transfer,11.225256725762893,1,1,Berpotensi Churn,0.99999356,1
DAD-04620,5,2,450000.0,2025-12-26,250000.0,Pulihkan Duka Negeri Indonesia,Transfer,13.017005083966255,1,1,Berpotensi Churn,0.99995935,1
DAD-04621,23,1,100000.0,2025-12-08,100000.0,Pulihkan Duka Negeri Indonesia,Transfer,11.51293546492023,1,1,Berpotensi Churn,0.99999535,1
DAD-04622,23,1,50000.0,2025-12-08,50000.0,Pulihkan Duka Negeri Indonesia,Transfer,10.819798284210286,1,1,Berpotensi Churn,0.9999974,1
DAD-04623,23,1,50000.0,2025-12-08,50000.0,Pulihkan Duka Negeri Indonesia,Transfer,10.819798284210286,1,1,Berpotensi Churn,0.9999974,1
DAD-04624,23,1,100000.0,2025-12-08,100000.0,Pulihkan Duka Negeri Indonesia,Transfer,11.51293546492023,1,1,Berpotensi Churn,0.99999535,1
DAD-04625,23,1,100000.0,2025-12-08,100000.0,Pulihkan Duka Negeri Indonesia,Transfer,11.51293546492023,1,1,Berpotensi Churn,0.99999535,1
DAD-04626,23,1,100000.0,2025-12-08,100000.0,Pulihkan Duka Negeri Indonesia,Transfer,11.51293546492023,1,1,Berpotensi Churn,0.99999535,1
DAD-04627,23,1,50000.0,2025-12-08,50000.0,Pulihkan Duka Negeri Indonesia,Transfer,10.819798284210286,1,1,Berpotensi Churn,0.9999974,1
DAD-04628,23,1,60000.0,2025-12-08,60000.0,Syiar Qur'an Indonesia,Transfer,11.002116507732017,1,1,Berpotensi Churn,0.9999958,1
DAD-04629,23,1,100000.0,2025-12-08,100000.0,Pulihkan Duka Negeri Indonesia,Transfer,11.51293546492023,1,1,Berpotensi Churn,0.99999535,1
DAD-04630,23,1,100000.0,2025-12-08,100000.0,Pulihkan Duka Negeri Indonesia,Transfer,11.51293546492023,1,1,Berpotensi Churn,0.99999535,1
DAD-04631,23,1,50000.0,2025-12-08,50000.0,Pulihkan Duka Negeri Indonesia,Transfer,10.819798284210286,1,1,Berpotensi Churn,0.9999974,1
DAD-04632,23,1,100000.0,2025-12-08,100000.0,Pulihkan Duka Negeri Indonesia,Transfer,11.51293546492023,1,1,Berpotensi Churn,0.99999535,1
DAD-04633,23,1,50000.0,2025-12-08,50000.0,Pulihkan Duka Negeri Indonesia,Transfer,10.819798284210286,1,1,Berpotensi Churn,0.9999974,1
DAD-04634,23,1,100000.0,2025-12-08,100000.0,Pulihkan Duka Negeri Indonesia,Transfer,11.51293546492023,1,1,Berpotensi Churn,0.99999535,1
DAD-04635,11,2,50000.0,2025-12-20,30000.0,Pulihkan Duka Negeri Indonesia,Transfer,10.819798284210286,1,1,Berpotensi Churn,0.99999607,1
DAD-04637,22,1,150000.0,2025-12-09,150000.0,Pulihkan Duka Negeri Indonesia,Transfer,11.918397239722838,1,1,Berpotensi Churn,0.999995,1
DAD-04639,22,1,100000.0,2025-12-09,100000.0,Pulihkan Duka Negeri Indonesia,Transfer,11.51293546492023,1,1,Berpotensi Churn,0.99999535,1
DAD-04640,22,1,50000.0,2025-12-09,50000.0,Pulihkan Duka Negeri Indonesia,Transfer,10.819798284210286,1,1,Berpotensi Churn,0.9999974,1
DAD-04641,22,1,50000.0,2025-12-09,50000.0,Pulihkan Duka Negeri Indonesia,Transfer,10.819798284210286,1,1,Berpotensi Churn,0.9999974,1
DAD-04642,22,1,100000.0,2025-12-09,100000.0,Pulihkan Duka Negeri Indonesia,Transfer,11.51293546492023,1,1,Berpotensi Churn,0.99999535,1
DAD-04644,22,1,100000.0,2025-12-09,100000.0,Pulihkan Duka Negeri Indonesia,Transfer,11.51293546492023,1,1,Berpotensi Churn,0.99999535,1
DAD-04645,22,1,200000.0,2025-12-09,200000.0,Pulihkan Duka Negeri Indonesia,Transfer,12.206077645517674,1,1,Berpotensi Churn,0.9999931,1
DAD-04646,22,1,70000.0,2025-12-09,70000.0,Pulihkan Duka Negeri Indonesia,Transfer,11.156264806643742,1,1,Berpotensi Churn,0.9999958,1
DAD-04647,22,1,25000.0,2025-12-09,25000.0,Pulihkan Duka Negeri Indonesia,Transfer,10.12667110305036,1,1,Berpotensi Churn,0.99999785,1
DAD-04649,21,1,50000.0,2025-12-10,50000.0,Pulihkan Duka Negeri Indonesia,Transfer,10.819798284210286,1,1,Berpotensi Churn,0.9999974,1
DAD-04650,21,1,100000.0,2025-12-10,100000.0,Pulihkan Duka Negeri Indonesia,Transfer,11.51293546492023,1,1,Berpotensi Churn,0.99999535,1
DAD-04651,21,1,100000.0,2025-12-10,100000.0,Pulihkan Duka Negeri Indonesia,Transfer,11.51293546492023,1,1,Berpotensi Churn,0.99999535,1
DAD-04652,21,1,50000.0,2025-12-10,50000.0,Pulihkan Duka Negeri Indonesia,Transfer,10.819798284210286,1,1,Berpotensi Churn,0.9999974,1
DAD-04653,21,1,50000.0,2025-12-10,50000.0,Pulihkan Duka Negeri Indonesia,Transfer,10.819798284210286,1,1,Berpotensi Churn,0.9999974,1
DAD-04654,21,1,25000.0,2025-12-10,25000.0,Pulihkan Duka Negeri Indonesia,Transfer,10.12667110305036,1,1,Berpotensi Churn,0.99999785,1
DAD-04655,21,1,100000.0,2025-12-10,100000.0,Pulihkan Duka Negeri Indonesia,Transfer,11.51293546492023,1,1,Berpotensi Churn,0.99999535,1
DAD-04657,21,1,60000.0,2025-12-10,60000.0,Pulihkan Duka Negeri Indonesia,Transfer,11.002116507732017,1,1,Berpotensi Churn,0.9999958,1
DAD-04658,21,1,50000.0,2025-12-10,50000.0,Pulihkan Duka Negeri Indonesia,Transfer,10.819798284210286,1,1,Berpotensi Churn,0.9999974,1
DAD-04659,21,1,200000.0,2025-12-10,200000.0,Pulihkan Duka Negeri Indonesia,Transfer,12.206077645517674,1,1,Berpotensi Churn,0.9999931,1
DAD-04660,21,1,50000.0,2025-12-10,50000.0,Pulihkan Duka Negeri Indonesia,Transfer,10.819798284210286,1,1,Berpotensi Churn,0.9999974,1
DAD-04661,21,1,100000.0,2025-12-10,100000.0,Pulihkan Duka Negeri Indonesia,Transfer,11.51293546492023,1,1,Berpotensi Churn,0.99999535,1
DAD-04662,21,1,200000.0,2025-12-10,200000.0,Pulihkan Duka Negeri Indonesia,Transfer,12.206077645517674,1,1,Berpotensi Churn,0.9999931,1
DAD-04663,20,1,50000.0,2025-12-11,50000.0,Pulihkan Duka Negeri Indonesia,Transfer,10.819798284210286,1,1,Berpotensi Churn,0.99999726,1
DAD-04666,20,1,50000.0,2025-12-11,50000.0,Pulihkan Duka Negeri Indonesia,Transfer,10.819798284210286,1,1,Berpotensi Churn,0.99999726,1
DAD-04667,20,1,50000.0,2025-12-11,50000.0,Pulihkan Duka Negeri Indonesia,Transfer,10.819798284210286,1,1,Berpotensi Churn,0.99999726,1
DAD-04668,20,1,100000.0,2025-12-11,100000.0,Pulihkan Duka Negeri Indonesia,Transfer,11.51293546492023,1,1,Berpotensi Churn,0.999995,1
DAD-04669,20,1,200000.0,2025-12-11,200000.0,Pulihkan Duka Negeri Indonesia,Transfer,12.206077645517674,1,1,Berpotensi Churn,0.9999925,1
DAD-04670,20,1,50000.0,2025-12-11,50000.0,Pulihkan Duka Negeri Indonesia,Transfer,10.819798284210286,1,1,Berpotensi Churn,0.99999726,1
DAD-04671,20,1,250000.0,2025-12-11,250000.0,Pulihkan Duka Negeri Indonesia,Transfer,12.429220196836383,1,1,Berpotensi Churn,0.99999166,1
DAD-04673,20,1,250000.0,2025-12-11,250000.0,Pulihkan Duka Negeri Indonesia,Transfer,12.429220196836383,1,1,Berpotensi Churn,0.99999166,1
DAD-04674,19,1,50000.0,2025-12-12,50000.0,Pulihkan Duka Negeri Indonesia,Transfer,10.819798284210286,1,1,Berpotensi Churn,0.99999726,1
DAD-04675,19,1,100000.0,2025-12-12,100000.0,Pulihkan Duka Negeri Indonesia,Transfer,11.51293546492023,1,1,Berpotensi Churn,0.999995,1
DAD-04676,19,1,50000.0,2025-12-12,50000.0,Pulihkan Duka Negeri Indonesia,Transfer,10.819798284210286,1,1,Berpotensi Churn,0.99999726,1
DAD-04677,19,1,56000.0,2025-12-12,56000.0,Pulihkan Duka Negeri Indonesia,Transfer,10.933124826700707,1,1,Berpotensi Churn,0.9999956,1
DAD-04678,19,1,50000.0,2025-12-12,50000.0,Pulihkan Duka Negeri Indonesia,Transfer,10.819798284210286,1,1,Berpotensi Churn,0.99999726,1
DAD-04679,19,1,150000.0,2025-12-12,150000.0,Pulihkan Duka Negeri Indonesia,Transfer,11.918397239722838,1,1,Berpotensi Churn,0.99999464,1
DAD-04680,19,1,200000.0,2025-12-12,200000.0,Pulihkan Duka Negeri Indonesia,Transfer,12.206077645517674,1,1,Berpotensi Churn,0.9999925,1
DAD-04681,19,1,50000.0,2025-12-12,50000.0,Pulihkan Duka Negeri Indonesia,Transfer,10.819798284210286,1,1,Berpotensi Churn,0.99999726,1
DAD-04682,19,1,50000.0,2025-12-12,50000.0,Pulihkan Duka Negeri Indonesia,Transfer,10.819798284210286,1,1,Berpotensi Churn,0.99999726,1
DAD-04683,19,1,30000.0,2025-12-12,30000.0,Pulihkan Duka Negeri Indonesia,Transfer,10.308985993422082,1,1,Berpotensi Churn,0.99999774,1
DAD-04684,19,1,50000.0,2025-12-12,50000.0,Pulihkan Duka Negeri Indonesia,Transfer,10.819798284210286,1,1,Berpotensi Churn,0.99999726,1
DAD-04685,19,1,50000.0,2025-12-12,50000.0,Pulihkan Duka Negeri Indonesia,Transfer,10.819798284210286,1,1,Berpotensi Churn,0.99999726,1
DAD-04686,19,1,70000.0,2025-12-12,70000.0,Pulihkan Duka Negeri Indonesia,Transfer,11.156264806643742,1,1,Berpotensi Churn,0.9999956,1
DAD-04687,19,1,150000.0,2025-12-12,150000.0,Pulihkan Duka Negeri Indonesia,Transfer,11.918397239722838,1,1,Berpotensi Churn,0.99999464,1
DAD-04688,19,1,50000.0,2025-12-12,50000.0,Pulihkan Duka Negeri Indonesia,Transfer,10.819798284210286,1,1,Berpotensi Churn,0.99999726,1
DAD-04689,19,1,30000.0,2025-12-12,30000.0,Pulihkan Duka Negeri Indonesia,Transfer,10.308985993422082,1,1,Berpotensi Churn,0.99999774,1
DAD-04690,17,2,240000.0,2025-12-14,120000.0,Pulihkan Duka Negeri Indonesia,Transfer,12.388398368982115,1,1,Berpotensi Churn,0.9999881,1
DAD-04691,19,1,200000.0,2025-12-12,200000.0,Pulihkan Duka Negeri Indonesia,Transfer,12.206077645517674,1,1,Berpotensi Churn,0.9999925,1
DAD-04693,19,1,50000.0,2025-12-12,50000.0,Pulihkan Duka Negeri Indonesia,Transfer,10.819798284210286,1,1,Berpotensi Churn,0.99999726,1
DAD-04694,5,2,50000.0,2025-12-26,20000.0,Jaga Asa,Transfer,10.819798284210286,1,1,Berpotensi Churn,0.99999607,1
DAD-04696,18,1,100000.0,2025-12-13,100000.0,Pulihkan Duka Negeri Indonesia,Transfer,11.51293546492023,1,1,Berpotensi Churn,0.999995,1
DAD-04698,18,1,200000.0,2025-12-13,200000.0,Pulihkan Duka Negeri Indonesia,Transfer,12.206077645517674,1,1,Berpotensi Churn,0.9999925,1
DAD-04699,16,1,10000.0,2025-12-15,10000.0,Pulihkan Duka Negeri Indonesia,Transfer,9.210440366976517,1,1,Berpotensi Churn,0.99999774,1
DAD-04700,16,1,100000.0,2025-12-15,100000.0,Pulihkan Duka Negeri Indonesia,Transfer,11.51293546492023,1,1,Berpotensi Churn,0.999995,1
DAD-04701,16,1,300000.0,2025-12-15,300000.0,Pulihkan Duka Negeri Indonesia,Transfer,12.611541086966115,1,1,Berpotensi Churn,0.9999893,1
DAD-04702,16,1,100000.0,2025-12-15,100000.0,Pulihkan Duka Negeri Indonesia,Transfer,11.51293546492023,1,1,Berpotensi Churn,0.999995,1
DAD-04703,16,1,200000.0,2025-12-15,200000.0,Pulihkan Duka Negeri Indonesia,Transfer,12.206077645517674,1,1,Berpotensi Churn,0.9999925,1
DAD-04704,16,1,200000.0,2025-12-15,200000.0,Pulihkan Duka Negeri Indonesia,Transfer,12.206077645517674,1,1,Berpotensi Churn,0.9999925,1
DAD-04705,15,1,50000.0,2025-12-16,50000.0,Pulihkan Duka Negeri Indonesia,Transfer,10.819798284210286,1,1,Berpotensi Churn,0.99999726,1
DAD-04706,15,1,100000.0,2025-12-16,100000.0,Pulihkan Duka Negeri Indonesia,Transfer,11.51293546492023,1,1,Berpotensi Churn,0.999995,1
DAD-04707,15,1,25000.0,2025-12-16,25000.0,Pulihkan Duka Negeri Indonesia,Transfer,10.12667110305036,1,1,Berpotensi Churn,0.99999774,1
DAD-04708,15,1,100000.0,2025-12-16,100000.0,Pulihkan Duka Negeri Indonesia,Transfer,11.51293546492023,1,1,Berpotensi Churn,0.999995,1
DAD-04709,15,1,100000.0,2025-12-16,100000.0,Pulihkan Duka Negeri Indonesia,Transfer,11.51293546492023,1,1,Berpotensi Churn,0.999995,1
DAD-04710,15,1,100000.0,2025-12-16,100000.0,Pulihkan Duka Negeri Indonesia,Transfer,11.51293546492023,1,1,Berpotensi Churn,0.999995,1
DAD-04711,14,1,150000.0,2025-12-17,150000.0,Pulihkan Duka Negeri Indonesia,Transfer,11.918397239722838,1,1,Berpotensi Churn,0.99999464,1
DAD-04712,14,1,100000.0,2025-12-17,100000.0,Pulihkan Duka Negeri Indonesia,Transfer,11.51293546492023,1,1,Berpotensi Churn,0.999995,1
DAD-04713,14,1,150000.0,2025-12-17,150000.0,Pulihkan Duka Negeri Indonesia,Transfer,11.918397239722838,1,1,Berpotensi Churn,0.99999464,1
DAD-04714,14,1,25000.0,2025-12-17,25000.0,Pulihkan Duka Negeri Indonesia,Transfer,10.12667110305036,1,1,Berpotensi Churn,0.99999774,1
DAD-04715,14,1,35000.0,2025-12-17,35000.0,Pulihkan Duka Negeri Indonesia,Transfer,10.463131911491967,1,1,Berpotensi Churn,0.99999774,1
DAD-04718,14,1,50000.0,2025-12-17,50000.0,Pulihkan Duka Negeri Indonesia,Transfer,10.819798284210286,1,1,Berpotensi Churn,0.99999726,1
DAD-04719,14,1,50000.0,2025-12-17,50000.0,Pulihkan Duka Negeri Indonesia,Transfer,10.819798284210286,1,1,Berpotensi Churn,0.99999726,1
DAD-04720,13,1,100000.0,2025-12-18,100000.0,Pulihkan Duka Negeri Indonesia,Transfer,11.51293546492023,1,1,Berpotensi Churn,0.999995,1
DAD-04721,13,1,100000.0,2025-12-18,100000.0,Pulihkan Duka Negeri Indonesia,Transfer,11.51293546492023,1,1,Berpotensi Churn,0.999995,1
DAD-04722,13,1,150000.0,2025-12-18,150000.0,Pulihkan Duka Negeri Palestina,Transfer,11.918397239722838,1,1,Berpotensi Churn,0.99999464,1
DAD-04723,13,1,100000.0,2025-12-18,100000.0,Pulihkan Duka Negeri Indonesia,Transfer,11.51293546492023,1,1,Berpotensi Churn,0.999995,1
DAD-04724,13,1,100000.0,2025-12-18,100000.0,Pulihkan Duka Negeri Indonesia,Transfer,11.51293546492023,1,1,Berpotensi Churn,0.999995,1
DAD-04725,13,1,100000.0,2025-12-18,100000.0,Pulihkan Duka Negeri Palestina,Transfer,11.51293546492023,1,1,Berpotensi Churn,0.999995,1
DAD-04726,13,1,50000.0,2025-12-18,50000.0,Pulihkan Duka Negeri Indonesia,Transfer,10.819798284210286,1,1,Berpotensi Churn,0.99999726,1
DAD-04727,13,1,200000.0,2025-12-18,200000.0,Pulihkan Duka Negeri Indonesia,Transfer,12.206077645517674,1,1,Berpotensi Churn,0.9999925,1
DAD-04728,13,1,30000.0,2025-12-18,30000.0,Pulihkan Duka Negeri Indonesia,Transfer,10.308985993422082,1,1,Berpotensi Churn,0.99999774,1
DAD-04729,13,1,100000.0,2025-12-18,100000.0,Pulihkan Duka Negeri Indonesia,Transfer,11.51293546492023,1,1,Berpotensi Churn,0.999995,1
DAD-04730,13,1,250000.0,2025-12-18,250000.0,Pulihkan Duka Negeri Indonesia,Transfer,12.429220196836383,1,1,Berpotensi Churn,0.99999166,1
DAD-04731,13,1,150000.0,2025-12-18,150000.0,Pulihkan Duka Negeri Indonesia,Transfer,11.918397239722838,1,1,Berpotensi Churn,0.99999464,1
DAD-04732,12,2,20000.0,2025-12-19,10000.0,Pulihkan Duka Negeri Indonesia,Transfer,9.90353755128617,1,1,Berpotensi Churn,0.9999968,1
DAD-04733,13,1,50000.0,2025-12-18,50000.0,Pulihkan Duka Negeri Indonesia,Transfer,10.819798284210286,1,1,Berpotensi Churn,0.99999726,1
DAD-04734,12,1,50000.0,2025-12-19,50000.0,Pulihkan Duka Negeri Indonesia,Transfer,10.819798284210286,1,1,Berpotensi Churn,0.99999726,1
DAD-04735,12,1,50000.0,2025-12-19,50000.0,Pulihkan Duka Negeri Indonesia,Transfer,10.819798284210286,1,1,Berpotensi Churn,0.99999726,1
DAD-04736,12,1,50000.0,2025-12-19,50000.0,Pulihkan Duka Negeri Indonesia,Transfer,10.819798284210286,1,1,Berpotensi Churn,0.99999726,1
DAD-04737,12,1,50000.0,2025-12-19,50000.0,Pulihkan Duka Negeri Indonesia,Transfer,10.819798284210286,1,1,Berpotensi Churn,0.99999726,1
DAD-04738,12,1,50000.0,2025-12-19,50000.0,Pulihkan Duka Negeri Indonesia,Transfer,10.819798284210286,1,1,Berpotensi Churn,0.99999726,1
DAD-04739,12,1,50000.0,2025-12-19,50000.0,Pulihkan Duka Negeri Indonesia,Transfer,10.819798284210286,1,1,Berpotensi Churn,0.99999726,1
DAD-04740,12,1,50000.0,2025-12-19,50000.0,Pulihkan Duka Negeri Indonesia,Transfer,10.819798284210286,1,1,Berpotensi Churn,0.99999726,1
DAD-04741,12,2,150000.0,2025-12-19,50000.0,Pulihkan Duka Negeri Indonesia,Transfer,11.918397239722838,1,1,Berpotensi Churn,0.99999225,1
DAD-04742,12,1,100000.0,2025-12-19,100000.0,Pulihkan Duka Negeri Indonesia,Transfer,11.51293546492023,1,1,Berpotensi Churn,0.999995,1
DAD-04743,12,1,25000.0,2025-12-19,25000.0,Pulihkan Duka Negeri Indonesia,Transfer,10.12667110305036,1,1,Berpotensi Churn,0.99999774,1
DAD-04745,12,1,50000.0,2025-12-19,50000.0,Pulihkan Duka Negeri Indonesia,Transfer,10.819798284210286,1,1,Berpotensi Churn,0.99999726,1
DAD-04746,12,1,100000.0,2025-12-19,100000.0,Pulihkan Duka Negeri Indonesia,Transfer,11.51293546492023,1,1,Berpotensi Churn,0.999995,1
DAD-04747,12,1,50000.0,2025-12-19,50000.0,Pulihkan Duka Negeri Indonesia,Transfer,10.819798284210286,1,1,Berpotensi Churn,0.99999726,1
DAD-04748,12,1,100000.0,2025-12-19,100000.0,Pulihkan Duka Negeri Indonesia,Transfer,11.51293546492023,1,1,Berpotensi Churn,0.999995,1
DAD-04749,12,1,100000.0,2025-12-19,100000.0,Pulihkan Duka Negeri Palestina,Transfer,11.51293546492023,1,1,Berpotensi Churn,0.999995,1
DAD-04750,12,1,50000.0,2025-12-19,50000.0,Pulihkan Duka Negeri Palestina,Transfer,10.819798284210286,1,1,Berpotensi Churn,0.99999726,1
DAD-04751,11,1,20000.0,2025-12-20,20000.0,Pulihkan Duka Negeri Indonesia,Transfer,9.90353755128617,1,1,Berpotensi Churn,0.99999774,1
DAD-04752,11,1,100000.0,2025-12-20,100000.0,Pulihkan Duka Negeri Indonesia,Transfer,11.51293546492023,1,1,Berpotensi Churn,0.999995,1
DAD-04753,11,1,20000.0,2025-12-20,20000.0,Pulihkan Duka Negeri Palestina,Transfer,9.90353755128617,1,1,Berpotensi Churn,0.99999774,1
DAD-04754,9,1,300000.0,2025-12-22,300000.0,Pulihkan Duka Negeri Indonesia,Transfer,12.611541086966115,1,1,Berpotensi Churn,0.9999893,1
DAD-04755,9,1,21460.0,2025-12-22,21460.0,Pulihkan Duka Negeri Indonesia,Transfer,9.973992613421482,1,1,Berpotensi Churn,0.99999774,1
DAD-04756,8,1,200000.0,2025-12-23,200000.0,Pulihkan Duka Negeri Indonesia,Transfer,12.206077645517674,1,1,Berpotensi Churn,0.9999925,1
DAD-04757,8,1,100000.0,2025-12-23,100000.0,Pulihkan Duka Negeri Indonesia,Transfer,11.51293546492023,1,1,Berpotensi Churn,0.999995,1
DAD-04758,7,1,100000.0,2025-12-24,100000.0,Pulihkan Duka Negeri Indonesia,Transfer,11.51293546492023,1,1,Berpotensi Churn,0.999995,1
DAD-04759,7,1,50000.0,2025-12-24,50000.0,Pulihkan Duka Negeri Indonesia,Transfer,10.819798284210286,1,1,Berpotensi Churn,0.99999726,1
DAD-04760,7,1,100000.0,2025-12-24,100000.0,Pulihkan Duka Negeri Indonesia,Transfer,11.51293546492023,1,1,Berpotensi Churn,0.999995,1
DAD-04761,7,1,50000.0,2025-12-24,50000.0,Pulihkan Duka Negeri Indonesia,Transfer,10.819798284210286,1,1,Berpotensi Churn,0.99999726,1
DAD-04762,7,1,35000.0,2025-12-24,35000.0,Pulihkan Duka Negeri Indonesia,Transfer,10.463131911491967,1,1,Berpotensi Churn,0.99999774,1
DAD-04763,5,1,50000.0,2025-12-26,50000.0,Pulihkan Duka Negeri Indonesia,Transfer,10.819798284210286,1,1,Berpotensi Churn,0.99999726,1
DAD-04764,5,1,50000.0,2025-12-26,50000.0,Pulihkan Duka Negeri Indonesia,Transfer,10.819798284210286,1,1,Berpotensi Churn,0.99999726,1
DAD-04765,5,1,100000.0,2025-12-26,100000.0,Pulihkan Duka Negeri Indonesia,Transfer,11.51293546492023,1,1,Berpotensi Churn,0.999995,1
DAD-04766,5,1,50000.0,2025-12-26,50000.0,Pulihkan Duka Negeri Indonesia,Transfer,10.819798284210286,1,1,Berpotensi Churn,0.99999726,1
DAD-04767,5,1,50000.0,2025-12-26,50000.0,Pulihkan Duka Negeri Indonesia,Transfer,10.819798284210286,1,1,Berpotensi Churn,0.99999726,1
DAD-04769,5,1,50000.0,2025-12-26,50000.0,Pulihkan Duka Negeri Palestina,Transfer,10.819798284210286,1,1,Berpotensi Churn,0.99999726,1
DAD-04770,5,1,50000.0,2025-12-26,50000.0,Pulihkan Duka Negeri Indonesia,Transfer,10.819798284210286,1,1,Berpotensi Churn,0.99999726,1
DAD-04771,5,1,50000.0,2025-12-26,50000.0,Pulihkan Duka Negeri Indonesia,Transfer,10.819798284210286,1,1,Berpotensi Churn,0.99999726,1
DAD-04772,5,1,50000.0,2025-12-26,50000.0,Pulihkan Duka Negeri Indonesia,Transfer,10.819798284210286,1,1,Berpotensi Churn,0.99999726,1
DAD-04773,5,1,300000.0,2025-12-26,300000.0,Pulihkan Duka Negeri Indonesia,Transfer,12.611541086966115,1,1,Berpotensi Churn,0.9999893,1
DAD-04774,2,4,230000.0,2025-12-29,100000.0,Pulihkan Duka Negeri Palestina,Transfer,12.345838935721968,1,1,Berpotensi Churn,0.99997103,1
DAD-04775,4,1,200000.0,2025-12-27,200000.0,Pulihkan Duka Negeri Indonesia,Transfer,12.206077645517674,1,1,Berpotensi Churn,0.9999925,1
DAD-04776,3,1,30000.0,2025-12-28,30000.0,Pulihkan Duka Negeri Indonesia,Transfer,10.308985993422082,1,1,Berpotensi Churn,0.99999774,1
DAD-04777,3,1,100000.0,2025-12-28,100000.0,Pulihkan Duka Negeri Indonesia,Transfer,11.51293546492023,1,1,Berpotensi Churn,0.999995,1
DAD-04778,3,1,30000.0,2025-12-28,30000.0,Pulihkan Duka Negeri Palestina,Transfer,10.308985993422082,1,1,Berpotensi Churn,0.99999774,1
DAD-04779,2,1,300000.0,2025-12-29,300000.0,Pulihkan Duka Negeri Indonesia,Transfer,12.611541086966115,1,1,Berpotensi Churn,0.9999893,1
DAD-04780,2,1,50000.0,2025-12-29,50000.0,Pulihkan Duka Negeri Palestina,Transfer,10.819798284210286,1,1,Berpotensi Churn,0.99999726,1
DAD-04781,1,1,50000.0,2025-12-30,50000.0,Pulihkan Duka Negeri Indonesia,Transfer,10.819798284210286,1,1,Berpotensi Churn,0.99999726,1
DAD-04782,1,1,100000.0,2025-12-30,100000.0,Pulihkan Duka Negeri Indonesia,Transfer,11.51293546492023,1,1,Berpotensi Churn,0.999995,1
DAD-04783,0,1,100000.0,2025-12-31,100000.0,Pulihkan Duka Negeri Indonesia,Transfer,11.51293546492023,1,1,Berpotensi Churn,0.999995,1
DAD-04784,0,1,100000.0,2025-12-31,100000.0,Pulihkan Duka Negeri Indonesia,Transfer,11.51293546492023,1,1,Berpotensi Churn,0.999995,1
DAD-04785,0,1,100000.0,2025-12-31,100000.0,Pulihkan Duka Negeri Indonesia,Transfer,11.51293546492023,1,1,Berpotensi Churn,0.999995,1
DAD-04786,0,1,25000.0,2025-12-31,25000.0,Pulihkan Duka Negeri Indonesia,Transfer,10.12667110305036,1,1,Berpotensi Churn,0.99999774,1
DAD-04787,0,1,100000.0,2025-12-31,100000.0,Pulihkan Duka Negeri Indonesia,Transfer,11.51293546492023,1,1,Berpotensi Churn,0.999995,1
DAD-04788,0,1,50000.0,2025-12-31,50000.0,Syiar Qur'an Indonesia,Transfer,10.819798284210286,1,1,Berpotensi Churn,0.99999726,1
DAD-04789,0,1,100000.0,2025-12-31,100000.0,Pulihkan Duka Negeri Indonesia,Transfer,11.51293546492023,1,1,Berpotensi Churn,0.999995,1
DAD-04790,0,1,50000.0,2025-12-31,50000.0,Pulihkan Duka Negeri Palestina,Transfer,10.819798284210286,1,1,Berpotensi Churn,0.99999726,1
DAD-04791,0,1,25000.0,2025-12-31,25000.0,Pulihkan Duka Negeri Palestina,Transfer,10.12667110305036,1,1,Berpotensi Churn,0.99999774,1
DAD-04792,0,1,50000.0,2025-12-31,50000.0,Pulihkan Duka Negeri Indonesia,Transfer,10.819798284210286,1,1,Berpotensi Churn,0.99999726,1
